year,age,years_homeless,gender,race,mental_health,substance_use,outdoor_sleeping,chronic_homeless,shelter_type,youth,indigenous_flag,lgbtq,immigrant,foster_care_history,incarceration_history,no_income,housing_loss_income,housing_loss_health
2018,50.2,1.44,male,white,0,0,0,1,emergency_shelter,0,0,1,0,1,1,0,0,0
2018,41.3,3.26,male,white,0,0,0,1,emergency_shelter,0,0,0,0,0,0,0,0,0
2018,52.3,30.0,male,white,0,0,0,1,emergency_shelter,0,0,0,0,0,0,0,0,1
2018,64.6,1.81,male,white,0,0,0,1,emergency_shelter,0,0,0,0,0,0,1,0,0
2018,40.0,5.41,male,white,0,0,0,1,emergency_shelter,0,0,0,0,0,0,0,0,0
2018,40.0,7.4,male,white,0,0,0,1,respite,0,0,0,0,0,0,1,1,1
2018,65.4,1.79,male,white,0,0,0,1,respite,0,0,0,0,0,1,0,1,0
2018,54.0,6.53,male,white,0,0,0,1,emergency_shelter,0,0,0,0,0,1,1,0,0
2018,36.7,2.43,male,white,0,0,0,1,emergency_shelter,0,0,0,0,0,0,0,0,0
2018,50.9,4.79,male,white,0,0,0,1,emergency_shelter,0,0,0,0,0,1,0,0,0
2018,36.8,4.81,male,white,0,0,0,1,emergency_shelter,0,0,0,0,0,0,0,0,0
2018,36.8,3.67,male,white,0,0,0,1,emergency_shelter,0,0,0,0,0,0,0,0,0
2018,46.7,1.26,male,white,0,0,0,1,emergency_shelter,0,0,0,0,0,0,0,0,0
2018,16.5,10.31,male,white,0,0,0,1,respite,1,0,0,1,0,0,0,1,0
2018,19.1,2.18,male,white,0,0,0,1,emergency_shelter,1,0,0,0,0,0,0,0,0
2018,35.4,1.59,male,white,0,0,0,1,emergency_shelter,0,0,0,0,0,0,0,0,0
2018,29.1,1.11,male,white,0,0,0,1,emergency_shelter,0,0,1,0,0,0,0,1,0
2018,47.7,4.26,male,white,0,0,0,1,emergency_shelter,0,0,0,0,0,1,1,1,0
2018,30.6,5.51,male,white,0,0,0,1,emergency_shelter,0,0,0,0,1,0,0,1,1
2018,23.5,1.04,male,white,0,0,0,1,emergency_shelter,1,0,0,0,0,0,0,1,0
2018,63.8,3.45,male,white,0,0,0,1,emergency_shelter,0,0,1,0,0,0,0,1,0
2018,40.1,1.75,male,white,0,0,0,1,emergency_shelter,0,0,0,0,0,1,0,0,0
2018,44.2,4.98,male,white,0,0,0,1,emergency_shelter,0,0,0,0,0,0,0,1,1
2018,23.3,1.55,male,white,0,0,0,1,emergency_shelter,1,0,1,0,0,0,0,1,0
2018,35.7,5.75,male,white,0,0,0,1,emergency_shelter,0,0,0,0,0,0,0,0,0
2018,44.8,2.54,male,white,0,0,0,1,respite,0,0,0,0,1,0,0,1,0
2018,27.2,22.19,male,white,0,0,0,1,emergency_shelter,0,0,0,0,1,1,0,1,1
2018,48.5,1.41,male,white,0,0,0,1,emergency_shelter,0,0,1,0,0,0,0,1,0
2018,34.9,2.28,male,white,0,0,0,1,emergency_shelter,0,0,0,1,1,1,0,0,1
2018,39.2,1.33,male,white,0,0,0,1,emergency_shelter,0,0,0,0,0,1,0,0,0
2018,34.8,19.43,male,white,0,0,0,1,emergency_shelter,0,0,0,0,0,1,0,1,0
2018,69.2,13.2,male,white,0,0,0,1,emergency_shelter,0,0,1,0,1,1,1,0,0
2018,43.1,1.88,male,white,0,0,0,1,emergency_shelter,0,0,0,0,0,1,0,1,0
2018,28.5,5.21,male,white,0,0,0,1,emergency_shelter,0,0,0,0,0,0,0,0,0
2018,54.8,9.42,male,white,0,0,0,1,emergency_shelter,0,0,0,0,0,1,0,1,0
2018,26.2,3.86,male,white,0,0,0,1,emergency_shelter,0,0,0,1,0,1,0,0,1
2018,46.2,3.61,male,white,0,0,0,1,emergency_shelter,0,0,0,0,0,0,0,1,0
2018,15.8,1.81,male,white,0,0,0,1,emergency_shelter,1,0,0,1,0,0,0,0,0
2018,24.7,1.27,male,white,0,0,0,1,other,1,0,0,0,1,0,0,1,0
2018,46.0,15.23,male,white,0,0,0,1,emergency_shelter,0,0,1,0,0,1,0,0,0
2018,53.6,15.62,male,white,0,0,0,1,emergency_shelter,0,0,0,0,0,0,0,0,0
2018,45.7,4.8,male,white,0,0,0,1,emergency_shelter,0,0,0,0,0,0,0,0,0
2018,41.7,2.27,male,white,0,0,0,1,emergency_shelter,0,0,0,0,0,1,0,1,0
2018,39.1,2.33,male,white,0,0,0,1,emergency_shelter,0,0,0,0,0,0,1,0,0
2018,22.6,6.48,male,white,0,0,0,1,emergency_shelter,1,0,0,0,0,0,0,0,0
2018,33.2,15.22,male,white,0,0,0,1,emergency_shelter,0,0,0,0,0,0,0,0,0
2018,36.8,14.12,male,white,0,0,0,1,other,0,0,0,0,0,0,0,0,0
2018,58.1,7.97,male,white,0,0,0,1,respite,0,0,0,0,0,0,0,0,0
2018,48.1,4.93,male,white,0,0,0,1,emergency_shelter,0,0,0,1,0,0,1,0,1
2018,18.6,1.24,male,white,0,0,0,1,emergency_shelter,1,0,0,0,1,0,0,0,0
2018,47.8,1.5,male,white,0,0,0,1,emergency_shelter,0,0,0,0,1,0,0,0,0
2018,37.9,15.39,male,white,0,0,0,1,emergency_shelter,0,0,0,1,0,0,0,0,0
2018,33.8,4.45,male,white,0,0,0,1,emergency_shelter,0,0,0,0,0,0,1,1,0
2018,51.8,1.02,male,white,0,0,0,1,emergency_shelter,0,0,0,1,0,0,1,0,0
2018,57.7,1.3,male,white,0,0,0,1,emergency_shelter,0,0,0,0,0,0,1,0,0
2018,56.3,5.27,male,white,0,0,0,1,emergency_shelter,0,0,0,0,0,0,0,0,1
2018,31.5,1.01,male,white,0,0,0,1,emergency_shelter,0,0,0,0,1,0,0,0,0
2018,38.9,1.5,male,white,0,0,0,1,other,0,0,0,1,0,1,0,1,0
2018,47.9,3.8,male,white,0,0,0,1,emergency_shelter,0,0,0,1,0,0,0,1,0
2018,56.9,5.77,male,white,0,0,0,1,emergency_shelter,0,0,0,0,0,0,0,0,0
2018,36.6,5.08,male,white,0,0,0,1,emergency_shelter,0,0,0,0,0,0,0,0,0
2018,40.7,1.74,male,white,0,0,0,1,emergency_shelter,0,0,0,0,1,1,0,1,0
2018,27.8,6.18,male,white,0,0,0,1,emergency_shelter,0,0,0,0,0,0,0,0,0
2018,26.5,1.79,male,white,0,0,0,1,emergency_shelter,0,0,1,0,1,0,0,1,1
2018,54.6,2.2,male,white,0,0,0,1,emergency_shelter,0,0,0,1,0,0,0,0,1
2018,62.3,6.99,male,white,0,0,0,1,emergency_shelter,0,0,0,0,0,0,0,1,0
2018,42.3,5.05,male,white,0,0,0,1,emergency_shelter,0,0,0,0,0,0,0,1,0
2018,57.3,11.12,male,white,0,0,0,1,emergency_shelter,0,0,0,1,0,0,1,0,0
2018,48.3,5.17,male,white,0,0,0,1,emergency_shelter,0,0,0,0,0,1,0,0,0
2018,34.2,4.0,male,white,0,0,0,1,respite,0,0,0,0,0,0,0,0,0
2018,48.3,1.27,male,white,0,0,0,1,emergency_shelter,0,0,0,0,0,0,0,1,0
2018,64.8,2.43,male,white,0,0,0,1,emergency_shelter,0,0,0,1,0,0,0,1,0
2018,42.8,1.91,male,white,0,0,0,1,emergency_shelter,0,0,0,0,0,0,0,0,0
2018,65.2,1.82,male,white,0,0,0,1,emergency_shelter,0,0,0,0,0,0,0,0,0
2018,15.0,30.0,male,white,0,0,0,1,emergency_shelter,1,0,0,0,0,1,0,0,0
2018,54.8,2.58,male,white,0,0,0,1,emergency_shelter,0,0,0,0,0,1,1,0,0
2018,44.5,14.64,male,white,0,0,0,1,emergency_shelter,0,0,0,0,0,1,0,0,1
2018,39.1,4.78,male,white,0,0,0,1,emergency_shelter,0,0,0,0,0,0,0,1,0
2018,44.6,8.5,male,white,0,0,0,1,emergency_shelter,0,0,0,1,0,0,0,0,0
2018,15.4,3.37,male,white,0,0,0,1,emergency_shelter,1,0,0,0,1,1,0,0,0
2018,40.2,4.1,male,white,0,0,0,1,emergency_shelter,0,0,0,1,0,0,0,0,0
2018,48.3,3.29,male,white,0,0,0,1,emergency_shelter,0,0,0,1,0,1,0,1,0
2018,64.0,1.62,male,white,0,0,0,1,emergency_shelter,0,0,0,0,0,0,1,0,0
2018,36.0,6.4,male,white,0,0,0,1,emergency_shelter,0,0,0,1,0,0,0,1,0
2018,32.0,1.98,male,white,0,0,0,1,respite,0,0,0,0,0,0,1,1,0
2018,36.2,1.07,male,white,0,0,0,1,emergency_shelter,0,0,0,1,0,0,0,1,0
2018,56.1,4.99,male,white,0,0,0,1,emergency_shelter,0,0,0,0,1,0,0,0,0
2018,47.9,1.56,male,white,0,0,0,1,emergency_shelter,0,0,0,0,0,0,0,1,0
2018,35.9,23.23,male,white,0,0,0,1,emergency_shelter,0,0,1,0,1,1,1,0,0
2018,50.5,28.12,male,white,0,0,0,1,emergency_shelter,0,0,0,1,0,0,0,1,0
2018,44.6,17.67,male,white,0,0,0,1,emergency_shelter,0,0,0,0,0,0,0,1,0
2018,56.8,2.44,male,white,0,0,0,1,other,0,0,0,0,0,0,0,0,0
2018,33.4,1.04,male,white,0,0,0,1,emergency_shelter,0,0,0,1,0,0,0,1,0
2018,38.7,20.18,male,white,0,0,0,1,emergency_shelter,0,0,0,1,1,0,0,0,0
2018,37.8,2.81,male,white,0,0,0,1,emergency_shelter,0,0,0,0,0,1,1,1,1
2018,22.8,30.0,male,white,0,0,0,1,emergency_shelter,1,0,0,0,0,0,0,0,0
2018,47.4,30.0,male,white,0,0,0,1,emergency_shelter,0,0,0,0,1,1,0,0,1
2018,46.9,11.36,male,white,0,0,0,1,other,0,0,0,1,0,0,0,0,0
2018,43.3,2.05,male,white,0,0,0,1,emergency_shelter,0,0,1,1,0,1,1,1,1
2018,40.0,2.53,male,white,0,0,0,1,other,0,0,1,0,0,0,1,0,0
2018,23.5,11.24,male,white,0,0,0,1,respite,1,0,0,0,0,0,0,0,0
2018,37.4,2.16,male,white,0,0,0,1,emergency_shelter,0,0,0,0,0,0,1,0,0
2018,38.5,1.53,male,white,0,0,0,1,emergency_shelter,0,0,0,0,0,1,0,1,0
2018,32.0,3.88,male,white,0,0,0,1,emergency_shelter,0,0,0,0,0,1,1,0,0
2018,41.0,22.04,male,white,0,0,0,1,emergency_shelter,0,0,0,0,0,0,0,0,1
2018,48.9,5.85,male,white,0,0,0,1,emergency_shelter,0,0,0,0,0,0,0,1,1
2018,69.7,4.02,male,white,0,0,0,1,emergency_shelter,0,0,0,0,0,0,0,0,0
2018,45.7,1.28,male,white,0,0,0,1,emergency_shelter,0,0,1,0,1,0,0,0,0
2018,46.9,4.56,male,white,0,0,0,1,emergency_shelter,0,0,1,0,0,1,1,1,1
2018,42.2,30.0,male,white,0,0,0,1,respite,0,0,0,0,0,0,0,1,0
2018,16.4,1.42,male,white,0,0,0,1,emergency_shelter,1,0,0,0,0,0,0,1,0
2018,42.9,3.51,male,white,0,0,0,1,emergency_shelter,0,0,0,0,0,0,1,0,0
2018,44.1,13.21,male,white,0,0,0,1,emergency_shelter,0,0,0,0,0,0,0,0,0
2018,77.8,6.84,male,white,0,0,0,1,emergency_shelter,0,0,0,0,0,0,0,0,0
2018,40.6,5.87,male,white,0,0,0,1,emergency_shelter,0,0,0,0,0,0,0,0,1
2018,47.5,1.33,male,other,1,0,0,1,emergency_shelter,0,0,0,0,0,0,0,0,0
2018,55.9,5.4,male,other,1,0,0,1,emergency_shelter,0,0,0,1,0,0,0,1,0
2018,47.6,3.53,male,other,1,0,0,1,emergency_shelter,0,0,0,0,0,0,0,1,0
2018,54.7,7.73,male,other,1,0,0,1,emergency_shelter,0,0,0,0,0,0,1,1,0
2018,52.1,3.53,male,other,1,0,0,1,emergency_shelter,0,0,0,1,0,0,0,1,0
2018,31.7,11.31,male,other,1,0,0,1,emergency_shelter,0,0,0,0,0,0,0,0,0
2018,35.4,3.83,male,other,1,0,0,1,emergency_shelter,0,0,0,0,1,0,1,1,0
2018,53.7,3.92,male,other,1,0,0,1,respite,0,0,0,1,0,0,1,0,0
2018,51.8,13.14,male,other,1,0,0,1,emergency_shelter,0,0,0,0,0,0,0,1,0
2018,43.0,2.64,male,other,1,0,0,1,emergency_shelter,0,0,0,1,0,0,0,0,0
2018,44.9,1.4,male,other,1,0,0,1,emergency_shelter,0,0,0,1,0,0,0,1,0
2018,61.2,1.08,male,other,1,0,0,1,other,0,0,0,0,0,0,0,0,0
2018,35.0,7.22,male,other,1,0,0,1,emergency_shelter,0,0,1,0,0,0,0,0,0
2018,50.9,4.63,male,other,1,0,0,1,emergency_shelter,0,0,0,0,0,0,0,1,0
2018,40.4,6.01,male,other,1,0,0,1,other,0,0,0,1,0,0,0,0,0
2018,40.2,1.69,male,other,1,0,0,1,respite,0,0,0,1,0,0,1,1,0
2018,58.7,1.41,male,other,1,0,0,1,emergency_shelter,0,0,1,0,0,0,0,0,0
2018,54.8,1.04,male,other,1,0,0,1,emergency_shelter,0,0,0,0,0,0,0,1,0
2018,54.7,2.33,male,other,1,0,0,1,emergency_shelter,0,0,0,0,0,1,0,0,1
2018,61.5,4.25,male,other,1,0,0,1,emergency_shelter,0,0,0,0,0,0,0,0,0
2018,43.6,2.57,male,other,1,0,0,1,respite,0,0,0,0,0,0,0,0,0
2018,52.8,2.87,male,other,1,0,0,1,emergency_shelter,0,0,0,0,0,1,1,1,0
2018,38.9,16.1,male,other,1,0,0,1,emergency_shelter,0,0,0,0,0,1,0,0,0
2018,47.8,2.32,male,other,1,0,0,1,emergency_shelter,0,0,0,0,0,0,0,1,0
2018,41.4,3.47,male,other,1,0,0,1,emergency_shelter,0,0,0,0,1,0,1,1,0
2018,44.6,8.1,male,other,1,0,0,1,emergency_shelter,0,0,0,1,0,0,0,0,0
2018,51.6,2.6,male,other,1,0,0,1,emergency_shelter,0,0,0,0,0,0,0,1,0
2018,31.8,4.65,male,other,1,0,0,1,emergency_shelter,0,0,0,0,0,0,1,1,0
2018,72.6,12.01,male,other,1,0,0,1,emergency_shelter,0,0,0,0,0,0,0,0,0
2018,29.2,26.29,male,other,1,0,0,1,emergency_shelter,0,0,0,0,0,1,0,1,0
2018,26.3,1.45,male,other,1,0,0,1,emergency_shelter,0,0,0,0,0,0,0,0,0
2018,59.5,19.81,male,other,1,0,0,1,emergency_shelter,0,0,0,1,0,0,0,1,0
2018,54.4,3.28,male,other,1,0,0,1,emergency_shelter,0,0,0,1,0,0,0,1,0
2018,52.0,1.88,male,other,1,0,0,1,emergency_shelter,0,0,0,0,0,0,0,0,0
2018,52.1,3.03,male,other,1,0,0,1,emergency_shelter,0,0,0,0,0,1,0,0,1
2018,43.1,30.0,male,other,1,0,0,1,emergency_shelter,0,0,0,0,0,0,0,0,1
2018,30.7,3.29,male,other,1,0,0,1,emergency_shelter,0,0,0,1,0,0,0,0,0
2018,44.3,2.22,male,other,1,0,0,1,emergency_shelter,0,0,0,0,0,0,0,1,0
2018,33.8,4.81,male,other,1,0,0,1,emergency_shelter,0,0,0,0,0,0,0,1,0
2018,56.9,1.8,male,other,1,0,0,1,emergency_shelter,0,0,0,0,1,0,0,0,0
2018,41.2,1.22,male,other,1,0,0,1,emergency_shelter,0,0,0,0,0,0,1,1,0
2018,31.7,1.39,male,other,1,0,0,1,other,0,0,0,0,1,0,0,0,0
2018,38.8,1.38,male,other,1,0,0,1,emergency_shelter,0,0,0,1,0,0,0,1,0
2018,49.1,1.46,male,other,1,0,0,1,emergency_shelter,0,0,0,1,1,1,0,0,0
2018,35.4,1.42,male,other,1,0,0,1,emergency_shelter,0,0,0,0,0,1,0,0,0
2018,31.8,4.92,male,other,1,0,0,1,emergency_shelter,0,0,0,0,0,0,0,0,0
2018,46.7,1.57,male,other,1,0,0,1,emergency_shelter,0,0,0,0,0,0,0,0,1
2018,46.7,2.31,male,other,1,0,0,1,emergency_shelter,0,0,0,0,0,0,0,0,1
2018,36.2,15.18,male,other,1,0,0,1,emergency_shelter,0,0,0,0,0,0,0,0,0
2018,36.7,3.14,male,other,1,0,0,1,emergency_shelter,0,0,0,1,0,0,1,0,0
2018,46.5,5.34,male,other,1,0,0,1,emergency_shelter,0,0,0,0,0,0,0,1,0
2018,23.0,1.54,male,other,1,0,0,1,respite,1,0,0,0,0,0,0,1,0
2018,23.6,1.61,male,other,1,0,0,1,respite,1,0,0,0,0,0,0,0,0
2018,33.2,1.11,male,other,1,0,0,1,other,0,0,0,1,0,0,0,0,0
2018,40.3,1.53,male,other,1,0,0,1,emergency_shelter,0,0,0,0,1,0,0,0,0
2018,47.6,1.97,male,other,1,0,0,1,emergency_shelter,0,0,0,0,0,0,0,0,1
2018,63.9,1.55,male,other,1,0,0,1,other,0,0,0,0,0,0,0,0,1
2018,55.3,1.26,male,other,1,0,0,1,emergency_shelter,0,0,1,0,0,0,0,1,0
2018,41.0,1.36,male,other,1,0,0,1,emergency_shelter,0,0,0,1,0,0,0,0,0
2018,43.0,3.04,male,other,1,0,0,1,emergency_shelter,0,0,0,1,0,0,1,1,0
2018,29.2,1.67,male,other,1,0,0,1,emergency_shelter,0,0,0,0,0,0,0,1,0
2018,43.0,2.41,male,other,1,0,0,1,respite,0,0,1,0,0,0,0,0,0
2018,39.2,3.38,male,other,1,0,0,1,emergency_shelter,0,0,0,0,0,0,0,1,0
2018,47.8,5.74,male,other,1,0,0,1,emergency_shelter,0,0,0,0,0,0,0,0,0
2018,31.7,1.11,male,other,1,0,0,1,emergency_shelter,0,0,0,1,1,0,0,0,1
2018,50.5,8.67,male,other,1,0,0,1,emergency_shelter,0,0,0,0,0,0,0,0,0
2018,64.7,4.73,male,other,1,0,0,1,emergency_shelter,0,0,0,0,1,0,0,0,0
2018,41.7,1.23,male,other,1,0,0,1,emergency_shelter,0,0,0,0,0,0,0,0,1
2018,48.9,12.88,male,other,1,0,0,1,emergency_shelter,0,0,0,1,0,1,1,1,0
2018,52.9,18.7,male,other,1,0,0,1,emergency_shelter,0,0,0,0,0,0,0,0,0
2018,37.7,1.17,male,other,1,0,0,1,emergency_shelter,0,0,1,0,0,0,0,1,0
2018,46.4,1.96,male,other,1,0,0,1,respite,0,0,0,0,0,0,0,0,0
2018,43.4,8.94,male,other,1,0,0,1,emergency_shelter,0,0,0,0,0,0,0,0,0
2018,44.6,7.03,male,other,1,0,0,1,emergency_shelter,0,0,0,0,1,1,0,1,0
2018,32.4,1.58,male,other,1,0,0,1,emergency_shelter,0,0,0,0,0,0,0,1,1
2018,43.6,1.68,male,other,1,0,0,1,emergency_shelter,0,0,0,0,0,0,0,1,1
2018,50.2,2.45,male,other,1,0,0,1,emergency_shelter,0,0,0,0,1,0,0,0,1
2018,63.6,3.22,male,other,1,0,0,1,emergency_shelter,0,0,0,0,0,0,0,1,0
2018,56.7,4.6,male,other,1,0,0,1,emergency_shelter,0,0,0,1,0,0,0,0,0
2018,73.4,2.44,male,other,1,0,0,1,emergency_shelter,0,0,0,1,0,0,0,0,0
2018,32.5,3.05,male,other,1,0,0,1,emergency_shelter,0,0,0,0,0,0,0,0,0
2018,55.5,7.01,male,other,1,0,0,1,respite,0,0,0,0,1,0,0,0,1
2018,45.8,1.1,male,other,1,0,0,1,emergency_shelter,0,0,0,0,0,0,0,0,0
2018,73.9,1.86,male,other,1,0,0,1,emergency_shelter,0,0,0,0,0,0,0,0,1
2018,32.0,6.2,male,other,1,0,0,1,respite,0,0,0,0,0,0,0,0,0
2018,31.5,15.0,male,other,1,0,0,1,emergency_shelter,0,0,0,0,0,0,0,1,0
2018,34.9,3.45,male,other,1,0,0,1,emergency_shelter,0,0,0,1,0,0,1,1,0
2018,15.0,3.64,male,other,1,0,0,1,other,1,0,0,0,0,1,0,0,0
2018,35.9,1.31,male,other,1,0,0,1,emergency_shelter,0,0,0,0,0,0,0,1,0
2018,32.6,2.94,male,other,1,0,0,1,emergency_shelter,0,0,0,1,0,0,1,1,0
2018,45.4,3.64,male,other,1,0,0,1,emergency_shelter,0,0,0,0,1,1,1,0,0
2018,48.1,1.81,male,other,1,0,0,1,emergency_shelter,0,0,0,0,0,0,0,0,0
2018,69.5,1.93,male,other,1,0,0,1,emergency_shelter,0,0,0,0,0,0,0,0,0
2018,56.6,2.49,male,other,1,0,0,1,emergency_shelter,0,0,0,0,1,0,1,1,1
2018,35.2,1.05,male,other,1,0,0,1,respite,0,0,0,0,0,0,0,0,0
2018,30.7,2.18,male,other,1,0,0,1,emergency_shelter,0,0,0,0,0,0,0,1,0
2018,50.2,1.69,male,other,1,0,0,1,emergency_shelter,0,0,0,0,0,0,0,0,0
2018,24.8,2.21,male,other,1,0,0,1,emergency_shelter,1,0,0,1,0,1,0,0,0
2018,68.9,1.36,male,other,1,0,0,1,emergency_shelter,0,0,0,0,0,0,1,0,0
2018,59.8,14.48,male,other,1,0,0,1,emergency_shelter,0,0,0,0,1,1,0,0,0
2018,36.7,4.29,male,other,1,0,0,1,emergency_shelter,0,0,0,0,0,0,1,1,0
2018,19.3,5.53,male,other,1,0,0,1,emergency_shelter,1,0,0,0,0,0,0,0,1
2018,62.2,8.29,male,other,1,0,0,1,emergency_shelter,0,0,0,0,0,0,0,1,0
2018,41.7,3.34,male,other,1,0,0,1,respite,0,0,0,0,0,0,0,1,0
2018,60.6,1.25,male,other,1,0,0,1,emergency_shelter,0,0,0,1,0,0,0,0,0
2018,20.9,3.68,male,other,1,0,0,1,respite,1,0,0,0,0,0,0,0,0
2018,34.9,4.21,male,other,1,0,0,1,emergency_shelter,0,0,0,0,0,0,0,0,0
2018,43.3,6.96,male,other,1,0,0,1,respite,0,0,0,0,0,1,0,0,0
2018,43.9,2.83,male,other,1,0,0,1,emergency_shelter,0,0,1,0,1,1,0,0,1
2018,37.0,1.38,male,other,1,0,0,1,emergency_shelter,0,0,0,0,0,0,0,0,0
2018,52.0,2.0,male,other,1,0,0,1,emergency_shelter,0,0,0,0,0,0,0,0,0
2018,28.3,2.4,male,other,1,0,0,1,emergency_shelter,0,0,0,0,0,0,0,1,0
2018,41.3,4.99,male,other,1,0,0,1,emergency_shelter,0,0,0,1,0,0,1,0,0
2018,45.0,4.03,male,other,1,0,0,1,emergency_shelter,0,0,0,0,1,1,0,0,1
2018,50.5,2.36,male,other,1,0,0,1,emergency_shelter,0,0,0,1,0,1,0,0,0
2018,53.2,30.0,male,other,1,0,0,1,emergency_shelter,0,0,1,0,0,1,0,0,0
2018,27.5,4.44,male,other,1,0,0,1,emergency_shelter,0,0,1,0,0,0,0,1,1
2018,21.8,1.79,male,other,1,0,0,1,emergency_shelter,1,0,0,0,0,1,0,0,0
2018,61.2,4.21,male,other,0,0,0,1,other,0,0,0,0,0,0,0,1,0
2018,32.4,1.52,male,other,0,0,0,1,respite,0,0,0,0,0,0,0,0,0
2018,25.8,6.74,male,other,0,0,0,1,emergency_shelter,0,0,0,1,0,0,1,1,0
2018,18.4,12.04,male,other,0,0,0,1,emergency_shelter,1,0,0,1,0,0,0,1,0
2018,64.2,1.71,male,other,0,0,0,1,emergency_shelter,0,0,0,0,0,0,0,0,0
2018,52.4,1.28,male,other,0,0,0,1,emergency_shelter,0,0,0,0,0,0,0,0,0
2018,42.5,1.06,male,other,0,0,0,1,respite,0,0,0,0,0,0,0,0,0
2018,47.2,4.93,male,other,0,0,0,1,emergency_shelter,0,0,0,0,0,1,1,1,1
2018,27.5,4.46,male,other,0,0,0,1,emergency_shelter,0,0,0,0,1,1,1,0,0
2018,77.5,3.78,male,other,0,0,0,1,emergency_shelter,0,0,0,0,0,0,0,1,0
2018,45.1,1.77,male,other,0,0,0,1,emergency_shelter,0,0,0,0,0,0,1,0,0
2018,44.8,2.57,male,other,0,0,0,1,emergency_shelter,0,0,0,0,0,0,0,1,0
2018,53.4,4.3,male,other,0,0,0,1,respite,0,0,0,0,0,0,0,0,0
2018,50.0,3.32,male,other,0,0,0,1,emergency_shelter,0,0,0,1,0,0,0,1,0
2018,46.4,30.0,male,other,0,0,0,1,emergency_shelter,0,0,0,0,0,0,0,1,0
2018,32.2,1.41,male,other,0,0,0,1,other,0,0,1,0,0,0,0,1,0
2018,49.9,5.83,male,other,0,0,0,1,emergency_shelter,0,0,0,0,0,0,0,0,0
2018,69.6,2.65,male,other,0,0,0,1,emergency_shelter,0,0,0,1,0,0,1,1,1
2018,62.1,2.81,male,other,0,0,0,1,emergency_shelter,0,0,0,0,0,1,0,1,0
2018,65.6,6.29,male,other,0,0,0,1,emergency_shelter,0,0,0,0,0,0,0,1,0
2018,36.1,5.78,male,other,0,0,0,1,respite,0,0,0,0,0,0,0,0,0
2018,29.4,30.0,male,other,0,0,0,1,emergency_shelter,0,0,0,0,0,1,0,1,0
2018,41.5,1.38,male,other,0,0,0,1,respite,0,0,0,0,0,0,1,1,1
2018,44.1,1.3,male,other,0,0,0,1,emergency_shelter,0,0,0,0,0,0,0,1,1
2018,58.6,6.44,male,other,0,0,0,1,respite,0,0,0,0,0,1,1,0,0
2018,19.6,4.11,male,other,0,0,0,1,emergency_shelter,1,0,0,0,0,0,0,0,0
2018,64.7,1.95,male,other,0,0,0,1,emergency_shelter,0,0,0,0,0,0,0,0,0
2018,41.1,1.23,male,other,0,0,0,1,emergency_shelter,0,0,0,1,0,1,1,0,0
2018,37.3,1.25,male,other,0,0,0,1,other,0,0,0,0,1,0,1,0,0
2018,29.1,14.88,male,other,0,0,0,1,emergency_shelter,0,0,0,0,0,1,0,1,0
2018,20.1,1.61,male,other,0,0,0,1,emergency_shelter,1,0,0,0,0,0,0,0,0
2018,54.8,2.19,male,other,0,0,0,1,respite,0,0,0,0,0,0,0,1,0
2018,44.3,1.75,male,other,0,0,0,1,emergency_shelter,0,0,0,0,0,1,0,1,0
2018,25.2,2.36,male,other,0,0,0,1,respite,0,0,0,1,1,1,1,0,0
2018,25.1,1.2,male,other,0,0,0,1,emergency_shelter,0,0,0,1,0,1,1,1,1
2018,38.6,3.52,male,other,0,0,0,1,emergency_shelter,0,0,0,0,0,0,0,0,0
2018,66.6,1.19,male,other,0,0,0,1,emergency_shelter,0,0,0,0,0,1,0,0,0
2018,39.6,8.71,male,other,0,0,0,1,emergency_shelter,0,0,1,0,0,0,0,1,0
2018,22.2,1.78,male,other,0,0,0,1,emergency_shelter,1,0,0,0,0,0,0,0,0
2018,39.8,3.71,male,other,0,0,0,1,emergency_shelter,0,0,1,1,0,1,0,0,0
2018,39.5,13.45,male,other,0,0,0,1,emergency_shelter,0,0,0,0,0,1,0,0,1
2018,15.0,5.07,male,other,0,0,0,1,emergency_shelter,1,0,1,0,1,0,0,1,0
2018,42.5,3.64,male,other,0,0,0,1,emergency_shelter,0,0,0,0,0,0,0,0,0
2018,40.0,2.19,male,other,0,0,0,1,emergency_shelter,0,0,0,1,1,0,1,1,0
2018,53.0,2.24,male,other,0,0,0,1,emergency_shelter,0,0,0,0,0,0,0,0,0
2018,69.2,5.37,male,other,0,0,0,1,emergency_shelter,0,0,0,0,0,1,0,1,0
2018,59.0,30.0,male,other,0,0,0,1,emergency_shelter,0,0,0,0,1,0,0,0,0
2018,39.5,5.24,male,other,0,0,0,1,respite,0,0,0,0,0,0,0,0,0
2018,27.8,3.89,male,other,0,0,0,1,respite,0,0,0,0,0,0,1,1,0
2018,79.3,6.59,male,other,0,0,0,1,emergency_shelter,0,0,0,0,0,1,0,0,0
2018,44.1,3.07,male,other,0,0,0,1,emergency_shelter,0,0,0,0,1,0,0,0,0
2018,43.5,1.17,male,other,0,0,0,1,respite,0,0,1,1,0,0,0,1,0
2018,42.9,3.94,male,other,0,0,0,1,emergency_shelter,0,0,0,0,0,0,0,1,0
2018,46.0,29.91,male,other,0,0,0,1,emergency_shelter,0,0,0,1,0,0,0,1,0
2018,41.3,1.55,male,other,0,0,0,1,emergency_shelter,0,0,0,0,0,0,0,0,0
2018,35.2,5.73,male,other,0,0,0,1,emergency_shelter,0,0,0,0,0,0,0,0,0
2018,35.6,1.65,male,other,0,0,0,1,emergency_shelter,0,0,0,0,0,1,0,0,0
2018,42.8,3.67,male,other,0,0,0,1,emergency_shelter,0,0,0,0,0,0,0,1,0
2018,35.7,1.28,male,other,0,0,0,1,other,0,0,0,0,0,0,0,0,0
2018,33.3,2.96,male,other,0,0,0,1,respite,0,0,0,0,1,1,0,0,0
2018,44.8,7.25,male,other,0,0,0,1,emergency_shelter,0,0,0,0,1,0,0,0,0
2018,39.7,2.32,male,other,0,0,0,1,emergency_shelter,0,0,0,0,0,0,0,0,0
2018,64.3,5.29,male,other,0,0,0,1,respite,0,0,1,0,0,0,0,0,0
2018,15.0,8.52,male,other,0,0,0,1,emergency_shelter,1,0,1,0,0,0,0,1,0
2018,58.6,19.94,male,other,0,0,0,1,emergency_shelter,0,0,0,1,0,0,1,1,0
2018,60.7,1.78,male,other,0,0,0,1,emergency_shelter,0,0,0,0,0,0,0,0,1
2018,15.0,2.62,male,other,0,0,0,1,respite,1,0,0,0,0,0,0,0,0
2018,38.5,1.47,male,other,0,0,0,1,emergency_shelter,0,0,0,1,0,0,0,1,0
2018,38.1,30.0,male,other,0,0,0,1,respite,0,0,0,1,0,0,0,0,1
2018,23.6,19.9,male,other,0,0,0,1,respite,1,0,0,1,1,1,0,0,0
2018,32.4,3.71,male,other,0,0,0,1,emergency_shelter,0,0,0,1,0,0,0,0,0
2018,27.7,10.69,male,other,0,0,0,1,emergency_shelter,0,0,0,0,0,0,0,0,0
2018,67.8,3.53,male,other,0,0,0,1,emergency_shelter,0,0,0,1,0,0,0,0,0
2018,56.4,4.67,male,other,0,0,0,1,emergency_shelter,0,0,0,0,1,0,0,1,0
2018,61.1,1.26,male,other,0,0,0,1,emergency_shelter,0,0,0,0,0,0,0,0,0
2018,53.4,7.22,male,other,0,0,0,1,emergency_shelter,0,0,0,0,1,1,0,1,0
2018,27.5,1.38,male,other,0,0,0,1,emergency_shelter,0,0,1,1,1,0,0,1,0
2018,35.9,9.84,male,other,0,0,0,1,respite,0,0,0,0,0,0,0,0,0
2018,50.1,8.04,male,other,0,0,0,1,emergency_shelter,0,0,0,0,0,0,0,0,0
2018,26.2,6.1,male,other,0,0,0,1,emergency_shelter,0,0,0,0,1,1,1,0,1
2018,53.3,1.1,male,other,0,0,0,1,emergency_shelter,0,0,0,0,0,1,0,1,0
2018,39.9,2.09,male,other,0,0,0,1,emergency_shelter,0,0,0,0,1,0,0,0,0
2018,38.0,1.9,male,other,0,0,0,1,emergency_shelter,0,0,0,1,0,1,0,1,0
2018,53.2,2.39,male,other,0,0,0,1,emergency_shelter,0,0,0,1,0,0,0,1,0
2018,49.5,1.25,male,other,0,0,0,1,emergency_shelter,0,0,1,0,1,0,0,1,0
2018,38.2,22.25,male,other,0,0,0,1,emergency_shelter,0,0,0,0,1,0,0,0,0
2018,59.5,3.85,male,other,0,0,0,1,emergency_shelter,0,0,1,0,0,0,1,1,0
2018,28.1,2.1,male,other,0,0,0,1,emergency_shelter,0,0,0,0,0,0,0,0,0
2018,51.9,2.6,male,other,0,0,0,1,emergency_shelter,0,0,0,0,1,0,1,0,0
2018,51.6,2.94,male,other,0,0,0,1,other,0,0,0,0,0,0,1,0,0
2018,38.9,4.38,male,other,0,0,0,1,emergency_shelter,0,0,0,0,0,1,0,0,1
2018,47.8,3.49,male,other,0,0,0,1,emergency_shelter,0,0,1,0,1,1,0,0,1
2018,25.8,18.44,male,other,0,0,0,1,emergency_shelter,0,0,0,1,0,0,0,1,1
2018,56.2,3.32,male,other,0,0,0,1,emergency_shelter,0,0,0,0,0,1,1,0,1
2018,40.7,30.0,male,other,0,0,0,1,emergency_shelter,0,0,0,0,0,0,0,0,0
2018,36.0,11.26,male,other,0,0,0,1,emergency_shelter,0,0,1,0,0,0,0,1,0
2018,58.0,1.67,male,other,0,0,0,1,emergency_shelter,0,0,0,1,0,0,0,1,0
2018,33.4,20.68,male,other,0,0,0,1,emergency_shelter,0,0,0,1,0,0,1,1,0
2018,23.6,1.34,male,other,0,0,0,1,emergency_shelter,1,0,0,0,0,0,0,1,0
2018,21.5,9.43,male,other,0,0,0,1,emergency_shelter,1,0,0,0,1,1,0,1,1
2018,51.8,2.5,male,other,0,0,0,1,emergency_shelter,0,0,0,1,0,0,0,0,0
2018,25.3,13.26,male,other,0,0,0,1,other,0,0,1,1,0,0,0,0,0
2018,67.8,12.43,male,other,0,0,0,1,emergency_shelter,0,0,0,0,0,0,0,0,1
2018,15.0,8.93,male,other,0,0,0,1,emergency_shelter,1,0,0,1,0,0,0,1,0
2018,67.0,8.32,male,other,0,0,0,1,emergency_shelter,0,0,0,0,0,0,0,0,0
2018,46.2,2.1,male,other,0,0,0,1,emergency_shelter,0,0,0,0,0,0,0,1,0
2018,41.9,1.23,male,other,0,0,0,1,emergency_shelter,0,0,0,0,0,1,1,1,0
2018,35.6,2.64,male,other,0,0,0,1,emergency_shelter,0,0,0,0,0,0,0,0,0
2018,48.9,1.54,male,other,0,0,0,1,emergency_shelter,0,0,0,0,0,1,0,0,0
2018,42.7,5.83,male,other,0,0,0,1,emergency_shelter,0,0,0,0,0,0,0,0,0
2018,58.7,2.31,male,other,0,0,0,1,emergency_shelter,0,0,0,1,0,0,1,0,0
2018,44.9,30.0,male,other,0,0,0,1,emergency_shelter,0,0,0,0,0,1,0,0,0
2018,45.4,4.92,male,other,0,0,0,1,emergency_shelter,0,0,0,0,0,0,0,0,0
2018,38.2,9.66,male,other,0,0,0,1,emergency_shelter,0,0,0,0,1,0,1,0,0
2018,42.5,1.4,male,other,0,0,0,1,emergency_shelter,0,0,0,1,0,1,1,0,0
2018,47.6,11.98,male,other,0,0,0,1,emergency_shelter,0,0,0,0,0,0,0,0,0
2018,19.3,19.05,male,other,0,0,0,1,emergency_shelter,1,0,0,0,0,1,0,0,0
2018,24.4,3.24,male,other,0,0,0,1,emergency_shelter,1,0,0,0,0,0,0,1,1
2018,53.7,4.45,male,other,0,0,0,1,emergency_shelter,0,0,0,0,0,0,0,1,0
2018,45.7,7.5,male,other,0,0,0,1,other,0,0,0,0,0,0,0,0,0
2018,40.7,1.55,male,other,0,0,0,1,emergency_shelter,0,0,0,0,0,1,0,0,1
2018,43.5,3.37,male,other,0,0,0,1,emergency_shelter,0,0,0,0,0,0,0,0,0
2018,48.1,2.61,male,other,0,0,0,1,emergency_shelter,0,0,0,0,0,0,0,0,0
2018,35.7,1.45,male,other,0,0,0,1,emergency_shelter,0,0,0,0,0,1,0,0,0
2018,32.4,2.43,male,other,0,0,0,1,emergency_shelter,0,0,0,1,0,0,0,0,0
2018,46.0,1.19,male,other,0,0,0,1,emergency_shelter,0,0,0,0,0,0,0,0,1
2018,29.6,1.07,male,other,0,0,0,1,respite,0,0,0,1,0,0,0,0,0
2018,49.0,1.41,male,other,0,0,0,1,emergency_shelter,0,0,0,0,0,0,0,0,0
2018,19.4,30.0,male,other,0,0,0,1,emergency_shelter,1,0,0,0,0,0,0,0,0
2018,57.7,3.81,male,other,0,0,0,1,other,0,0,0,1,1,0,1,0,1
2018,49.9,30.0,male,other,0,0,0,1,emergency_shelter,0,0,0,0,0,1,0,1,0
2018,46.9,2.84,male,other,0,0,0,1,emergency_shelter,0,0,0,1,0,0,0,0,1
2018,57.0,2.13,male,other,0,0,0,1,emergency_shelter,0,0,0,0,0,0,0,1,0
2018,66.6,3.4,male,other,0,0,0,1,emergency_shelter,0,0,0,1,0,0,1,0,1
2018,57.5,2.88,male,other,0,0,0,1,emergency_shelter,0,0,0,0,0,0,0,0,0
2018,17.5,1.31,male,other,0,0,0,1,respite,1,0,0,0,0,0,0,1,0
2018,25.4,4.92,male,other,0,0,0,1,emergency_shelter,0,0,0,1,0,1,0,1,0
2018,34.5,1.7,male,other,0,0,0,1,emergency_shelter,0,0,0,1,0,0,0,1,1
2018,43.6,4.62,male,other,0,0,0,1,emergency_shelter,0,0,0,0,0,1,0,0,0
2018,50.5,5.06,male,other,0,0,0,1,respite,0,0,0,0,0,0,0,0,0
2018,33.1,1.46,male,other,0,0,0,1,other,0,0,0,0,0,0,1,1,1
2018,45.9,1.17,male,other,0,0,0,1,respite,0,0,0,0,1,0,1,1,0
2018,32.7,8.0,male,other,0,0,0,1,emergency_shelter,0,0,0,0,0,0,0,0,1
2018,34.7,3.03,male,other,0,0,0,1,emergency_shelter,0,0,0,0,1,1,1,1,0
2018,23.6,1.16,male,other,0,0,0,1,emergency_shelter,1,0,0,0,1,0,0,1,0
2018,30.3,30.0,male,other,0,0,0,1,emergency_shelter,0,0,0,0,0,1,0,0,0
2018,24.3,1.16,male,other,0,0,0,1,emergency_shelter,1,0,0,0,1,0,1,0,1
2018,29.6,5.83,male,other,0,0,0,1,emergency_shelter,0,0,0,0,0,0,0,0,0
2018,58.0,30.0,male,other,0,0,0,1,emergency_shelter,0,0,0,0,0,0,0,0,1
2018,30.0,1.8,male,other,0,0,0,1,emergency_shelter,0,0,1,0,1,1,0,0,0
2018,80.1,1.43,male,other,0,0,0,1,emergency_shelter,0,0,0,0,1,0,0,0,0
2018,50.2,1.36,male,other,0,0,0,1,emergency_shelter,0,0,0,0,0,0,0,1,0
2018,45.9,2.09,male,other,0,0,0,1,emergency_shelter,0,0,0,0,0,1,0,0,0
2018,31.3,1.29,male,other,0,0,0,1,emergency_shelter,0,0,0,0,0,0,0,1,0
2018,53.1,5.77,male,other,0,0,0,1,emergency_shelter,0,0,1,0,0,0,0,0,0
2018,35.2,1.18,male,other,0,0,0,1,emergency_shelter,0,0,0,1,0,0,1,1,0
2018,45.0,3.43,male,other,0,0,0,1,emergency_shelter,0,0,0,0,0,0,0,0,0
2018,79.1,30.0,male,other,0,0,0,1,emergency_shelter,0,0,0,0,0,0,0,1,0
2018,41.9,9.27,male,other,0,0,0,1,emergency_shelter,0,0,0,0,0,0,0,0,0
2018,59.4,4.56,male,other,0,0,0,1,other,0,0,0,0,1,0,0,0,0
2018,33.4,2.1,male,other,0,0,0,1,emergency_shelter,0,0,1,0,0,1,0,0,0
2018,42.8,4.68,male,other,0,0,0,1,emergency_shelter,0,0,0,0,0,0,0,0,0
2018,68.1,3.59,male,other,0,0,0,1,emergency_shelter,0,0,0,0,0,1,1,0,1
2018,34.5,2.79,male,other,0,0,0,1,emergency_shelter,0,0,0,0,0,0,0,1,1
2018,68.6,1.39,male,other,0,0,0,1,emergency_shelter,0,0,0,0,0,0,0,0,1
2018,53.2,14.07,male,other,0,0,0,1,emergency_shelter,0,0,1,0,1,1,0,1,0
2018,35.4,2.96,male,other,0,0,0,1,respite,0,0,0,0,0,0,0,0,0
2018,52.1,1.62,male,other,0,0,0,1,emergency_shelter,0,0,0,1,0,0,1,0,0
2018,56.9,2.43,male,other,0,0,0,1,respite,0,0,0,0,0,0,0,0,0
2018,52.0,2.71,male,other,0,0,0,1,emergency_shelter,0,0,0,0,1,0,1,0,1
2018,21.3,9.91,male,other,0,0,0,1,emergency_shelter,1,0,0,0,0,0,0,0,0
2018,33.1,6.66,male,other,0,0,0,1,respite,0,0,0,0,0,0,0,1,0
2018,39.8,7.63,male,other,0,0,0,1,emergency_shelter,0,0,0,0,0,0,0,0,1
2018,42.2,1.03,male,other,0,0,0,1,emergency_shelter,0,0,0,1,1,1,0,1,1
2018,52.0,2.73,male,other,0,0,0,1,emergency_shelter,0,0,0,0,0,0,0,0,0
2018,45.8,3.2,male,other,0,0,0,1,emergency_shelter,0,0,0,0,0,1,0,1,0
2018,24.6,1.05,male,other,0,0,0,1,emergency_shelter,1,0,0,0,0,0,0,1,1
2018,48.6,1.89,male,other,0,0,0,1,emergency_shelter,0,0,0,1,0,1,0,1,0
2018,51.8,7.37,male,other,0,0,0,1,emergency_shelter,0,0,0,0,1,1,0,0,0
2018,51.1,1.41,male,other,0,0,0,1,emergency_shelter,0,0,0,0,1,0,0,0,1
2018,58.4,3.67,male,other,0,0,0,1,emergency_shelter,0,0,0,0,0,0,0,1,0
2018,54.9,1.7,male,other,0,0,0,1,emergency_shelter,0,0,0,1,1,0,0,1,0
2018,49.7,1.03,male,other,0,0,0,1,emergency_shelter,0,0,0,0,0,0,0,0,0
2018,42.3,1.81,male,other,0,0,0,1,emergency_shelter,0,0,1,1,1,0,0,0,1
2018,20.0,30.0,male,other,0,0,0,1,emergency_shelter,1,0,0,0,0,0,0,0,0
2018,49.3,8.76,male,other,0,0,0,1,emergency_shelter,0,0,0,1,0,0,0,0,0
2018,46.2,30.0,male,other,0,0,0,1,respite,0,0,0,1,0,0,1,1,0
2018,47.1,3.25,male,other,0,0,0,1,emergency_shelter,0,0,0,0,0,0,0,1,0
2018,25.4,1.32,male,other,0,0,0,1,emergency_shelter,0,0,0,0,0,0,0,0,0
2018,28.1,3.79,male,other,0,0,0,1,emergency_shelter,0,0,0,0,1,1,1,0,1
2018,58.0,2.99,male,other,0,0,0,1,emergency_shelter,0,0,0,0,0,0,0,1,0
2018,42.7,10.82,male,other,0,0,0,1,emergency_shelter,0,0,0,0,0,0,0,0,0
2018,52.8,1.28,male,other,0,0,0,1,emergency_shelter,0,0,0,0,0,0,0,0,0
2018,43.7,3.25,male,other,0,0,0,1,emergency_shelter,0,0,1,1,0,0,1,0,0
2018,43.7,1.46,male,other,0,0,0,1,emergency_shelter,0,0,0,0,0,0,0,0,0
2018,56.4,2.2,male,other,0,0,0,1,respite,0,0,1,0,1,1,1,0,0
2018,36.0,6.75,male,other,0,0,0,1,respite,0,0,0,0,0,0,1,1,0
2018,44.6,3.15,male,other,0,0,0,1,respite,0,0,0,0,1,1,0,0,1
2018,36.8,2.48,male,other,0,0,0,1,emergency_shelter,0,0,0,0,1,0,1,0,1
2018,37.2,2.59,male,other,0,0,0,1,emergency_shelter,0,0,0,0,0,0,0,1,0
2018,38.9,3.03,male,other,0,0,0,1,emergency_shelter,0,0,0,0,0,0,0,0,0
2018,46.4,8.15,male,other,0,0,0,1,emergency_shelter,0,0,0,0,0,0,1,0,0
2018,36.6,14.65,male,other,0,0,0,1,emergency_shelter,0,0,1,1,1,1,0,0,0
2018,60.9,28.77,male,other,0,0,0,1,emergency_shelter,0,0,0,1,0,1,0,1,0
2018,30.7,8.21,male,other,0,0,0,1,emergency_shelter,0,0,0,0,0,0,1,1,0
2018,40.7,2.15,male,other,0,0,0,1,emergency_shelter,0,0,1,0,0,1,1,1,0
2018,37.1,5.7,male,other,0,0,0,1,emergency_shelter,0,0,0,0,0,0,0,0,0
2018,63.5,2.87,male,other,0,0,0,1,emergency_shelter,0,0,0,1,0,0,0,0,0
2018,46.0,1.87,male,other,0,0,0,1,emergency_shelter,0,0,0,0,1,1,0,1,1
2018,57.7,10.62,male,other,0,0,0,1,respite,0,0,0,0,0,0,0,0,0
2018,22.5,1.11,male,other,0,0,0,1,emergency_shelter,1,0,0,0,0,0,0,1,0
2018,47.0,15.79,male,other,0,0,0,1,emergency_shelter,0,0,0,0,0,1,1,0,0
2018,55.7,3.04,male,other,0,0,0,1,emergency_shelter,0,0,1,1,1,0,0,1,0
2018,44.4,4.86,male,other,0,0,0,1,emergency_shelter,0,0,0,0,0,0,0,0,0
2018,58.2,5.2,male,other,0,0,0,1,emergency_shelter,0,0,0,1,0,0,1,1,0
2018,36.0,14.99,male,other,0,0,0,1,emergency_shelter,0,0,0,0,0,0,0,0,0
2018,63.0,4.86,male,other,0,0,0,1,emergency_shelter,0,0,0,0,0,0,0,0,0
2018,75.5,4.54,male,other,0,0,0,1,emergency_shelter,0,0,0,0,0,0,0,0,1
2018,38.2,1.19,male,other,0,0,0,1,emergency_shelter,0,0,1,0,1,1,1,1,0
2018,37.0,3.51,male,other,0,0,0,1,emergency_shelter,0,0,0,0,0,0,0,0,0
2018,63.6,1.46,male,other,0,0,0,1,emergency_shelter,0,0,0,0,0,0,0,1,1
2018,65.4,6.76,male,other,0,0,0,1,emergency_shelter,0,0,1,1,0,0,0,1,0
2018,36.0,3.46,male,other,0,0,0,1,emergency_shelter,0,0,0,0,0,0,0,0,1
2018,37.4,5.55,male,other,0,0,0,1,other,0,0,0,0,0,0,0,0,0
2018,39.3,1.12,male,other,0,0,0,1,emergency_shelter,0,0,0,0,0,0,0,0,1
2018,24.4,1.24,male,other,0,0,0,1,emergency_shelter,1,0,0,0,0,0,0,1,0
2018,30.4,6.26,male,other,0,0,0,1,emergency_shelter,0,0,0,0,1,0,0,0,0
2018,29.2,1.2,male,other,0,0,0,1,emergency_shelter,0,0,0,1,1,0,0,0,0
2018,32.5,1.2,male,other,0,0,0,1,emergency_shelter,0,0,0,1,0,0,0,0,0
2018,42.8,1.03,male,other,0,0,0,1,emergency_shelter,0,0,0,0,1,1,0,1,1
2018,46.6,29.34,male,other,0,0,0,1,other,0,0,1,0,0,1,0,1,0
2018,65.0,6.76,male,other,0,0,0,1,emergency_shelter,0,0,1,0,0,1,0,1,0
2018,29.3,2.35,male,other,0,0,0,1,emergency_shelter,0,0,0,0,0,0,0,0,0
2018,57.1,2.06,male,other,0,0,0,1,emergency_shelter,0,0,0,0,0,1,1,1,0
2018,40.3,2.33,male,other,0,0,0,1,emergency_shelter,0,0,0,0,0,1,0,1,0
2018,42.6,7.8,male,other,0,0,0,1,emergency_shelter,0,0,0,0,0,1,1,0,0
2018,52.7,5.23,male,other,0,0,0,1,emergency_shelter,0,0,0,0,0,0,0,0,0
2018,27.6,1.59,male,other,0,0,0,1,emergency_shelter,0,0,0,0,0,1,0,0,0
2018,48.6,1.54,male,other,0,0,0,1,emergency_shelter,0,0,0,0,0,0,0,0,0
2018,45.6,1.29,male,other,0,0,0,1,emergency_shelter,0,0,0,0,0,0,1,0,0
2018,50.2,5.22,male,other,0,0,0,1,respite,0,0,0,0,0,0,0,1,1
2018,47.3,7.49,male,other,0,0,0,1,emergency_shelter,0,0,0,0,1,0,1,1,0
2018,77.6,1.91,male,other,0,0,0,1,other,0,0,0,0,0,1,1,0,0
2018,34.3,1.06,male,other,0,0,0,1,emergency_shelter,0,0,0,0,0,1,0,1,0
2018,35.8,1.24,male,other,0,0,0,1,respite,0,0,0,1,0,0,0,0,0
2018,34.5,30.0,male,other,0,0,0,1,emergency_shelter,0,0,0,0,0,1,0,1,0
2018,35.5,2.05,male,other,0,0,0,1,respite,0,0,1,0,0,0,0,1,0
2018,34.3,7.63,male,other,0,0,0,1,other,0,0,0,0,0,0,0,1,0
2018,59.9,4.69,male,other,0,0,0,1,emergency_shelter,0,0,0,0,0,0,0,1,0
2018,63.2,2.51,male,other,0,0,0,1,other,0,0,0,0,0,0,0,1,0
2018,35.3,1.66,male,other,0,0,0,1,emergency_shelter,0,0,0,0,0,0,0,0,1
2018,31.6,1.36,male,other,0,0,0,1,emergency_shelter,0,0,0,0,0,1,0,0,0
2018,49.9,4.56,male,other,0,0,0,1,emergency_shelter,0,0,0,1,1,1,1,0,0
2018,35.5,7.8,male,other,0,0,0,1,emergency_shelter,0,0,0,0,0,0,0,0,0
2018,52.1,4.96,male,other,0,0,0,1,emergency_shelter,0,0,0,0,0,0,0,1,0
2018,46.1,3.62,male,other,0,0,0,1,emergency_shelter,0,0,0,0,0,0,0,1,0
2018,22.1,1.12,male,other,0,0,0,1,emergency_shelter,1,0,0,0,0,0,0,1,0
2018,64.9,30.0,male,other,0,0,0,1,emergency_shelter,0,0,0,0,0,0,0,1,0
2018,68.4,8.65,male,other,0,0,0,1,respite,0,0,1,0,1,1,0,0,0
2018,34.7,2.04,male,other,0,0,0,1,emergency_shelter,0,0,0,0,0,0,0,1,0
2018,37.8,30.0,male,other,0,0,0,1,emergency_shelter,0,0,0,0,0,1,0,1,0
2018,47.3,4.39,male,other,0,0,0,1,emergency_shelter,0,0,0,0,0,0,0,0,0
2018,48.0,4.16,male,other,0,0,0,1,emergency_shelter,0,0,0,0,0,0,1,0,0
2018,52.5,7.03,male,other,0,0,0,1,emergency_shelter,0,0,0,0,0,0,0,0,0
2018,71.4,9.18,male,other,0,0,0,1,emergency_shelter,0,0,0,0,0,0,0,0,0
2018,40.8,5.16,male,other,0,0,0,1,emergency_shelter,0,0,0,0,0,0,0,1,0
2018,32.1,1.38,male,other,0,0,0,1,other,0,0,0,0,0,0,0,1,0
2018,24.0,2.27,male,other,0,0,0,1,emergency_shelter,1,0,1,0,0,1,0,0,0
2018,33.0,20.13,male,other,0,0,0,1,emergency_shelter,0,0,0,1,0,0,0,0,0
2018,42.8,1.74,male,other,0,0,0,1,emergency_shelter,0,0,0,0,1,0,0,1,1
2018,68.4,2.46,male,other,0,0,0,1,emergency_shelter,0,0,0,0,0,0,0,0,0
2018,36.0,2.83,male,other,0,0,0,1,emergency_shelter,0,0,0,0,0,0,1,0,0
2018,46.4,2.88,male,other,0,0,0,1,emergency_shelter,0,0,0,1,0,1,0,0,0
2018,43.0,4.53,male,other,0,0,0,1,emergency_shelter,0,0,0,1,0,1,0,0,1
2018,59.9,24.03,male,other,0,0,0,1,emergency_shelter,0,0,0,0,0,1,0,0,0
2018,78.6,1.81,male,other,0,0,0,1,other,0,0,0,1,0,1,1,1,1
2018,35.8,1.36,male,other,0,0,0,1,respite,0,0,0,0,0,0,0,0,0
2018,36.4,1.63,male,other,0,0,0,1,emergency_shelter,0,0,0,0,0,1,0,1,0
2018,57.9,14.11,male,other,0,0,0,1,emergency_shelter,0,0,0,0,0,0,0,0,1
2018,52.8,4.99,male,other,0,0,0,1,emergency_shelter,0,0,0,0,0,0,0,1,1
2018,69.1,2.01,male,other,0,0,0,1,emergency_shelter,0,0,0,0,0,0,0,1,0
2018,51.4,9.36,male,other,0,0,0,1,emergency_shelter,0,0,0,0,0,0,0,1,1
2018,38.2,11.93,male,other,0,0,0,1,emergency_shelter,0,0,0,1,0,0,0,1,0
2018,51.5,10.95,male,other,0,0,0,1,emergency_shelter,0,0,0,1,0,0,0,0,0
2018,58.8,18.35,male,other,0,0,0,1,emergency_shelter,0,0,1,1,0,0,0,1,0
2018,54.8,1.86,male,other,0,0,0,1,emergency_shelter,0,0,0,0,0,0,0,0,1
2018,50.4,7.22,male,other,0,0,0,1,other,0,0,0,0,0,0,0,0,0
2018,58.2,3.04,male,other,0,0,0,1,respite,0,0,0,0,0,0,0,0,0
2018,59.6,10.69,male,other,0,0,0,1,emergency_shelter,0,0,0,0,0,0,1,1,0
2018,62.6,6.54,male,other,0,0,0,1,emergency_shelter,0,0,0,0,1,1,1,1,0
2018,52.4,7.86,male,other,0,0,0,1,respite,0,0,0,1,0,1,0,0,0
2018,40.9,5.15,male,other,0,0,0,1,emergency_shelter,0,0,0,0,0,0,0,0,0
2018,45.3,1.56,male,other,0,0,0,1,emergency_shelter,0,0,0,0,0,1,1,1,0
2018,60.2,3.76,male,other,0,0,0,1,emergency_shelter,0,0,0,0,0,0,0,0,0
2018,31.8,30.0,male,other,0,0,0,1,emergency_shelter,0,0,0,0,0,0,0,0,0
2018,48.4,22.37,male,other,0,0,0,1,emergency_shelter,0,0,0,0,0,0,0,0,0
2018,37.8,1.12,male,other,0,0,0,1,respite,0,0,0,0,0,0,0,0,0
2018,43.7,1.51,male,other,0,0,0,1,other,0,0,0,0,0,0,0,1,0
2018,61.2,1.39,male,other,0,0,0,1,emergency_shelter,0,0,0,0,0,0,0,0,0
2018,45.9,6.48,male,other,0,0,0,1,emergency_shelter,0,0,0,0,0,0,0,0,0
2018,43.9,9.45,male,other,0,0,0,1,other,0,0,0,1,0,0,0,0,0
2018,24.2,1.69,male,other,0,0,0,1,emergency_shelter,1,0,0,0,1,0,0,0,1
2018,53.7,3.4,male,other,0,0,0,1,respite,0,0,0,0,0,1,0,0,0
2018,52.3,10.61,male,other,0,0,0,1,emergency_shelter,0,0,0,1,0,0,0,0,0
2018,73.6,6.64,male,other,0,0,0,1,emergency_shelter,0,0,0,0,0,1,1,0,0
2018,39.0,3.73,male,other,0,0,0,1,emergency_shelter,0,0,0,0,0,1,0,0,0
2018,46.3,4.25,male,other,0,0,0,1,emergency_shelter,0,0,0,0,0,0,0,0,0
2018,46.8,3.42,male,other,0,0,0,1,emergency_shelter,0,0,0,1,0,0,0,0,0
2018,65.4,2.06,male,other,0,0,0,1,emergency_shelter,0,0,0,0,0,0,0,0,0
2018,41.9,3.97,male,other,0,0,0,1,emergency_shelter,0,0,0,0,1,1,0,1,0
2018,47.2,5.71,male,other,0,0,0,1,emergency_shelter,0,0,1,0,1,1,0,0,0
2018,51.8,12.86,male,other,0,0,0,1,emergency_shelter,0,0,0,0,0,1,0,0,0
2018,45.9,4.85,male,other,0,0,0,1,respite,0,0,0,0,0,0,0,0,0
2018,37.0,7.39,male,other,0,0,0,1,other,0,0,0,0,0,0,0,0,0
2018,46.0,1.49,male,other,0,0,0,1,emergency_shelter,0,0,0,0,0,0,0,0,0
2018,58.3,3.04,male,other,0,0,0,1,respite,0,0,0,1,0,0,0,0,0
2018,28.9,1.03,male,other,0,0,0,1,emergency_shelter,0,0,0,0,0,0,0,0,1
2018,45.1,1.83,male,other,0,0,0,1,emergency_shelter,0,0,0,1,0,1,0,1,0
2018,33.5,6.49,male,other,0,0,0,1,other,0,0,0,1,1,0,1,1,0
2018,60.0,30.0,male,other,0,0,0,1,emergency_shelter,0,0,1,0,1,0,1,1,0
2018,21.9,1.29,male,other,0,0,0,1,emergency_shelter,1,0,0,0,0,0,0,0,1
2018,35.4,2.63,male,other,0,0,0,1,respite,0,0,0,0,0,0,0,0,0
2018,48.6,8.7,male,other,0,0,0,1,emergency_shelter,0,0,0,0,0,0,0,0,0
2018,65.2,1.66,male,other,0,0,0,1,respite,0,0,0,1,0,0,0,0,0
2018,42.4,3.86,male,other,0,0,0,1,respite,0,0,0,0,1,1,0,1,1
2018,35.5,6.65,male,other,0,0,0,1,emergency_shelter,0,0,0,0,0,0,0,1,0
2018,69.6,4.57,male,other,0,0,0,1,respite,0,0,0,0,0,0,0,0,0
2018,23.0,1.6,male,other,0,0,0,1,emergency_shelter,1,0,0,1,0,0,0,0,0
2018,15.0,2.36,male,other,0,0,0,1,emergency_shelter,1,0,1,0,1,1,0,0,1
2018,49.4,8.1,male,other,0,0,0,1,emergency_shelter,0,0,0,1,0,0,0,1,0
2018,36.2,3.85,male,other,0,0,0,1,respite,0,0,0,0,0,0,0,1,0
2018,29.0,1.01,male,other,0,0,0,1,emergency_shelter,0,0,0,1,0,0,0,0,0
2018,53.2,7.39,male,other,0,0,0,1,emergency_shelter,0,0,1,0,0,1,0,0,0
2018,46.7,1.1,male,other,0,0,0,1,emergency_shelter,0,0,0,0,0,0,0,0,0
2018,35.4,6.97,male,other,0,0,0,1,emergency_shelter,0,0,0,0,0,1,0,1,1
2018,25.3,1.65,male,other,0,0,0,1,emergency_shelter,0,0,1,0,0,0,0,0,0
2018,55.5,30.0,male,other,0,0,0,1,emergency_shelter,0,0,0,0,0,0,0,1,0
2018,52.4,2.43,male,other,0,0,0,1,emergency_shelter,0,0,0,1,0,0,0,0,0
2018,41.9,2.21,male,other,0,0,0,1,emergency_shelter,0,0,0,0,1,1,1,1,0
2018,69.1,1.45,male,other,0,0,0,1,emergency_shelter,0,0,0,0,1,1,0,0,0
2018,28.3,2.1,male,other,0,0,0,1,emergency_shelter,0,0,0,1,0,0,1,1,1
2018,21.9,13.14,male,other,0,0,0,1,emergency_shelter,1,0,0,0,0,0,0,1,0
2018,33.6,30.0,male,other,0,0,0,1,other,0,0,0,1,0,0,0,0,0
2018,42.6,2.43,male,other,0,0,0,1,emergency_shelter,0,0,0,0,0,0,0,1,0
2018,46.7,2.95,male,other,0,0,0,1,other,0,0,0,0,0,0,1,1,0
2018,39.9,6.39,male,other,0,0,0,1,emergency_shelter,0,0,0,0,1,0,0,1,0
2018,48.2,14.03,male,other,0,0,0,1,respite,0,0,0,1,0,0,1,0,0
2018,25.8,4.28,male,other,0,0,0,1,emergency_shelter,0,0,0,0,0,0,0,1,0
2018,63.5,2.57,male,other,0,0,0,1,emergency_shelter,0,0,1,0,0,0,1,0,0
2018,42.1,2.7,male,other,0,0,0,1,emergency_shelter,0,0,0,1,0,1,0,0,0
2018,58.9,5.84,male,other,0,0,0,1,respite,0,0,0,0,0,0,0,0,0
2018,48.1,1.01,male,other,0,0,0,1,emergency_shelter,0,0,0,1,0,0,1,1,1
2018,49.7,4.62,male,other,0,0,0,1,emergency_shelter,0,0,1,1,1,0,0,1,0
2018,51.2,2.36,male,other,0,0,0,1,emergency_shelter,0,0,0,0,0,0,0,1,0
2018,49.5,8.48,male,other,0,0,0,1,emergency_shelter,0,0,0,1,0,1,0,1,0
2018,52.3,1.27,male,other,0,0,0,1,emergency_shelter,0,0,0,1,1,0,1,1,0
2018,61.9,4.23,male,other,0,0,0,1,emergency_shelter,0,0,0,0,0,0,0,1,0
2018,46.0,3.19,male,other,0,0,0,1,respite,0,0,0,0,0,0,0,0,0
2018,53.2,4.94,male,other,0,0,0,1,emergency_shelter,0,0,0,0,0,0,0,0,0
2018,42.0,1.18,male,other,0,0,0,1,emergency_shelter,0,0,0,0,1,1,0,0,0
2018,63.4,4.13,male,other,0,0,0,1,emergency_shelter,0,0,0,0,0,1,0,0,0
2018,33.8,3.93,male,other,0,0,0,1,emergency_shelter,0,0,0,1,0,0,0,1,0
2018,68.5,3.92,male,other,0,0,0,1,emergency_shelter,0,0,0,0,0,0,1,1,0
2018,42.7,4.41,male,other,0,0,0,1,emergency_shelter,0,0,0,1,0,0,0,0,0
2018,23.2,5.49,male,other,0,0,0,1,emergency_shelter,1,0,0,0,0,0,0,1,0
2018,45.1,8.89,male,other,0,0,0,1,emergency_shelter,0,0,0,0,0,0,1,1,0
2018,33.7,1.93,male,other,0,0,0,1,emergency_shelter,0,0,1,0,0,0,1,0,0
2018,55.0,9.79,male,other,0,0,0,1,emergency_shelter,0,0,0,0,0,0,0,1,0
2018,34.1,3.33,male,other,0,0,0,1,other,0,0,0,0,0,0,0,0,1
2018,37.0,1.22,male,other,0,0,0,1,emergency_shelter,0,0,0,0,0,0,0,0,1
2018,16.8,1.16,male,other,0,0,0,1,other,1,0,0,0,0,0,0,0,0
2018,36.9,2.25,male,other,0,0,0,1,emergency_shelter,0,0,0,1,1,0,0,1,0
2018,15.0,8.14,male,other,0,0,0,1,emergency_shelter,1,0,0,1,0,1,0,0,0
2018,21.1,6.08,male,other,0,0,0,1,emergency_shelter,1,0,0,0,0,0,0,0,0
2018,53.9,8.27,male,other,0,0,0,1,emergency_shelter,0,0,0,0,0,1,0,0,0
2018,54.3,3.5,male,other,0,0,0,1,emergency_shelter,0,0,0,0,0,0,1,1,0
2018,49.2,2.89,male,other,0,0,0,1,emergency_shelter,0,0,0,0,0,0,0,0,0
2018,29.7,1.45,male,other,0,0,0,1,emergency_shelter,0,0,0,1,0,0,1,0,0
2018,42.6,2.21,male,other,0,0,0,1,emergency_shelter,0,0,0,0,1,0,1,1,0
2018,43.2,2.85,male,other,0,0,0,1,emergency_shelter,0,0,0,0,0,0,0,0,0
2018,27.1,1.26,male,other,0,0,0,1,emergency_shelter,0,0,1,0,0,0,0,0,0
2018,64.3,1.72,male,other,0,0,0,1,emergency_shelter,0,0,0,0,0,0,0,1,1
2018,55.6,4.35,male,other,0,0,0,1,emergency_shelter,0,0,0,1,0,1,0,1,0
2018,40.2,6.71,male,other,0,0,0,1,emergency_shelter,0,0,0,1,0,0,0,0,0
2018,43.6,30.0,male,other,0,0,0,1,respite,0,0,0,1,0,0,0,0,0
2018,46.2,21.28,male,other,0,0,0,1,emergency_shelter,0,0,0,0,0,0,0,1,0
2018,15.0,4.94,male,other,0,0,0,1,respite,1,0,0,0,0,0,0,0,0
2018,39.8,2.76,male,other,0,0,0,1,emergency_shelter,0,0,0,0,0,1,0,1,0
2018,33.7,4.85,male,other,0,0,0,1,emergency_shelter,0,0,0,1,0,0,0,0,1
2018,29.2,8.17,male,other,0,0,0,1,emergency_shelter,0,0,1,1,0,0,1,1,0
2018,39.3,1.35,male,other,0,0,0,1,emergency_shelter,0,0,0,0,0,0,0,0,0
2018,68.4,2.69,male,other,0,0,0,1,other,0,0,0,0,0,0,0,0,0
2018,52.2,10.56,male,other,0,0,0,1,emergency_shelter,0,0,0,0,0,0,0,0,0
2018,35.3,2.52,male,other,0,0,0,1,emergency_shelter,0,0,0,0,0,0,0,1,0
2018,51.3,4.04,male,other,0,0,0,1,emergency_shelter,0,0,0,0,1,1,0,0,0
2018,62.9,4.22,male,other,0,0,0,1,emergency_shelter,0,0,0,1,0,1,1,1,0
2018,56.2,1.58,male,other,0,0,0,1,respite,0,0,0,1,0,1,0,0,0
2018,44.1,2.4,male,other,0,0,0,1,emergency_shelter,0,0,0,0,0,0,0,0,0
2018,34.2,2.25,male,other,0,0,0,1,emergency_shelter,0,0,0,0,0,0,0,1,0
2018,53.0,1.07,male,other,0,0,0,1,emergency_shelter,0,0,0,0,0,0,0,0,0
2018,48.8,1.07,male,other,0,0,0,1,emergency_shelter,0,0,0,0,0,0,0,1,0
2018,55.8,10.12,male,other,0,0,0,1,emergency_shelter,0,0,0,0,0,0,0,0,0
2018,52.2,1.95,male,other,0,0,0,1,emergency_shelter,0,0,0,0,1,0,1,0,1
2018,58.0,3.51,male,other,0,0,0,1,emergency_shelter,0,0,0,1,0,0,0,1,0
2018,35.8,2.07,male,other,0,0,0,1,emergency_shelter,0,0,0,1,0,0,1,0,0
2018,61.7,23.3,male,other,0,0,0,1,respite,0,0,0,0,0,1,0,0,0
2018,46.0,1.89,male,other,0,0,0,1,emergency_shelter,0,0,0,0,0,0,1,1,1
2018,72.3,2.82,male,other,0,0,0,1,emergency_shelter,0,0,0,0,0,0,0,0,0
2018,33.6,12.81,male,other,0,0,0,1,emergency_shelter,0,0,0,0,0,0,0,0,1
2018,67.6,10.68,male,other,0,0,0,1,emergency_shelter,0,0,0,0,0,0,0,0,0
2018,46.0,1.59,male,other,0,0,0,1,emergency_shelter,0,0,1,0,0,0,0,0,0
2018,34.2,8.8,male,other,0,0,0,1,emergency_shelter,0,0,0,0,0,1,0,1,1
2018,36.5,3.02,male,other,0,0,0,1,emergency_shelter,0,0,0,0,0,0,0,0,0
2018,38.8,3.21,male,other,0,0,0,1,emergency_shelter,0,0,0,0,0,0,0,1,1
2018,49.2,1.4,male,other,0,0,0,1,emergency_shelter,0,0,0,1,1,0,0,0,0
2018,50.6,1.23,male,other,0,0,0,1,emergency_shelter,0,0,0,0,1,1,0,0,0
2018,35.2,6.53,male,other,0,0,0,1,emergency_shelter,0,0,0,0,1,0,1,1,0
2018,42.9,3.32,male,other,0,0,0,1,emergency_shelter,0,0,0,0,0,0,0,0,0
2018,73.3,2.87,male,other,0,0,0,1,emergency_shelter,0,0,0,0,0,1,0,0,0
2018,67.5,6.56,male,other,0,0,0,1,emergency_shelter,0,0,0,1,0,1,0,1,0
2018,49.4,7.52,male,other,0,0,0,1,emergency_shelter,0,0,0,0,0,0,0,1,0
2018,43.8,1.49,male,other,0,0,0,1,emergency_shelter,0,0,1,1,1,0,0,0,0
2018,45.0,4.5,male,other,0,0,0,1,emergency_shelter,0,0,1,0,0,0,0,1,0
2018,51.9,1.41,male,other,0,0,0,1,emergency_shelter,0,0,0,0,0,0,0,0,0
2018,29.0,7.12,male,other,0,0,0,1,emergency_shelter,0,0,0,0,1,1,0,0,0
2018,39.7,5.16,male,other,0,0,0,1,respite,0,0,0,0,1,0,0,0,0
2018,19.9,29.4,male,other,0,0,0,1,emergency_shelter,1,0,0,1,0,0,0,0,0
2018,48.9,1.2,male,other,0,0,0,1,emergency_shelter,0,0,0,0,0,0,0,0,0
2018,52.3,1.16,male,other,0,0,0,1,emergency_shelter,0,0,0,0,0,0,0,0,0
2018,36.5,1.99,male,other,0,0,0,1,emergency_shelter,0,0,0,0,0,0,0,0,0
2018,65.3,1.9,male,other,0,0,0,1,emergency_shelter,0,0,0,0,0,1,0,0,0
2018,26.1,1.83,male,other,0,0,0,1,emergency_shelter,0,0,0,0,0,0,0,0,0
2018,22.8,16.38,male,other,0,0,0,1,emergency_shelter,1,0,0,0,0,1,1,1,0
2018,46.4,1.84,male,other,0,0,0,1,respite,0,0,0,1,0,0,0,0,0
2018,57.9,1.94,male,other,0,0,0,1,emergency_shelter,0,0,0,1,0,0,0,0,0
2018,66.8,7.34,male,other,0,0,0,1,emergency_shelter,0,0,0,0,0,1,0,1,0
2018,36.8,2.96,male,other,0,0,0,1,respite,0,0,0,0,0,0,0,1,0
2018,58.4,7.87,male,other,0,0,0,1,emergency_shelter,0,0,0,0,1,1,0,0,0
2018,42.7,1.18,male,other,0,0,0,1,respite,0,0,0,1,0,0,1,0,1
2018,40.9,3.25,male,other,0,0,0,1,emergency_shelter,0,0,1,0,0,0,1,1,0
2018,55.6,1.09,male,other,0,0,0,1,other,0,0,0,0,0,1,0,0,0
2018,52.4,1.18,male,other,0,0,0,1,emergency_shelter,0,0,0,0,0,0,0,0,0
2018,21.2,16.41,male,other,0,0,0,1,emergency_shelter,1,0,0,1,1,0,0,0,0
2018,63.9,1.42,male,other,0,0,0,1,emergency_shelter,0,0,1,1,0,1,1,1,0
2018,62.6,3.64,male,other,0,0,0,1,emergency_shelter,0,0,0,0,0,0,0,1,0
2018,34.5,2.69,male,other,0,0,0,1,emergency_shelter,0,0,0,1,0,1,0,0,0
2018,48.8,2.32,male,other,0,0,0,1,emergency_shelter,0,0,0,0,0,0,0,0,0
2018,50.2,15.55,male,other,0,0,0,1,emergency_shelter,0,0,0,0,0,0,0,0,0
2018,46.9,1.06,male,other,0,0,0,1,emergency_shelter,0,0,0,0,0,0,0,0,0
2018,35.6,5.27,male,other,0,0,0,1,emergency_shelter,0,0,0,0,0,0,1,0,0
2018,33.9,30.0,male,other,0,0,0,1,emergency_shelter,0,0,0,0,0,0,0,1,0
2018,42.9,3.92,male,other,0,0,0,1,other,0,0,0,1,0,0,0,1,0
2018,59.7,22.22,male,other,0,0,0,1,emergency_shelter,0,0,0,0,0,0,0,1,1
2018,50.9,1.15,male,other,0,0,0,1,other,0,0,0,0,0,1,0,1,0
2018,38.1,2.74,male,other,0,0,0,1,emergency_shelter,0,0,0,1,0,0,0,1,0
2018,54.1,1.89,male,other,0,0,0,1,emergency_shelter,0,0,1,1,0,0,0,0,0
2018,15.0,6.59,male,other,0,0,0,1,emergency_shelter,1,0,1,0,0,0,0,0,0
2018,59.4,30.0,male,other,0,0,0,1,emergency_shelter,0,0,1,0,0,0,1,0,1
2018,18.9,1.87,male,other,0,0,0,1,emergency_shelter,1,0,0,0,0,0,0,1,0
2018,38.2,5.12,male,other,0,0,0,1,emergency_shelter,0,0,0,0,1,0,0,1,0
2018,27.6,1.63,male,other,0,0,0,1,emergency_shelter,0,0,0,0,1,0,0,0,0
2018,25.1,3.97,male,other,0,0,0,1,other,0,0,0,0,0,0,1,1,0
2018,59.5,3.06,male,other,0,0,0,1,emergency_shelter,0,0,0,0,0,0,0,0,0
2018,36.7,30.0,male,other,0,0,0,1,emergency_shelter,0,0,0,1,0,1,0,0,1
2018,48.1,4.47,male,other,0,0,0,1,emergency_shelter,0,0,0,1,0,1,0,0,0
2018,42.6,2.33,male,other,0,0,0,1,emergency_shelter,0,0,1,0,0,0,1,0,0
2018,50.0,1.34,male,other,0,0,0,1,emergency_shelter,0,0,0,0,0,1,0,0,0
2018,44.3,1.46,male,other,0,0,0,1,emergency_shelter,0,0,0,0,0,0,0,0,0
2018,25.3,1.74,male,other,0,0,0,1,emergency_shelter,0,0,0,1,0,0,0,0,0
2018,57.2,1.85,male,other,0,0,0,1,emergency_shelter,0,0,0,0,0,0,0,0,0
2018,36.4,11.21,male,other,0,0,0,1,emergency_shelter,0,0,1,1,0,0,0,1,0
2018,21.5,3.93,male,other,0,0,0,1,respite,1,0,0,0,0,0,0,0,0
2018,37.3,3.56,male,other,0,0,0,1,respite,0,0,0,0,0,0,0,1,1
2018,64.3,1.34,male,other,0,0,0,1,emergency_shelter,0,0,0,0,0,0,0,1,0
2018,55.2,11.85,male,other,0,0,0,1,emergency_shelter,0,0,0,0,0,0,0,0,0
2018,38.4,6.41,male,other,0,0,0,1,emergency_shelter,0,0,0,0,0,0,0,1,0
2018,38.4,1.19,male,other,0,0,0,1,respite,0,0,0,0,0,1,0,1,1
2018,38.8,6.08,male,other,0,0,0,1,emergency_shelter,0,0,0,1,0,0,0,0,0
2018,72.3,3.75,male,other,0,0,0,1,emergency_shelter,0,0,0,0,0,0,0,0,0
2018,48.6,1.23,male,other,0,0,0,1,emergency_shelter,0,0,0,0,0,1,0,0,0
2018,49.3,3.02,male,other,0,0,0,1,emergency_shelter,0,0,0,0,0,0,0,1,0
2018,57.7,3.22,male,other,0,0,0,1,emergency_shelter,0,0,0,0,0,0,0,0,0
2018,46.6,1.51,male,other,0,0,0,1,emergency_shelter,0,0,0,0,0,0,1,1,0
2018,39.6,24.89,male,other,0,0,0,1,emergency_shelter,0,0,0,0,0,0,0,0,0
2018,40.5,11.17,male,other,0,0,0,1,emergency_shelter,0,0,0,0,0,0,1,1,0
2018,42.3,5.36,male,other,0,0,0,1,emergency_shelter,0,0,0,1,0,0,0,0,0
2018,42.8,3.05,male,other,0,0,0,1,emergency_shelter,0,0,1,0,0,1,0,0,0
2018,53.5,2.7,male,other,0,0,0,1,emergency_shelter,0,0,0,1,1,0,0,1,0
2018,44.0,5.07,male,other,0,0,0,1,emergency_shelter,0,0,1,1,1,0,0,0,0
2018,53.5,3.77,male,other,0,0,0,1,respite,0,0,0,0,1,1,0,0,1
2018,42.1,1.18,male,other,0,0,0,1,emergency_shelter,0,0,0,0,0,0,0,0,0
2018,44.4,3.46,male,other,0,0,0,1,emergency_shelter,0,0,1,0,0,0,0,0,0
2018,15.3,8.95,male,other,0,0,0,1,emergency_shelter,1,0,0,0,0,0,0,0,0
2018,56.1,3.03,male,other,0,0,0,1,emergency_shelter,0,0,0,0,0,0,0,0,1
2018,48.1,1.14,male,other,0,0,0,1,emergency_shelter,0,0,0,0,0,0,0,0,0
2018,57.2,8.19,male,other,0,0,0,1,emergency_shelter,0,0,0,0,0,0,0,0,0
2018,15.0,1.65,male,other,0,0,0,1,respite,1,0,0,0,0,0,0,0,0
2018,72.5,1.88,male,other,0,0,0,1,emergency_shelter,0,0,0,1,0,0,0,1,0
2018,41.3,1.51,male,other,0,0,0,1,emergency_shelter,0,0,0,0,0,0,0,1,1
2018,58.8,2.23,male,other,0,0,0,1,emergency_shelter,0,0,0,0,0,0,0,0,0
2018,28.7,7.27,male,other,0,0,0,1,emergency_shelter,0,0,0,0,0,0,0,0,0
2018,51.9,3.52,male,other,0,0,0,1,emergency_shelter,0,0,0,0,1,1,0,1,0
2018,28.5,1.66,male,other,0,0,0,1,emergency_shelter,0,0,1,0,0,0,1,1,0
2018,34.5,13.25,male,other,0,0,0,1,emergency_shelter,0,0,0,0,0,0,1,0,0
2018,70.1,13.4,male,other,0,0,0,1,emergency_shelter,0,0,0,1,1,0,0,0,0
2018,40.6,12.63,male,other,0,0,0,1,emergency_shelter,0,0,1,0,0,0,0,1,0
2018,46.3,1.8,male,other,0,0,0,1,emergency_shelter,0,0,0,0,0,0,0,0,0
2018,55.5,2.97,male,other,0,0,0,1,emergency_shelter,0,0,0,0,1,0,0,0,0
2018,50.2,30.0,male,other,0,0,0,1,emergency_shelter,0,0,1,0,0,0,0,1,1
2018,45.4,7.72,male,other,0,0,0,1,other,0,0,0,0,0,1,0,0,1
2018,48.4,1.07,male,other,0,0,0,1,emergency_shelter,0,0,0,0,0,0,0,0,0
2018,76.9,1.18,male,other,0,0,0,1,emergency_shelter,0,0,0,0,0,0,1,0,0
2018,42.5,3.06,male,other,0,0,0,1,emergency_shelter,0,0,0,0,0,0,0,1,0
2018,46.1,16.8,male,other,0,0,0,1,emergency_shelter,0,0,0,0,0,0,0,0,0
2018,58.0,3.7,male,other,0,0,0,1,emergency_shelter,0,0,1,0,0,0,0,0,0
2018,58.7,3.33,male,other,0,0,0,1,emergency_shelter,0,0,0,0,0,0,0,0,0
2018,59.9,1.31,male,other,0,0,0,1,other,0,0,0,0,0,1,0,0,0
2018,52.2,5.16,male,other,0,0,0,1,emergency_shelter,0,0,0,1,0,1,0,0,0
2018,27.3,9.65,male,other,0,0,0,1,emergency_shelter,0,0,0,1,0,0,0,1,1
2018,66.1,2.5,male,other,0,0,0,1,emergency_shelter,0,0,0,0,0,0,0,0,0
2018,27.2,7.83,male,other,0,0,0,1,emergency_shelter,0,0,0,0,0,0,0,1,0
2018,47.5,30.0,male,other,0,0,0,1,emergency_shelter,0,0,0,0,0,0,0,0,0
2018,32.7,1.66,male,other,0,0,0,1,emergency_shelter,0,0,0,0,0,1,0,1,0
2018,42.4,3.56,male,other,0,0,0,1,emergency_shelter,0,0,0,1,0,0,0,0,0
2018,47.9,2.01,male,other,0,0,0,1,emergency_shelter,0,0,0,0,0,1,0,0,1
2018,47.8,8.43,male,other,0,0,0,1,emergency_shelter,0,0,0,0,0,0,0,1,0
2018,49.2,4.11,male,other,0,0,0,1,emergency_shelter,0,0,0,1,1,0,0,1,0
2018,65.9,4.83,male,other,0,0,0,1,emergency_shelter,0,0,0,1,0,0,0,1,0
2018,49.6,8.62,male,other,0,0,0,1,emergency_shelter,0,0,0,0,0,0,1,0,1
2018,39.9,2.6,male,other,0,0,0,1,emergency_shelter,0,0,0,0,1,0,0,0,1
2018,56.8,17.71,male,other,0,0,0,1,emergency_shelter,0,0,0,0,0,1,0,1,1
2018,59.9,3.65,male,other,0,0,0,1,emergency_shelter,0,0,0,0,1,0,0,0,1
2018,26.1,1.49,male,other,0,0,0,1,other,0,0,1,0,1,0,0,1,0
2018,51.6,5.85,male,other,0,0,0,1,respite,0,0,0,0,0,0,0,0,0
2018,53.1,8.44,male,other,0,0,0,1,emergency_shelter,0,0,0,0,0,1,0,1,0
2018,39.1,2.16,male,other,0,0,0,1,respite,0,0,0,0,0,0,0,0,1
2018,62.5,11.64,male,other,0,0,0,1,emergency_shelter,0,0,0,0,1,0,0,1,0
2018,41.2,16.37,male,other,0,0,0,1,emergency_shelter,0,0,0,0,0,0,0,1,0
2018,45.0,1.97,male,other,0,0,0,1,emergency_shelter,0,0,0,0,0,1,0,1,0
2018,40.8,30.0,male,other,0,0,0,1,emergency_shelter,0,0,0,0,0,0,0,0,0
2018,43.5,1.43,male,other,0,0,0,1,emergency_shelter,0,0,0,0,0,0,0,1,0
2018,27.9,1.65,male,other,0,0,0,1,emergency_shelter,0,0,0,0,0,0,0,0,0
2018,23.1,1.58,male,other,0,0,0,1,emergency_shelter,1,0,0,0,0,1,0,0,0
2018,65.6,14.86,male,other,0,0,0,1,emergency_shelter,0,0,0,0,1,0,0,0,1
2018,31.4,5.12,male,other,0,0,0,1,emergency_shelter,0,0,0,1,1,1,0,1,0
2018,29.4,1.47,male,other,0,0,0,1,emergency_shelter,0,0,0,0,0,0,0,1,0
2018,15.0,2.89,male,other,0,0,0,1,emergency_shelter,1,0,0,0,0,0,0,0,1
2018,34.3,4.56,male,other,0,0,0,1,emergency_shelter,0,0,0,0,0,0,0,1,1
2018,24.7,1.24,male,other,0,0,0,1,other,1,0,0,0,0,0,1,1,0
2018,66.3,13.67,male,other,0,0,0,1,other,0,0,1,1,0,0,0,0,0
2018,57.4,8.84,male,other,0,0,0,1,emergency_shelter,0,0,1,0,0,0,0,1,0
2018,33.6,3.39,male,other,0,0,0,1,other,0,0,0,0,0,1,0,1,0
2018,74.8,30.0,male,other,0,0,0,1,emergency_shelter,0,0,0,0,0,0,0,1,0
2018,57.0,2.74,male,other,0,0,0,1,other,0,0,0,0,0,0,0,1,0
2018,38.7,30.0,male,other,0,0,0,1,emergency_shelter,0,0,0,0,0,0,0,0,0
2018,15.0,5.34,male,other,0,0,0,1,emergency_shelter,1,0,0,0,0,0,1,1,0
2018,75.3,4.83,male,other,0,0,0,1,emergency_shelter,0,0,1,0,0,0,0,0,0
2018,23.8,1.51,male,other,0,0,0,1,emergency_shelter,1,0,0,0,0,0,0,0,0
2018,20.2,13.62,male,other,0,0,0,1,emergency_shelter,1,0,0,0,0,1,0,1,0
2018,57.6,2.8,male,other,0,0,0,1,emergency_shelter,0,0,0,0,0,0,0,1,0
2018,77.4,1.5,male,other,0,0,0,1,emergency_shelter,0,0,0,0,0,0,0,0,0
2018,62.7,1.03,male,other,0,0,0,1,emergency_shelter,0,0,0,0,0,0,0,0,0
2018,51.2,3.91,male,other,0,0,0,1,emergency_shelter,0,0,0,0,0,0,0,1,0
2018,51.6,3.59,male,other,0,0,0,1,emergency_shelter,0,0,0,0,0,0,0,0,0
2018,55.2,6.33,male,other,0,0,0,1,emergency_shelter,0,0,0,0,0,0,0,1,0
2018,53.9,14.45,male,other,0,0,0,1,emergency_shelter,0,0,1,0,0,0,0,0,0
2018,47.2,1.23,male,other,0,0,0,1,emergency_shelter,0,0,0,0,1,0,0,0,0
2018,44.7,6.61,male,other,0,0,0,1,emergency_shelter,0,0,0,0,0,0,0,1,0
2018,42.4,1.59,male,other,0,0,0,1,emergency_shelter,0,0,0,0,0,0,0,0,0
2018,32.7,11.71,male,other,0,0,0,1,respite,0,0,0,0,0,0,0,1,0
2018,39.3,9.5,male,other,0,0,0,1,emergency_shelter,0,0,0,0,0,0,1,0,0
2018,19.6,3.72,male,other,0,0,0,1,emergency_shelter,1,0,0,0,0,1,1,1,1
2018,41.9,6.13,male,other,0,0,0,1,respite,0,0,0,1,0,0,0,0,0
2018,29.4,2.14,male,other,0,0,0,1,emergency_shelter,0,0,0,1,1,0,1,1,0
2018,27.8,3.12,male,other,0,0,0,1,emergency_shelter,0,0,0,0,0,0,0,1,0
2018,45.8,9.62,male,other,0,0,0,1,emergency_shelter,0,0,0,0,1,0,0,1,0
2018,62.8,3.03,male,other,0,0,0,1,emergency_shelter,0,0,0,0,0,0,0,1,0
2018,56.1,2.37,male,other,0,0,0,1,emergency_shelter,0,0,0,0,0,1,1,1,0
2018,21.3,3.3,male,other,0,0,0,1,emergency_shelter,1,0,0,0,0,0,0,1,0
2018,29.4,9.95,male,other,0,0,0,1,emergency_shelter,0,0,0,1,0,0,0,1,0
2018,56.4,2.25,male,other,0,0,0,1,other,0,0,0,0,0,0,0,0,1
2018,29.5,1.54,male,other,0,0,0,1,emergency_shelter,0,0,0,0,0,0,0,1,0
2018,40.1,6.17,male,other,0,0,0,1,emergency_shelter,0,0,0,1,0,0,0,0,0
2018,51.0,9.83,male,other,0,0,0,1,emergency_shelter,0,0,1,0,0,0,0,1,0
2018,29.7,1.29,male,other,0,0,0,1,emergency_shelter,0,0,0,1,0,1,0,1,1
2018,44.7,1.8,male,other,0,0,0,1,emergency_shelter,0,0,0,0,0,0,0,0,0
2018,24.6,1.43,male,other,0,0,0,1,emergency_shelter,1,0,0,0,0,1,0,0,0
2018,34.9,2.32,male,other,0,0,0,1,emergency_shelter,0,0,0,1,0,0,0,0,0
2018,47.7,2.96,male,other,0,0,0,1,emergency_shelter,0,0,0,0,0,0,0,0,0
2018,21.0,7.05,male,other,0,0,0,1,emergency_shelter,1,0,0,0,0,0,0,1,0
2018,49.4,5.07,male,other,0,0,0,1,emergency_shelter,0,0,0,0,0,0,0,1,1
2018,43.0,4.64,male,other,0,0,0,1,emergency_shelter,0,0,0,0,0,0,0,0,0
2018,51.0,2.34,male,other,0,0,0,1,emergency_shelter,0,0,0,0,0,0,1,0,0
2018,46.4,10.65,male,other,0,0,0,1,emergency_shelter,0,0,1,0,1,0,0,0,0
2018,62.4,3.12,male,other,0,0,0,1,emergency_shelter,0,0,0,0,0,1,1,1,0
2018,45.0,30.0,male,other,0,0,0,1,emergency_shelter,0,0,0,0,0,0,0,1,0
2018,37.3,4.82,male,other,0,0,0,1,respite,0,0,0,1,0,0,1,0,0
2018,45.0,1.38,male,other,0,0,0,1,other,0,0,0,0,1,0,0,1,0
2018,50.9,5.48,male,other,0,0,0,1,emergency_shelter,0,0,0,0,1,0,0,0,0
2018,44.0,2.2,male,other,0,0,0,1,respite,0,0,0,0,0,0,0,1,0
2018,43.8,5.66,male,other,0,0,0,1,emergency_shelter,0,0,0,0,0,0,0,1,1
2018,33.4,1.2,male,other,0,0,0,1,other,0,0,0,0,0,0,0,0,0
2018,34.0,1.55,male,other,0,0,0,1,emergency_shelter,0,0,0,0,0,0,0,1,0
2018,23.6,11.54,male,other,0,0,0,1,other,1,0,0,0,0,0,0,1,0
2018,67.8,1.75,male,other,0,0,0,1,other,0,0,0,0,0,0,0,0,0
2018,25.9,10.41,male,other,0,0,0,1,emergency_shelter,0,0,0,0,0,0,0,0,0
2018,33.6,1.98,male,other,0,0,0,1,other,0,0,0,0,0,0,0,0,0
2018,33.2,4.95,male,other,0,0,0,1,emergency_shelter,0,0,1,0,0,1,0,1,0
2018,55.8,5.81,male,other,0,0,0,1,emergency_shelter,0,0,0,1,0,0,0,0,1
2018,39.1,3.46,male,other,0,0,0,1,emergency_shelter,0,0,0,0,0,0,0,1,0
2018,60.7,2.1,male,other,0,0,0,1,emergency_shelter,0,0,0,0,1,0,0,0,0
2018,33.8,1.69,male,other,0,0,0,1,emergency_shelter,0,0,0,0,0,0,0,0,0
2018,47.2,1.09,male,other,0,0,0,1,emergency_shelter,0,0,0,1,0,0,1,1,0
2018,31.6,2.09,male,other,0,0,0,1,other,0,0,0,0,0,0,0,0,0
2018,73.3,5.1,male,other,0,0,0,1,emergency_shelter,0,0,0,0,0,0,1,0,0
2018,49.2,2.18,female,white,1,0,0,1,emergency_shelter,0,0,1,0,1,0,0,0,0
2018,43.5,11.05,female,white,1,0,0,1,emergency_shelter,0,0,0,0,0,1,0,1,0
2018,34.3,6.55,female,white,1,0,0,1,respite,0,0,0,0,0,1,0,0,1
2018,50.1,1.28,female,white,1,0,0,1,other,0,0,0,0,0,0,0,1,0
2018,68.5,2.81,female,white,1,0,0,1,emergency_shelter,0,0,0,1,0,0,0,1,0
2018,40.6,1.08,female,white,1,0,0,1,emergency_shelter,0,0,0,0,0,1,0,0,0
2018,53.3,3.19,female,white,1,0,0,1,emergency_shelter,0,0,0,0,0,1,0,0,0
2018,25.2,5.25,female,white,1,0,0,1,emergency_shelter,0,0,1,1,0,0,0,0,0
2018,29.9,1.35,female,white,1,0,0,1,emergency_shelter,0,0,0,1,0,0,0,1,0
2018,49.9,2.02,female,white,1,0,0,1,emergency_shelter,0,0,0,0,0,1,1,0,0
2018,64.0,2.61,female,white,1,0,0,1,emergency_shelter,0,0,0,0,0,0,0,0,0
2018,48.3,18.46,female,white,1,0,0,1,emergency_shelter,0,0,0,0,0,0,0,0,0
2018,38.9,30.0,female,white,1,0,0,1,emergency_shelter,0,0,1,0,0,0,0,1,1
2018,43.3,1.12,female,white,1,0,0,1,respite,0,0,0,0,0,1,0,0,1
2018,25.8,7.39,female,white,1,0,0,1,emergency_shelter,0,0,0,0,0,1,1,0,0
2018,51.7,2.45,female,white,1,0,0,1,emergency_shelter,0,0,0,0,0,1,0,0,0
2018,34.6,0.52,female,white,1,0,0,0,emergency_shelter,0,0,0,1,0,1,0,0,0
2018,49.9,0.27,female,white,1,0,0,0,emergency_shelter,0,0,0,0,0,0,0,0,0
2018,41.8,1.62,female,white,1,0,0,0,respite,0,0,1,0,0,0,0,0,0
2018,48.5,1.46,female,white,1,0,0,0,other,0,0,0,0,0,0,1,1,0
2018,67.9,0.32,female,white,1,0,0,0,emergency_shelter,0,0,0,0,0,0,0,1,1
2018,18.4,1.95,female,white,1,0,0,0,emergency_shelter,1,0,0,0,0,0,0,0,0
2018,62.9,0.97,female,white,1,0,0,0,respite,0,0,0,0,1,0,0,0,0
2018,41.7,1.76,female,white,1,0,0,0,respite,0,0,0,0,0,1,0,0,0
2018,27.7,2.91,female,white,1,0,0,0,emergency_shelter,0,0,0,1,0,0,0,0,0
2018,21.6,0.3,female,white,1,0,0,0,emergency_shelter,1,0,0,0,1,0,0,1,0
2018,37.6,0.05,female,white,1,0,0,0,emergency_shelter,0,0,0,0,0,1,0,0,0
2018,53.2,2.42,female,white,1,0,0,0,emergency_shelter,0,0,0,0,0,1,1,1,0
2018,38.5,1.51,female,white,1,0,0,0,emergency_shelter,0,0,0,0,0,1,0,0,0
2018,61.4,1.92,female,white,1,0,0,0,emergency_shelter,0,0,1,0,1,1,0,0,0
2018,20.0,2.91,female,white,1,0,0,0,emergency_shelter,1,0,0,1,0,0,0,1,1
2018,40.1,2.6,female,white,1,0,0,0,emergency_shelter,0,0,0,1,1,0,0,0,0
2018,22.7,5.19,female,white,1,0,0,0,emergency_shelter,1,0,0,0,0,0,1,1,0
2018,45.4,1.23,female,white,1,0,0,0,emergency_shelter,0,0,0,0,0,0,0,0,0
2018,52.7,1.07,female,white,1,0,0,0,emergency_shelter,0,0,0,0,0,1,0,1,0
2018,34.4,0.82,female,white,1,0,0,0,emergency_shelter,0,0,0,1,0,0,0,0,0
2018,15.0,0.27,female,white,1,0,0,0,emergency_shelter,1,0,0,0,1,0,0,0,0
2018,43.1,1.36,female,white,1,0,0,0,other,0,0,0,1,0,1,0,0,0
2018,46.4,0.52,female,white,1,0,0,0,emergency_shelter,0,0,0,0,0,0,0,0,0
2018,45.9,4.07,female,white,1,0,0,0,emergency_shelter,0,0,0,0,0,0,0,1,0
2018,57.6,1.4,female,white,1,0,0,0,emergency_shelter,0,0,0,0,1,1,1,1,1
2018,25.3,1.44,female,white,1,0,0,0,emergency_shelter,0,0,0,0,0,0,1,0,0
2018,49.8,0.7,female,white,1,0,0,0,respite,0,0,0,0,0,1,1,1,1
2018,57.0,0.09,female,white,1,0,0,0,emergency_shelter,0,0,0,0,0,0,0,1,1
2018,15.4,0.05,female,white,1,0,0,0,emergency_shelter,1,0,0,0,0,1,0,0,0
2018,44.7,0.88,female,white,1,0,0,0,emergency_shelter,0,0,0,1,0,0,0,0,0
2018,33.2,0.14,female,white,1,0,0,0,emergency_shelter,0,0,0,1,0,0,0,1,0
2018,39.1,1.49,female,white,1,0,0,0,respite,0,0,0,0,0,0,0,1,0
2018,45.1,3.41,female,white,1,0,0,0,emergency_shelter,0,0,0,0,0,0,0,0,0
2018,33.5,3.43,female,white,1,0,0,0,emergency_shelter,0,0,0,0,0,0,0,0,0
2018,30.8,1.72,female,white,1,0,0,0,emergency_shelter,0,0,0,0,0,0,0,1,0
2018,40.8,0.38,female,white,1,0,0,0,emergency_shelter,0,0,0,0,0,0,0,0,0
2018,25.1,3.18,female,white,1,0,0,0,other,0,0,0,1,0,0,0,0,0
2018,25.1,3.48,female,white,1,0,0,0,emergency_shelter,0,0,0,0,0,0,0,1,0
2018,49.8,0.35,female,white,1,0,0,0,emergency_shelter,0,0,1,0,0,0,0,0,0
2018,24.2,2.14,female,white,1,0,0,0,emergency_shelter,1,0,0,0,0,1,0,1,0
2018,49.6,0.54,female,white,1,0,0,0,respite,0,0,0,1,1,0,1,1,0
2018,46.7,2.6,female,white,1,0,0,0,emergency_shelter,0,0,0,0,1,0,0,0,0
2018,16.1,8.0,female,white,1,0,0,0,emergency_shelter,1,0,0,0,0,0,0,1,0
2018,30.8,0.05,female,white,1,0,0,0,emergency_shelter,0,0,0,0,0,0,0,0,0
2018,57.0,3.64,female,white,1,0,0,0,emergency_shelter,0,0,0,1,0,0,0,0,0
2018,26.5,1.56,female,white,1,0,0,0,emergency_shelter,0,0,0,1,0,0,0,1,0
2018,33.8,5.8,female,white,1,0,0,0,emergency_shelter,0,0,0,1,1,1,0,1,0
2018,46.7,1.0,female,white,1,0,0,0,emergency_shelter,0,0,0,0,0,0,0,1,0
2018,51.2,3.01,female,white,1,0,0,0,emergency_shelter,0,0,0,0,0,0,0,1,0
2018,36.8,0.1,female,white,1,0,0,0,emergency_shelter,0,0,0,1,0,0,0,0,0
2018,31.9,0.65,female,white,1,0,0,0,emergency_shelter,0,0,0,0,0,1,0,0,0
2018,60.2,0.11,female,white,1,0,0,0,emergency_shelter,0,0,0,0,1,0,0,0,0
2018,64.6,5.92,female,white,1,0,0,0,emergency_shelter,0,0,0,0,0,1,0,1,0
2018,54.0,2.72,female,white,1,0,0,0,emergency_shelter,0,0,0,0,0,0,0,1,0
2018,41.5,3.06,female,white,1,0,0,0,emergency_shelter,0,0,0,1,0,0,0,0,0
2018,29.0,4.45,female,white,1,0,0,0,emergency_shelter,0,0,0,0,0,0,0,1,0
2018,28.6,0.14,female,white,1,0,0,0,emergency_shelter,0,0,0,1,0,0,1,1,0
2018,47.6,0.78,female,white,1,0,0,0,emergency_shelter,0,0,0,0,0,0,0,0,0
2018,46.1,0.12,female,white,1,0,0,0,emergency_shelter,0,0,0,0,0,0,0,0,0
2018,59.9,0.38,female,white,1,0,0,0,emergency_shelter,0,0,0,0,0,0,0,1,0
2018,49.4,0.42,female,white,1,0,0,0,emergency_shelter,0,0,0,0,0,0,0,0,0
2018,19.2,1.01,female,white,1,0,0,0,emergency_shelter,1,0,0,0,0,1,0,1,1
2018,55.0,0.5,female,white,1,0,0,0,emergency_shelter,0,0,0,0,0,0,0,0,0
2018,26.3,0.17,female,white,1,0,0,0,emergency_shelter,0,0,1,0,0,1,1,0,0
2018,34.9,0.29,female,white,1,0,0,0,emergency_shelter,0,0,0,0,0,0,0,1,0
2018,43.8,0.25,female,white,1,0,0,0,emergency_shelter,0,0,0,0,0,0,1,1,0
2018,68.2,5.78,female,white,1,0,0,0,emergency_shelter,0,0,1,0,0,0,0,0,1
2018,83.8,2.28,female,white,1,0,0,0,respite,0,0,0,1,0,0,0,0,0
2018,48.8,5.5,female,white,1,0,0,0,respite,0,0,0,0,0,1,0,1,1
2018,37.7,0.93,female,white,1,0,0,0,emergency_shelter,0,0,0,0,0,1,0,0,0
2018,47.8,0.52,female,white,1,0,0,0,emergency_shelter,0,0,1,0,0,1,0,0,1
2018,52.7,2.56,female,white,1,0,0,0,emergency_shelter,0,0,0,0,0,1,0,0,0
2018,35.8,0.63,female,white,1,0,0,0,emergency_shelter,0,0,0,0,0,1,0,0,0
2018,65.4,0.57,female,white,1,0,0,0,emergency_shelter,0,0,1,1,0,0,1,0,0
2018,43.5,0.42,female,white,1,0,0,0,respite,0,0,0,0,0,0,0,0,0
2018,47.2,0.22,female,white,1,0,0,0,emergency_shelter,0,0,0,0,0,0,0,0,0
2018,49.6,0.47,female,white,1,0,0,0,respite,0,0,0,0,0,0,0,0,0
2018,46.2,0.7,female,white,1,0,0,0,emergency_shelter,0,0,0,0,0,0,0,0,0
2018,52.0,1.79,female,white,1,0,0,0,emergency_shelter,0,0,0,0,1,0,0,0,0
2018,31.6,0.1,female,white,1,0,0,0,emergency_shelter,0,0,0,0,1,0,0,1,1
2018,32.5,0.38,female,white,1,0,0,0,emergency_shelter,0,0,0,0,0,0,0,0,0
2018,24.9,2.65,female,white,1,0,0,0,emergency_shelter,1,0,0,0,0,0,0,1,0
2018,46.4,0.25,female,white,1,0,0,0,emergency_shelter,0,0,0,1,0,0,0,1,0
2018,51.2,0.67,female,white,1,0,0,0,emergency_shelter,0,0,0,0,1,0,0,1,1
2018,46.7,3.2,female,white,1,0,0,0,other,0,0,0,0,0,1,0,0,0
2018,63.7,0.27,female,white,1,0,0,0,emergency_shelter,0,0,0,1,0,0,0,0,0
2018,40.2,0.14,female,white,1,0,0,0,other,0,0,0,0,0,1,0,0,0
2018,49.6,1.06,female,white,1,0,0,0,other,0,0,0,0,0,0,0,0,0
2018,25.0,0.58,female,white,1,0,0,0,emergency_shelter,1,0,1,0,0,0,0,0,0
2018,34.9,1.33,female,white,1,0,0,0,emergency_shelter,0,0,0,1,1,1,1,0,0
2018,50.0,2.61,female,white,1,0,0,0,emergency_shelter,0,0,0,0,0,0,0,0,0
2018,52.2,0.24,female,white,1,0,0,0,respite,0,0,0,1,0,0,0,0,0
2018,36.2,1.39,female,white,1,0,0,0,emergency_shelter,0,0,0,0,1,0,0,1,1
2018,39.3,1.13,female,white,1,0,0,0,emergency_shelter,0,0,0,0,0,0,0,0,0
2018,19.0,0.25,female,white,1,0,0,0,emergency_shelter,1,0,0,0,0,0,0,0,0
2018,35.3,1.57,female,white,1,0,0,0,emergency_shelter,0,0,0,0,0,0,0,0,1
2018,52.7,0.51,female,white,1,0,0,0,emergency_shelter,0,0,0,0,1,1,1,1,0
2018,48.3,1.07,female,white,1,0,0,0,emergency_shelter,0,0,0,1,0,1,0,0,0
2018,47.3,0.14,female,white,1,0,0,0,emergency_shelter,0,0,0,0,0,0,1,0,0
2018,41.0,0.98,female,white,1,0,0,0,respite,0,0,1,1,0,0,0,0,1
2018,40.4,0.59,female,white,1,0,0,0,emergency_shelter,0,0,0,0,0,0,0,1,0
2018,31.0,2.76,female,white,1,0,0,0,other,0,0,0,0,1,1,1,0,0
2018,50.1,0.09,female,white,1,0,0,0,emergency_shelter,0,0,0,0,0,0,0,1,0
2018,46.2,0.87,female,white,1,0,0,0,respite,0,0,0,0,0,0,0,0,0
2018,47.2,0.98,female,white,1,0,0,0,emergency_shelter,0,0,0,1,0,0,1,1,0
2018,32.9,2.07,female,white,1,0,0,0,emergency_shelter,0,0,0,0,0,1,0,1,0
2018,15.0,1.37,female,white,1,0,0,0,emergency_shelter,1,0,0,1,0,0,0,1,0
2018,55.6,1.76,female,white,1,0,0,0,emergency_shelter,0,0,0,1,0,0,0,0,0
2018,33.6,2.4,female,white,1,0,0,0,emergency_shelter,0,0,0,0,0,0,0,0,0
2018,28.2,3.17,female,white,1,0,0,0,respite,0,0,0,1,0,0,0,1,1
2018,50.0,0.6,female,white,1,0,0,0,other,0,0,0,0,0,1,0,0,0
2018,34.8,1.24,female,white,1,0,0,0,emergency_shelter,0,0,0,0,0,1,0,0,1
2018,55.1,2.93,female,white,1,0,0,0,emergency_shelter,0,0,0,0,1,1,1,1,0
2018,48.9,7.28,female,white,1,0,0,0,emergency_shelter,0,0,0,0,0,0,0,0,1
2018,49.8,3.52,female,white,1,0,0,0,emergency_shelter,0,0,0,0,0,0,0,1,0
2018,21.1,0.74,female,white,1,0,0,0,respite,1,0,0,0,1,1,0,0,0
2018,57.2,0.35,female,white,1,0,0,0,emergency_shelter,0,0,0,0,0,1,1,1,0
2018,43.9,1.08,female,white,1,0,0,0,emergency_shelter,0,0,1,0,1,1,0,0,1
2018,35.1,2.17,female,white,1,0,0,0,other,0,0,0,1,0,0,0,0,1
2018,42.3,1.09,female,white,1,0,0,0,emergency_shelter,0,0,0,1,0,0,0,0,0
2018,15.4,1.06,female,white,1,0,0,0,respite,1,0,0,0,0,0,0,1,0
2018,46.0,2.91,female,white,1,0,0,0,emergency_shelter,0,0,0,0,0,1,1,0,1
2018,25.9,0.72,female,white,1,0,0,0,emergency_shelter,0,0,0,0,0,0,0,1,0
2018,21.3,3.14,female,white,1,0,0,0,emergency_shelter,1,0,0,0,0,0,0,0,1
2018,19.0,0.84,female,white,1,0,0,0,emergency_shelter,1,0,0,1,0,0,0,1,1
2018,55.8,0.64,female,white,1,0,0,0,emergency_shelter,0,0,0,1,1,1,1,1,0
2018,31.5,0.97,female,white,1,0,0,0,emergency_shelter,0,0,0,0,0,0,0,0,0
2018,61.7,2.3,female,white,1,0,0,0,emergency_shelter,0,0,0,0,0,0,0,0,0
2018,32.8,0.22,female,white,1,0,0,0,emergency_shelter,0,0,1,1,0,1,0,1,1
2018,16.4,0.35,female,white,1,0,0,0,emergency_shelter,1,0,0,0,1,1,0,1,0
2018,24.6,4.84,female,white,1,0,0,0,emergency_shelter,1,0,1,0,0,1,0,0,0
2018,57.6,0.31,female,white,1,0,0,0,emergency_shelter,0,0,0,0,0,0,0,1,0
2018,38.1,1.34,female,white,1,0,0,0,emergency_shelter,0,0,0,0,0,0,0,0,1
2018,32.6,1.39,female,white,1,0,0,0,emergency_shelter,0,0,0,0,0,0,0,1,1
2018,42.5,1.08,female,white,1,0,0,0,emergency_shelter,0,0,0,0,0,0,0,0,0
2018,47.3,1.66,female,white,1,0,0,0,emergency_shelter,0,0,0,0,0,0,0,0,1
2018,55.9,0.42,female,white,1,0,0,0,emergency_shelter,0,0,0,1,0,0,0,0,0
2018,60.6,1.29,female,white,1,0,0,0,emergency_shelter,0,0,0,1,0,1,0,1,1
2018,35.2,0.74,female,white,1,0,0,0,emergency_shelter,0,0,0,0,0,0,0,0,0
2018,21.7,1.73,female,white,1,0,0,0,respite,1,0,0,1,0,0,0,1,0
2018,34.5,0.24,female,white,1,0,0,0,emergency_shelter,0,0,0,0,0,0,0,1,0
2018,43.9,1.35,female,white,1,0,0,0,emergency_shelter,0,0,0,1,0,0,0,1,0
2018,26.8,0.33,female,white,1,0,0,0,emergency_shelter,0,0,0,0,1,0,0,0,0
2018,26.9,0.52,female,white,1,0,0,0,emergency_shelter,0,0,1,0,0,0,0,0,0
2018,45.1,0.39,female,white,1,0,0,0,respite,0,0,0,1,1,1,0,1,1
2018,39.6,0.32,female,white,1,0,0,0,emergency_shelter,0,0,1,0,0,0,1,1,0
2018,40.7,2.8,female,white,1,0,0,0,emergency_shelter,0,0,0,0,0,0,0,1,0
2018,29.7,0.54,female,white,1,0,0,0,emergency_shelter,0,0,0,0,0,1,0,1,0
2018,37.0,4.19,female,white,1,0,0,0,emergency_shelter,0,0,0,0,0,1,1,0,1
2018,27.3,5.61,female,white,1,0,0,0,emergency_shelter,0,0,0,0,0,0,0,0,0
2018,52.7,1.36,female,white,1,0,0,0,emergency_shelter,0,0,0,0,0,0,0,0,0
2018,54.8,0.25,female,white,1,0,0,0,emergency_shelter,0,0,0,1,0,0,0,0,0
2018,15.0,0.75,female,white,1,0,0,0,emergency_shelter,1,0,0,0,0,1,0,1,0
2018,27.3,2.56,female,white,1,0,0,0,emergency_shelter,0,0,0,0,0,1,0,0,1
2018,19.3,0.73,female,white,1,0,0,0,emergency_shelter,1,0,0,0,0,1,0,0,0
2018,31.2,0.15,female,white,1,0,0,0,emergency_shelter,0,0,0,0,0,0,0,1,0
2018,39.1,1.3,female,white,1,0,0,0,emergency_shelter,0,0,0,1,0,0,0,0,0
2018,20.0,2.98,female,white,1,0,0,0,other,1,0,0,0,0,0,0,0,0
2018,27.4,2.54,female,white,1,0,0,0,emergency_shelter,0,0,0,0,0,0,0,0,0
2018,26.2,0.31,female,white,1,0,0,0,respite,0,0,0,0,0,1,0,0,1
2018,43.2,1.79,female,white,1,0,0,0,emergency_shelter,0,0,0,0,0,0,0,0,0
2018,41.2,0.4,female,white,1,0,0,0,emergency_shelter,0,0,0,1,0,0,0,0,0
2018,30.2,0.39,female,white,1,0,0,0,emergency_shelter,0,0,0,0,0,0,0,1,0
2018,42.7,3.32,female,white,1,0,0,0,emergency_shelter,0,0,0,0,0,1,0,0,0
2018,32.6,0.46,female,white,1,0,0,0,emergency_shelter,0,0,1,0,0,1,0,0,0
2018,36.5,0.49,female,white,1,0,0,0,emergency_shelter,0,0,0,0,0,0,1,1,0
2018,63.7,0.05,female,white,1,0,0,0,emergency_shelter,0,0,0,1,0,0,0,0,0
2018,59.0,3.27,female,white,1,0,0,0,respite,0,0,0,0,0,0,0,0,0
2018,22.1,2.52,female,white,1,0,0,0,emergency_shelter,1,0,0,0,0,0,0,0,0
2018,51.9,1.58,female,white,1,0,0,0,emergency_shelter,0,0,0,1,0,1,0,1,0
2018,51.6,2.22,female,white,1,0,0,0,emergency_shelter,0,0,0,0,0,0,0,0,0
2018,24.2,0.26,female,white,1,0,0,0,emergency_shelter,1,0,0,0,0,0,0,0,0
2018,51.7,0.98,female,white,1,0,0,0,emergency_shelter,0,0,0,0,0,0,0,0,0
2018,61.8,0.69,female,white,1,0,0,0,emergency_shelter,0,0,0,0,1,0,0,1,0
2018,24.6,0.16,female,white,1,0,0,0,respite,1,0,0,1,0,0,0,0,0
2018,27.4,1.07,female,white,1,0,0,0,emergency_shelter,0,0,0,0,0,1,1,0,0
2018,54.5,4.06,female,white,1,0,0,0,emergency_shelter,0,0,0,1,0,1,0,0,0
2018,44.1,0.07,female,white,1,0,0,0,emergency_shelter,0,0,0,0,1,0,1,1,1
2018,48.0,0.55,female,white,1,0,0,0,other,0,0,0,0,0,0,0,0,0
2018,45.0,0.37,female,white,1,0,0,0,emergency_shelter,0,0,0,1,0,0,1,0,0
2018,45.7,0.44,female,white,1,0,0,0,emergency_shelter,0,0,0,1,0,0,0,1,0
2018,21.7,3.83,female,white,1,0,0,0,emergency_shelter,1,0,0,1,0,1,1,0,0
2018,54.9,1.01,female,white,1,0,0,0,emergency_shelter,0,0,0,0,0,1,0,0,0
2018,56.6,1.0,female,white,1,0,0,0,emergency_shelter,0,0,1,0,0,0,0,0,1
2018,37.1,2.29,female,white,1,0,0,0,emergency_shelter,0,0,0,0,0,0,0,1,0
2018,39.7,0.27,female,white,1,0,0,0,emergency_shelter,0,0,0,0,0,0,0,0,0
2018,18.8,1.07,female,white,1,0,0,0,emergency_shelter,1,0,0,0,0,0,0,0,0
2018,47.5,0.9,female,white,1,0,0,0,emergency_shelter,0,0,0,0,0,0,0,0,0
2018,48.3,1.45,female,white,1,0,0,0,emergency_shelter,0,0,0,0,0,0,0,0,1
2018,39.4,8.0,female,white,1,0,0,0,emergency_shelter,0,0,0,0,1,1,0,0,0
2018,56.0,2.35,female,white,1,0,0,0,emergency_shelter,0,0,0,1,0,0,0,1,0
2018,35.6,0.81,female,white,1,0,0,0,emergency_shelter,0,0,0,0,1,1,0,0,1
2018,48.2,2.81,female,white,1,0,0,0,emergency_shelter,0,0,0,1,0,0,1,0,0
2018,26.0,0.3,female,white,1,0,0,0,emergency_shelter,0,0,0,0,0,0,1,1,0
2018,39.9,0.05,female,white,1,0,0,0,respite,0,0,0,0,0,0,1,0,0
2018,37.8,0.37,female,white,1,0,0,0,respite,0,0,0,0,0,1,0,1,0
2018,43.4,0.67,female,white,1,0,0,0,emergency_shelter,0,0,0,0,0,0,0,0,0
2018,35.1,1.14,female,white,1,0,0,0,emergency_shelter,0,0,0,0,0,0,0,0,0
2018,38.4,1.53,female,white,1,0,0,0,emergency_shelter,0,0,0,1,0,1,0,1,0
2018,51.8,3.86,female,white,1,0,0,0,emergency_shelter,0,0,0,0,0,0,1,1,0
2018,34.2,1.14,female,white,1,0,0,0,emergency_shelter,0,0,0,1,0,1,0,1,0
2018,17.8,1.11,female,white,1,0,0,0,emergency_shelter,1,0,0,1,0,0,0,1,0
2018,64.8,0.08,female,white,1,0,0,0,emergency_shelter,0,0,0,0,0,0,0,1,0
2018,59.6,0.06,female,white,1,0,0,0,emergency_shelter,0,0,1,0,1,0,0,1,0
2018,22.2,1.28,female,white,1,0,0,0,emergency_shelter,1,0,0,0,0,1,0,0,0
2018,49.9,0.92,female,white,1,0,0,0,emergency_shelter,0,0,0,1,1,0,0,0,0
2018,33.2,2.92,female,white,1,0,0,0,emergency_shelter,0,0,0,0,0,0,0,1,0
2018,44.0,0.28,female,white,1,0,0,0,emergency_shelter,0,0,0,1,0,1,0,1,1
2018,44.4,0.05,female,white,1,0,0,0,respite,0,0,0,0,0,1,0,1,0
2018,37.0,0.95,female,white,1,0,0,0,other,0,0,0,0,0,1,1,0,0
2018,29.3,0.43,female,white,1,0,0,0,emergency_shelter,0,0,0,1,0,0,1,0,0
2018,30.6,0.08,female,white,1,0,0,0,emergency_shelter,0,0,0,0,1,0,0,1,0
2018,27.4,2.06,female,white,1,0,0,0,emergency_shelter,0,0,0,1,0,0,0,1,0
2018,28.6,0.19,female,white,1,0,0,0,emergency_shelter,0,0,0,0,0,0,0,1,0
2018,39.3,1.5,female,white,1,0,0,0,emergency_shelter,0,0,0,0,0,0,0,0,0
2018,30.3,0.53,female,white,1,0,0,0,emergency_shelter,0,0,0,0,0,0,0,0,1
2018,49.8,0.3,female,white,1,0,0,0,emergency_shelter,0,0,1,1,1,0,0,1,0
2018,61.1,0.76,female,white,1,0,0,0,emergency_shelter,0,0,0,1,0,0,0,0,0
2018,32.2,2.59,female,white,1,0,0,0,emergency_shelter,0,0,0,0,0,0,0,1,0
2018,43.6,0.8,female,white,1,0,0,0,emergency_shelter,0,0,0,0,0,0,0,0,0
2018,47.3,2.22,female,white,1,0,0,0,emergency_shelter,0,0,0,0,0,1,0,1,0
2018,46.9,0.21,female,white,1,0,0,0,emergency_shelter,0,0,0,0,0,0,0,0,0
2018,41.3,2.37,female,white,1,0,0,0,other,0,0,0,0,0,1,0,0,0
2018,50.7,0.43,female,white,1,0,0,0,emergency_shelter,0,0,0,0,1,1,0,1,0
2018,47.0,1.81,female,white,1,0,0,0,emergency_shelter,0,0,0,0,0,0,0,0,0
2018,22.9,1.33,female,white,1,0,0,0,respite,1,0,0,0,0,0,0,0,0
2018,52.4,4.24,female,white,1,0,0,0,other,0,0,0,0,0,0,0,0,0
2018,52.7,0.78,female,white,1,0,0,0,emergency_shelter,0,0,0,0,0,0,1,1,0
2018,29.6,0.11,female,white,1,0,0,0,emergency_shelter,0,0,0,0,0,1,0,1,0
2018,40.8,0.05,female,white,1,0,0,0,emergency_shelter,0,0,0,0,0,0,0,0,0
2018,49.8,2.81,female,white,1,0,0,0,emergency_shelter,0,0,0,0,1,1,1,1,0
2018,37.3,1.19,female,white,1,0,0,0,emergency_shelter,0,0,0,1,0,0,0,1,0
2018,55.3,2.39,female,white,1,0,0,0,emergency_shelter,0,0,0,0,1,1,1,1,0
2018,73.4,0.43,female,white,1,0,0,0,emergency_shelter,0,0,0,0,0,0,0,0,0
2018,29.3,0.68,female,white,1,0,0,0,emergency_shelter,0,0,0,0,0,0,0,0,0
2018,20.9,0.05,female,white,1,0,0,0,emergency_shelter,1,0,0,1,0,1,0,0,0
2018,44.5,5.21,female,white,1,0,0,0,emergency_shelter,0,0,0,0,1,0,0,0,0
2018,50.4,1.76,female,white,1,0,0,0,emergency_shelter,0,0,0,0,0,0,0,0,0
2018,37.0,4.33,female,white,1,0,0,0,emergency_shelter,0,0,0,1,0,0,0,1,0
2018,60.6,0.49,female,white,1,0,0,0,emergency_shelter,0,0,0,0,0,0,0,0,0
2018,21.5,1.51,female,white,1,0,0,0,emergency_shelter,1,0,0,0,0,0,0,1,0
2018,50.0,1.82,female,white,1,0,0,0,emergency_shelter,0,0,0,1,1,1,0,1,0
2018,31.8,0.61,female,white,1,0,0,0,respite,0,0,0,0,0,0,0,1,0
2018,64.3,3.02,female,white,1,0,0,0,emergency_shelter,0,0,0,1,0,0,0,1,0
2018,68.2,4.7,female,white,1,0,0,0,emergency_shelter,0,0,0,1,0,0,0,1,0
2018,29.5,3.46,female,white,1,0,0,0,emergency_shelter,0,0,0,0,0,0,0,1,0
2018,32.6,2.15,female,white,1,0,0,0,emergency_shelter,0,0,0,0,0,0,0,1,0
2018,52.3,0.52,female,white,1,0,0,0,emergency_shelter,0,0,0,0,0,0,0,1,0
2018,34.9,0.53,female,white,1,0,0,0,emergency_shelter,0,0,0,0,0,0,0,0,0
2018,39.6,5.29,female,white,1,0,0,0,emergency_shelter,0,0,0,0,0,0,0,1,1
2018,40.6,0.05,female,white,1,0,0,0,emergency_shelter,0,0,0,1,0,0,0,1,0
2018,15.0,2.01,female,white,1,0,0,0,respite,1,0,1,1,1,0,0,0,1
2018,40.1,1.96,female,white,1,0,0,0,emergency_shelter,0,0,0,0,0,0,0,1,1
2018,30.6,1.56,female,white,1,0,0,0,emergency_shelter,0,0,0,1,0,0,1,0,1
2018,33.4,7.39,female,white,1,0,0,0,other,0,0,0,0,0,0,0,0,0
2018,60.5,0.6,female,white,1,0,0,0,emergency_shelter,0,0,0,0,1,0,0,0,0
2018,22.7,0.66,female,white,1,0,0,0,emergency_shelter,1,0,0,0,0,0,0,1,0
2018,51.7,0.13,female,white,1,0,0,0,emergency_shelter,0,0,0,0,0,0,0,0,1
2018,36.4,0.94,female,white,1,0,0,0,emergency_shelter,0,0,0,0,0,0,0,1,0
2018,36.4,0.48,female,white,1,0,0,0,emergency_shelter,0,0,0,1,0,0,0,0,0
2018,51.3,0.67,female,white,1,0,0,0,emergency_shelter,0,0,0,0,0,0,0,0,0
2018,45.0,2.88,female,white,1,0,0,0,emergency_shelter,0,0,0,0,0,0,0,0,0
2018,48.3,4.39,female,white,1,0,0,0,emergency_shelter,0,0,0,0,0,1,0,0,1
2018,53.8,0.33,female,white,1,0,0,0,emergency_shelter,0,0,0,0,1,1,0,0,0
2018,35.6,0.75,female,white,1,0,0,0,emergency_shelter,0,0,0,1,0,0,0,0,0
2018,31.7,4.22,female,white,1,0,0,0,emergency_shelter,0,0,0,0,0,0,0,0,0
2018,25.1,0.1,female,white,1,0,0,0,respite,0,0,1,0,1,0,0,0,0
2018,28.7,0.16,female,white,1,0,0,0,emergency_shelter,0,0,0,1,0,0,0,1,0
2018,81.6,0.28,female,white,1,0,0,0,emergency_shelter,0,0,0,0,0,0,0,1,0
2018,57.7,1.45,female,white,1,0,0,0,emergency_shelter,0,0,0,0,0,0,0,0,0
2018,21.4,0.26,female,white,1,0,0,0,emergency_shelter,1,0,0,1,0,0,0,1,1
2018,21.8,5.51,female,white,1,0,0,0,emergency_shelter,1,0,0,0,0,1,0,0,0
2018,47.0,0.95,female,white,1,0,0,0,emergency_shelter,0,0,0,0,0,0,0,0,0
2018,47.9,1.11,female,white,1,0,0,0,respite,0,0,0,0,0,0,1,0,1
2018,48.0,0.45,female,white,1,0,0,0,emergency_shelter,0,0,0,0,0,0,0,0,0
2018,36.7,1.02,female,white,1,0,0,0,emergency_shelter,0,0,0,0,0,0,0,0,0
2018,38.5,1.74,female,white,1,0,0,0,emergency_shelter,0,0,0,0,1,1,1,1,0
2018,44.9,2.23,female,white,1,0,0,0,emergency_shelter,0,0,1,1,0,0,0,0,0
2018,41.5,2.24,female,white,1,0,0,0,emergency_shelter,0,0,0,0,0,0,0,1,0
2018,15.0,1.38,female,white,1,0,0,0,emergency_shelter,1,0,0,0,0,0,0,0,0
2018,37.1,3.76,female,white,1,0,0,0,emergency_shelter,0,0,1,0,0,0,0,0,0
2018,28.4,2.72,female,white,1,0,0,0,emergency_shelter,0,0,0,0,1,1,0,1,0
2018,42.7,2.26,female,white,1,0,0,0,emergency_shelter,0,0,0,1,1,0,0,0,0
2018,82.1,0.09,female,white,1,0,0,0,emergency_shelter,0,0,1,0,1,1,1,1,0
2018,45.4,0.05,female,white,1,0,0,0,respite,0,0,0,1,0,1,0,0,0
2018,35.9,0.38,female,white,1,0,0,0,emergency_shelter,0,0,0,0,0,0,0,1,1
2018,53.2,1.74,female,white,1,0,0,0,emergency_shelter,0,0,0,0,1,1,1,1,0
2018,47.0,0.85,female,white,1,0,0,0,emergency_shelter,0,0,0,0,0,0,0,0,0
2018,46.2,0.82,female,white,1,0,0,0,emergency_shelter,0,0,0,0,0,1,0,0,0
2018,48.8,3.45,female,white,1,0,0,0,emergency_shelter,0,0,0,0,0,0,0,0,0
2018,69.1,3.61,female,white,1,0,0,0,emergency_shelter,0,0,0,0,0,0,1,1,1
2018,24.4,3.84,female,white,1,0,0,0,emergency_shelter,1,0,0,0,0,0,0,0,0
2018,46.9,0.6,female,white,1,0,0,0,emergency_shelter,0,0,0,1,1,1,0,0,0
2018,27.3,1.88,female,white,1,0,0,0,emergency_shelter,0,0,0,1,0,0,0,1,0
2018,48.0,0.51,female,white,1,0,0,0,emergency_shelter,0,0,0,1,0,0,0,0,0
2018,27.4,0.34,female,white,1,0,0,0,emergency_shelter,0,0,0,0,0,1,0,0,0
2018,34.4,0.33,female,white,1,0,0,0,other,0,0,0,0,0,0,0,0,0
2018,36.1,0.67,female,white,1,0,0,0,emergency_shelter,0,0,0,1,0,1,0,0,0
2018,53.9,0.9,female,white,1,0,0,0,emergency_shelter,0,0,0,0,0,0,0,0,0
2018,53.1,2.84,female,white,1,0,0,0,emergency_shelter,0,0,0,1,0,1,1,0,1
2018,22.8,0.2,female,white,1,0,0,0,other,1,0,0,0,0,1,0,0,0
2018,41.0,2.12,female,white,1,0,0,0,emergency_shelter,0,0,0,0,1,0,0,1,0
2018,30.3,1.21,female,white,1,0,0,0,emergency_shelter,0,0,0,0,0,1,1,0,0
2018,22.7,0.54,female,white,1,0,0,0,emergency_shelter,1,0,0,0,0,1,0,0,0
2018,37.2,1.09,female,white,1,0,0,0,emergency_shelter,0,0,0,0,0,0,0,0,0
2018,36.0,0.57,female,white,1,0,0,0,emergency_shelter,0,0,0,1,0,0,0,0,1
2018,74.2,1.45,female,white,1,0,0,0,emergency_shelter,0,0,0,0,0,1,0,0,0
2018,46.3,0.91,female,white,1,0,0,0,other,0,0,0,0,0,0,0,1,0
2018,21.0,0.29,female,white,1,0,0,0,emergency_shelter,1,0,0,0,0,0,0,0,0
2018,32.4,0.2,female,white,1,0,0,0,emergency_shelter,0,0,0,0,0,0,0,0,0
2018,54.6,1.27,female,white,1,0,0,0,emergency_shelter,0,0,0,1,0,0,0,0,1
2018,69.5,3.72,female,white,1,0,0,0,emergency_shelter,0,0,0,0,0,0,0,0,0
2018,18.1,0.67,female,white,1,0,0,0,respite,1,0,0,0,1,0,0,0,0
2018,15.0,2.11,female,white,1,0,0,0,emergency_shelter,1,0,0,1,0,0,1,1,0
2018,66.5,1.72,female,white,1,0,0,0,emergency_shelter,0,0,0,0,0,0,1,1,0
2018,45.7,4.29,female,white,1,0,0,0,emergency_shelter,0,0,0,0,1,1,1,1,0
2018,28.1,2.75,female,white,1,0,0,0,emergency_shelter,0,0,0,1,1,0,0,0,0
2018,47.8,1.34,female,white,1,0,0,0,emergency_shelter,0,0,0,0,0,0,1,0,0
2018,15.0,1.71,female,white,1,0,0,0,emergency_shelter,1,0,0,0,0,0,0,0,0
2018,40.3,3.66,female,white,1,0,0,0,emergency_shelter,0,0,0,1,0,0,1,0,0
2018,44.9,0.82,female,white,1,0,0,0,other,0,0,0,1,1,1,0,0,0
2018,53.2,0.63,female,white,1,0,0,0,emergency_shelter,0,0,0,0,0,0,1,1,0
2018,26.1,0.05,female,white,1,0,0,0,other,0,0,1,0,1,1,1,0,1
2018,41.5,2.8,female,white,1,0,0,0,emergency_shelter,0,0,0,0,1,1,0,0,0
2018,27.3,2.58,female,white,1,0,0,0,emergency_shelter,0,0,0,0,0,0,0,1,0
2018,43.8,0.18,female,white,1,0,0,0,emergency_shelter,0,0,0,0,0,1,0,1,0
2018,27.7,1.38,female,white,1,0,0,0,emergency_shelter,0,0,0,0,0,0,0,1,0
2018,34.6,1.0,female,white,1,0,0,0,emergency_shelter,0,0,0,0,0,1,0,0,1
2018,26.3,0.2,female,white,1,0,0,0,emergency_shelter,0,0,0,0,0,0,0,0,0
2018,49.4,6.31,female,white,1,0,0,0,emergency_shelter,0,0,0,0,0,0,0,0,0
2018,52.3,0.39,female,white,1,0,0,0,emergency_shelter,0,0,0,0,0,0,0,0,1
2018,37.0,0.11,female,white,1,0,0,0,emergency_shelter,0,0,0,1,0,1,0,0,0
2018,40.8,1.45,female,white,1,0,0,0,emergency_shelter,0,0,0,0,1,0,0,0,0
2018,20.0,2.15,female,white,1,0,0,0,emergency_shelter,1,0,0,0,0,0,0,0,0
2018,36.1,0.05,female,white,1,0,0,0,emergency_shelter,0,0,0,0,1,0,1,0,0
2018,39.6,1.72,female,white,1,0,0,0,emergency_shelter,0,0,0,1,0,1,0,0,1
2018,77.0,1.22,female,white,1,0,0,0,emergency_shelter,0,0,0,0,0,0,0,0,0
2018,24.7,0.17,female,white,1,0,0,0,respite,1,0,0,0,0,0,0,1,0
2018,60.8,0.3,female,white,1,0,0,0,emergency_shelter,0,0,0,1,0,0,0,0,0
2018,54.2,1.34,female,white,1,0,0,0,emergency_shelter,0,0,0,0,0,0,0,0,0
2018,44.2,0.56,female,white,1,0,0,0,emergency_shelter,0,0,0,0,0,0,0,0,0
2018,64.9,4.46,female,white,1,0,0,0,emergency_shelter,0,0,1,0,0,1,1,1,0
2018,45.5,2.73,female,white,1,0,0,0,emergency_shelter,0,0,1,0,0,0,0,0,0
2018,45.7,6.57,female,white,1,0,0,0,emergency_shelter,0,0,0,0,0,0,0,0,0
2018,39.5,0.48,female,white,1,0,0,0,respite,0,0,0,0,0,0,0,0,0
2018,57.4,5.6,female,white,1,0,0,0,emergency_shelter,0,0,0,0,0,0,0,1,0
2018,55.6,0.9,female,white,1,0,0,0,emergency_shelter,0,0,0,1,0,0,1,1,0
2018,31.5,0.68,female,white,1,0,0,0,emergency_shelter,0,0,0,0,0,0,0,0,0
2018,21.8,0.08,female,white,1,0,0,0,emergency_shelter,1,0,0,1,0,0,0,0,0
2018,37.4,0.09,female,white,1,0,0,0,emergency_shelter,0,0,0,0,0,0,1,1,1
2018,29.1,1.88,female,white,1,0,0,0,emergency_shelter,0,0,0,0,0,0,0,0,0
2018,39.4,0.98,female,white,1,0,0,0,emergency_shelter,0,0,1,0,0,0,0,0,1
2018,57.6,0.41,female,white,1,0,0,0,other,0,0,0,0,0,1,0,1,0
2018,33.9,1.52,female,white,1,0,0,0,emergency_shelter,0,0,1,1,0,0,0,1,0
2018,39.7,0.47,female,white,1,0,0,0,emergency_shelter,0,0,0,0,0,0,0,0,0
2018,41.1,1.38,female,white,1,0,0,0,respite,0,0,0,0,0,0,0,0,0
2018,52.1,0.71,female,white,1,0,0,0,emergency_shelter,0,0,0,0,0,1,0,1,0
2018,15.0,2.78,female,white,1,0,0,0,emergency_shelter,1,0,0,0,0,0,0,0,0
2018,31.8,2.75,female,white,1,0,0,0,emergency_shelter,0,0,0,1,1,1,0,0,1
2018,43.2,1.04,female,white,1,0,0,0,respite,0,0,0,0,0,0,0,0,1
2018,57.1,0.69,female,white,1,0,0,0,emergency_shelter,0,0,0,1,0,0,0,0,0
2018,33.4,0.72,female,white,1,0,0,0,emergency_shelter,0,0,1,0,0,0,0,0,0
2018,15.0,2.62,female,white,1,0,0,0,other,1,0,0,0,0,0,0,1,0
2018,48.9,0.64,female,white,1,0,0,0,emergency_shelter,0,0,0,0,0,0,0,0,0
2018,31.4,0.38,female,white,1,0,0,0,respite,0,0,0,0,0,0,0,0,0
2018,23.6,0.14,female,white,1,0,0,0,other,1,0,0,0,0,0,0,0,0
2018,31.5,1.01,female,white,1,0,0,0,emergency_shelter,0,0,0,1,0,1,1,1,0
2018,37.7,1.05,female,white,1,0,0,0,emergency_shelter,0,0,0,0,0,0,0,1,0
2018,31.8,2.94,female,white,1,0,0,0,emergency_shelter,0,0,0,0,0,0,1,0,1
2018,15.0,0.4,female,white,1,0,0,0,emergency_shelter,1,0,0,1,0,0,0,0,0
2018,52.8,0.77,female,white,1,0,0,0,emergency_shelter,0,0,0,0,0,0,0,0,0
2018,58.1,2.64,female,white,1,0,0,0,emergency_shelter,0,0,0,0,0,0,0,0,0
2018,49.4,2.78,female,white,1,0,0,0,other,0,0,0,0,0,0,0,0,0
2018,24.3,0.78,female,white,1,0,0,0,emergency_shelter,1,0,0,0,1,1,1,0,0
2018,37.5,0.98,female,white,1,0,0,0,emergency_shelter,0,0,0,0,0,1,0,1,0
2018,40.2,0.58,female,white,1,0,0,0,emergency_shelter,0,0,0,1,0,0,0,1,0
2018,48.7,4.31,female,white,1,0,0,0,other,0,0,0,0,0,1,0,0,0
2018,49.6,0.2,female,white,1,0,0,0,emergency_shelter,0,0,0,0,1,1,1,1,1
2018,30.0,4.34,female,white,1,0,0,0,other,0,0,0,1,0,0,0,0,0
2018,41.4,1.84,female,white,1,0,0,0,emergency_shelter,0,0,0,0,0,1,0,1,0
2018,46.7,1.21,female,white,1,0,0,0,emergency_shelter,0,0,0,0,0,0,0,0,0
2018,60.7,0.05,female,white,1,0,0,0,emergency_shelter,0,0,0,0,0,0,0,0,0
2018,50.1,1.03,female,white,1,0,0,0,emergency_shelter,0,0,0,0,1,0,0,1,1
2018,51.3,0.84,female,white,1,0,0,0,emergency_shelter,0,0,1,0,0,1,0,1,0
2018,41.4,0.28,female,white,1,0,0,0,emergency_shelter,0,0,0,0,0,0,0,0,0
2018,60.0,1.71,female,white,1,0,0,0,emergency_shelter,0,0,0,0,1,1,1,1,0
2018,46.0,5.67,female,white,1,0,0,0,emergency_shelter,0,0,1,1,0,0,0,0,0
2018,28.2,1.32,female,white,1,0,0,0,emergency_shelter,0,0,0,0,0,0,0,0,0
2018,59.9,2.01,female,white,1,0,0,0,respite,0,0,0,0,0,0,0,1,0
2018,50.0,0.11,female,white,1,0,0,0,emergency_shelter,0,0,0,0,0,0,1,0,0
2018,34.1,0.87,female,white,1,0,0,0,emergency_shelter,0,0,0,0,0,0,0,0,0
2018,33.6,0.2,female,white,1,0,0,0,emergency_shelter,0,0,0,1,0,1,1,1,0
2018,44.4,1.52,female,white,1,0,0,0,emergency_shelter,0,0,0,0,0,1,0,1,0
2018,46.8,4.46,female,white,1,0,0,0,respite,0,0,1,1,1,1,0,1,1
2018,43.0,1.73,female,white,1,0,0,0,respite,0,0,0,0,0,0,0,0,0
2018,44.6,0.13,female,white,1,0,0,0,emergency_shelter,0,0,0,1,0,1,0,0,0
2018,64.1,0.7,female,white,1,0,0,0,emergency_shelter,0,0,0,1,0,0,0,0,0
2018,55.3,1.28,female,white,1,0,0,0,emergency_shelter,0,0,0,0,0,0,0,1,0
2018,42.9,0.83,female,white,1,0,0,0,emergency_shelter,0,0,0,0,0,0,0,0,0
2018,53.5,2.87,female,white,1,0,0,0,respite,0,0,0,0,0,0,0,1,0
2018,25.8,2.7,female,white,1,0,0,0,emergency_shelter,0,0,0,0,0,0,0,1,1
2018,45.8,1.51,female,white,1,0,0,0,emergency_shelter,0,0,0,0,0,1,0,1,0
2018,65.6,0.75,female,white,1,0,0,0,emergency_shelter,0,0,0,0,0,0,0,1,0
2018,37.2,0.47,female,white,1,0,0,0,emergency_shelter,0,0,0,1,0,0,0,1,0
2018,28.4,0.18,female,white,1,0,0,0,other,0,0,0,1,0,1,0,1,0
2018,31.1,0.7,female,white,1,0,0,0,emergency_shelter,0,0,0,1,0,0,0,0,0
2018,25.0,0.85,female,white,1,0,0,0,emergency_shelter,0,0,0,0,0,0,0,0,0
2018,29.3,1.8,female,white,1,0,0,0,emergency_shelter,0,0,0,0,0,0,0,1,0
2018,35.1,1.72,female,white,1,0,0,0,emergency_shelter,0,0,0,0,0,1,0,1,1
2018,20.6,0.12,female,white,1,0,0,0,emergency_shelter,1,0,0,0,0,0,0,1,0
2018,40.5,0.8,female,white,1,0,0,0,emergency_shelter,0,0,0,0,0,0,0,1,0
2018,52.9,0.32,female,white,1,0,0,0,emergency_shelter,0,0,0,0,0,0,1,1,0
2018,27.6,0.27,female,white,1,0,0,0,emergency_shelter,0,0,0,0,0,0,0,0,0
2018,61.5,2.81,female,white,1,0,0,0,emergency_shelter,0,0,0,0,0,0,0,0,0
2018,47.4,0.07,female,white,1,0,0,0,emergency_shelter,0,0,0,0,0,0,0,0,0
2018,54.7,0.87,female,white,1,0,0,0,emergency_shelter,0,0,0,0,0,0,1,0,0
2018,31.1,0.29,female,white,1,0,0,0,emergency_shelter,0,0,0,0,1,1,0,0,0
2018,52.2,3.38,female,white,1,0,0,0,emergency_shelter,0,0,0,0,0,0,0,0,0
2018,25.0,1.3,female,white,1,0,0,0,emergency_shelter,1,0,0,0,0,0,0,0,0
2018,52.7,0.42,female,white,1,0,0,0,emergency_shelter,0,0,0,1,0,0,0,1,0
2018,42.7,1.12,female,white,1,0,0,0,emergency_shelter,0,0,0,0,0,0,0,1,0
2018,48.0,2.1,female,white,1,0,0,0,emergency_shelter,0,0,0,0,0,0,0,0,0
2018,23.8,5.08,female,white,1,0,0,0,emergency_shelter,1,0,0,0,0,0,0,0,0
2018,27.7,0.4,female,white,1,0,0,0,emergency_shelter,0,0,0,0,0,0,0,0,0
2018,48.6,3.48,female,white,1,0,0,0,emergency_shelter,0,0,0,1,0,0,0,0,0
2018,27.0,4.36,female,white,1,0,0,0,emergency_shelter,0,0,0,0,0,0,0,0,0
2018,46.8,3.97,female,white,1,0,0,0,emergency_shelter,0,0,0,1,0,0,0,1,0
2018,21.1,1.61,female,white,1,0,0,0,emergency_shelter,1,0,1,0,1,1,1,1,1
2018,52.1,1.59,female,white,1,0,0,0,respite,0,0,0,0,0,0,0,1,0
2018,23.0,0.83,female,white,1,0,0,0,emergency_shelter,1,0,0,0,0,0,0,1,1
2018,48.0,2.23,female,white,1,0,0,0,emergency_shelter,0,0,0,0,0,1,0,0,0
2018,49.0,1.21,female,white,1,0,0,0,emergency_shelter,0,0,0,0,0,1,0,0,0
2018,30.5,1.81,female,white,1,0,0,0,emergency_shelter,0,0,0,1,1,1,0,1,0
2018,48.4,0.9,female,white,1,0,0,0,emergency_shelter,0,0,1,0,0,1,1,0,0
2018,43.9,2.1,female,white,1,0,0,0,emergency_shelter,0,0,0,0,0,0,0,0,0
2018,32.7,2.78,female,white,1,0,0,0,respite,0,0,1,0,1,0,0,0,0
2018,26.2,0.25,female,white,1,0,0,0,emergency_shelter,0,0,0,0,1,0,0,0,0
2018,15.0,2.86,female,white,1,0,0,0,other,1,0,0,0,0,0,0,0,0
2018,45.2,1.24,female,white,1,0,0,0,emergency_shelter,0,0,0,0,0,1,0,0,0
2018,18.4,2.98,female,white,1,0,0,0,emergency_shelter,1,0,0,1,1,1,0,0,0
2018,41.6,0.9,female,white,1,0,0,0,emergency_shelter,0,0,1,1,1,0,0,0,0
2018,36.6,0.76,female,white,1,0,0,0,emergency_shelter,0,0,0,1,0,0,0,0,0
2018,49.8,3.95,female,white,1,0,0,0,emergency_shelter,0,0,1,0,0,1,1,1,0
2018,36.0,0.46,female,white,1,0,0,0,emergency_shelter,0,0,0,0,0,1,0,1,0
2018,35.7,2.97,female,white,1,0,0,0,emergency_shelter,0,0,0,0,0,0,0,1,0
2018,50.5,1.06,female,white,1,0,0,0,other,0,0,0,0,0,0,0,1,0
2018,45.0,1.15,female,white,1,0,0,0,respite,0,0,1,0,0,0,1,0,0
2018,44.7,0.59,female,white,1,0,0,0,emergency_shelter,0,0,0,0,0,0,0,1,0
2018,46.8,1.36,female,white,1,0,0,0,emergency_shelter,0,0,0,0,0,0,1,0,0
2018,18.8,0.63,female,white,1,0,0,0,emergency_shelter,1,0,1,1,0,0,1,0,1
2018,50.9,0.06,female,white,1,0,0,0,emergency_shelter,0,0,0,0,1,0,1,0,0
2018,48.8,0.51,female,white,1,0,0,0,emergency_shelter,0,0,0,0,0,0,0,0,0
2018,26.0,0.05,female,white,1,0,0,0,emergency_shelter,0,0,0,0,0,0,0,1,0
2018,36.9,6.13,female,white,1,0,0,0,emergency_shelter,0,0,0,0,0,1,0,0,0
2018,39.7,5.4,female,white,1,0,0,0,emergency_shelter,0,0,0,0,1,0,0,0,0
2018,38.4,0.8,female,white,1,0,0,0,other,0,0,0,0,0,0,0,1,1
2018,44.9,2.09,female,white,1,0,0,0,emergency_shelter,0,0,0,0,0,0,0,0,0
2018,60.3,0.68,female,white,1,0,0,0,other,0,0,0,0,1,0,0,0,0
2018,55.4,1.78,female,white,1,0,0,0,emergency_shelter,0,0,0,0,0,1,0,1,1
2018,21.9,2.62,female,white,1,0,0,0,emergency_shelter,1,0,0,0,0,0,0,0,0
2018,49.0,4.69,female,white,1,0,0,0,emergency_shelter,0,0,0,0,0,1,0,0,0
2018,58.9,0.82,female,white,1,0,0,0,emergency_shelter,0,0,0,0,0,0,0,0,0
2018,45.7,2.45,female,white,1,0,0,0,emergency_shelter,0,0,0,1,0,1,0,0,1
2018,55.5,0.49,female,white,1,0,0,0,emergency_shelter,0,0,0,1,0,1,0,0,0
2018,68.4,7.42,female,white,1,0,0,0,emergency_shelter,0,0,0,1,0,0,0,0,1
2018,54.6,0.05,female,white,1,0,0,0,emergency_shelter,0,0,1,1,0,1,0,0,0
2018,43.8,1.48,female,white,1,0,0,0,emergency_shelter,0,0,0,0,0,0,0,0,1
2018,54.9,1.72,female,white,1,0,0,0,emergency_shelter,0,0,0,0,0,0,0,1,1
2018,42.3,1.86,female,white,1,0,0,0,emergency_shelter,0,0,1,0,0,0,0,1,1
2018,40.6,0.21,female,white,1,0,0,0,emergency_shelter,0,0,0,1,0,0,0,0,0
2018,35.4,4.46,female,white,1,0,0,0,emergency_shelter,0,0,0,1,0,0,1,1,0
2018,62.2,0.32,female,white,1,0,0,0,emergency_shelter,0,0,0,0,0,0,0,1,0
2018,28.8,1.56,female,white,1,0,0,0,other,0,0,0,1,0,1,0,1,0
2018,61.7,0.4,female,white,1,0,0,0,emergency_shelter,0,0,0,1,0,0,0,0,0
2018,47.3,0.59,female,white,1,0,0,0,emergency_shelter,0,0,0,0,0,0,0,0,1
2018,20.7,1.27,female,white,1,0,0,0,emergency_shelter,1,0,0,0,0,0,0,0,1
2018,45.4,0.86,female,white,1,0,0,0,emergency_shelter,0,0,0,0,0,0,0,0,0
2018,15.0,0.28,female,white,1,0,0,0,emergency_shelter,1,0,0,1,0,0,1,0,0
2018,49.0,0.3,female,white,1,0,0,0,emergency_shelter,0,0,0,0,0,0,0,0,0
2018,52.7,0.87,female,white,1,0,0,0,emergency_shelter,0,0,0,0,0,0,0,0,0
2018,32.0,2.27,female,white,1,0,0,0,emergency_shelter,0,0,0,0,0,0,1,1,0
2018,42.0,3.65,female,white,1,0,0,0,emergency_shelter,0,0,0,0,0,0,0,0,0
2018,67.6,0.14,female,white,1,0,0,0,emergency_shelter,0,0,0,0,0,0,1,0,1
2018,33.2,0.8,female,white,1,0,0,0,emergency_shelter,0,0,0,0,0,1,0,1,0
2018,25.4,0.17,female,white,1,0,0,0,respite,0,0,0,0,0,0,0,0,0
2018,61.0,0.05,female,white,1,0,0,0,emergency_shelter,0,0,0,0,0,0,0,0,0
2018,67.7,1.73,female,white,1,0,0,0,emergency_shelter,0,0,0,1,0,0,0,1,0
2018,40.3,1.48,female,white,1,0,0,0,emergency_shelter,0,0,0,0,0,1,1,1,0
2018,54.4,0.28,female,white,1,0,0,0,emergency_shelter,0,0,0,0,0,0,0,0,0
2018,62.1,2.75,female,white,0,0,1,1,outdoor,0,0,0,0,0,0,1,0,0
2018,43.9,4.11,female,white,0,0,1,1,outdoor,0,0,0,1,0,0,0,0,0
2018,44.0,10.17,female,white,0,0,1,1,outdoor,0,0,0,0,0,0,0,0,0
2018,36.2,8.86,female,white,0,0,1,1,outdoor,0,0,0,0,0,0,0,1,0
2018,24.1,12.31,female,white,0,0,1,1,outdoor,1,0,0,0,0,0,0,0,0
2018,47.8,1.17,female,white,0,0,1,1,outdoor,0,0,0,0,0,1,0,0,0
2018,42.4,5.77,female,white,0,0,1,1,outdoor,0,0,0,1,0,0,1,0,0
2018,50.3,1.42,female,white,0,0,1,1,outdoor,0,0,0,0,0,0,0,0,0
2018,35.8,2.72,female,white,0,0,1,1,outdoor,0,0,0,0,0,0,0,0,0
2018,60.4,3.8,female,white,0,0,1,1,outdoor,0,0,0,0,0,0,0,1,1
2018,31.0,2.64,female,white,0,0,1,1,outdoor,0,0,0,0,0,1,0,0,0
2018,45.5,2.01,trans_nonbinary,white,0,0,1,1,outdoor,0,0,0,0,0,0,0,1,0
2018,43.4,6.69,trans_nonbinary,white,0,0,1,1,outdoor,0,0,0,0,0,0,0,0,0
2018,48.9,1.07,trans_nonbinary,white,0,0,1,1,outdoor,0,0,0,1,0,0,0,1,0
2018,31.7,4.19,trans_nonbinary,white,0,0,1,1,outdoor,0,0,0,1,1,1,0,0,0
2018,29.3,23.54,trans_nonbinary,white,0,0,1,1,outdoor,0,0,0,0,0,0,0,0,0
2018,39.3,1.55,trans_nonbinary,white,0,0,1,1,outdoor,0,0,0,0,0,0,0,0,0
2018,62.4,3.12,trans_nonbinary,white,0,0,1,1,outdoor,0,0,0,0,0,1,0,1,0
2018,26.9,1.26,trans_nonbinary,white,0,0,1,1,outdoor,0,0,0,1,0,0,1,0,0
2018,15.0,4.7,trans_nonbinary,white,0,0,1,1,outdoor,1,0,0,0,0,0,0,0,0
2018,36.0,3.82,trans_nonbinary,white,0,0,1,1,outdoor,0,0,0,0,0,0,0,0,0
2018,59.3,2.67,trans_nonbinary,white,0,0,1,1,outdoor,0,0,0,0,0,0,0,0,0
2018,19.0,3.54,trans_nonbinary,white,0,0,1,1,outdoor,1,0,0,0,1,1,1,1,1
2018,26.7,15.15,trans_nonbinary,white,0,0,1,1,outdoor,0,0,0,0,0,0,0,0,0
2018,47.0,1.63,trans_nonbinary,white,0,0,1,1,outdoor,0,0,0,0,0,1,0,0,1
2018,79.3,1.06,trans_nonbinary,white,0,0,1,1,outdoor,0,0,0,0,0,0,0,0,1
2018,24.3,11.95,trans_nonbinary,white,0,0,1,1,outdoor,1,0,0,0,1,0,0,0,0
2018,23.7,4.1,trans_nonbinary,white,0,0,1,1,outdoor,1,0,0,0,0,0,0,0,0
2018,48.0,14.49,trans_nonbinary,white,0,0,1,1,outdoor,0,0,0,0,1,0,0,0,0
2018,60.1,4.33,trans_nonbinary,white,0,0,1,1,outdoor,0,0,1,1,0,0,0,0,0
2018,34.5,9.11,trans_nonbinary,white,0,0,1,1,outdoor,0,0,0,0,0,0,0,0,0
2018,20.6,2.82,trans_nonbinary,white,0,0,1,1,outdoor,1,0,0,0,1,1,0,1,0
2018,49.3,7.08,trans_nonbinary,white,0,0,1,1,outdoor,0,0,0,0,0,1,0,0,0
2018,51.9,17.38,trans_nonbinary,white,0,0,1,1,outdoor,0,0,0,0,1,0,0,1,0
2018,68.2,4.04,trans_nonbinary,white,0,0,1,1,outdoor,0,0,0,0,0,0,0,0,0
2018,52.5,1.57,trans_nonbinary,white,0,0,1,1,outdoor,0,0,0,1,1,0,0,0,1
2018,54.9,1.93,trans_nonbinary,white,0,0,1,1,outdoor,0,0,0,0,0,0,0,0,0
2018,39.6,1.64,trans_nonbinary,white,0,0,1,1,outdoor,0,0,0,0,0,0,0,1,0
2018,77.5,1.83,trans_nonbinary,white,0,0,1,1,outdoor,0,0,1,0,0,0,0,0,0
2018,37.7,2.1,trans_nonbinary,white,0,0,1,1,outdoor,0,0,0,0,0,0,0,0,0
2018,34.7,3.86,trans_nonbinary,white,0,0,1,1,outdoor,0,0,0,0,0,0,0,0,0
2018,68.6,4.22,trans_nonbinary,white,0,0,1,1,outdoor,0,0,0,0,0,1,0,1,0
2018,22.6,2.79,trans_nonbinary,white,0,0,1,1,outdoor,1,0,0,0,1,1,1,1,0
2018,17.4,4.56,trans_nonbinary,white,0,0,1,1,outdoor,1,0,0,0,1,0,0,0,0
2018,44.9,1.23,trans_nonbinary,white,0,0,1,1,outdoor,0,0,0,0,0,0,0,0,0
2018,43.2,1.25,trans_nonbinary,white,0,0,1,1,outdoor,0,0,0,1,0,0,0,0,0
2018,40.1,1.54,trans_nonbinary,white,0,0,1,1,outdoor,0,0,0,0,0,0,0,0,1
2021,36.0,15.83,male,white,1,1,0,1,emergency_shelter,0,0,0,0,1,0,0,0,1
2021,38.1,5.07,male,white,1,1,0,1,emergency_shelter,0,0,0,0,0,0,0,0,0
2021,63.2,2.61,male,white,1,1,0,1,emergency_shelter,0,0,0,0,0,0,1,1,0
2021,33.6,1.24,male,white,1,1,0,1,emergency_shelter,0,0,1,0,1,0,0,0,1
2021,42.6,2.03,male,white,1,1,0,1,emergency_shelter,0,0,0,1,1,0,0,0,0
2021,55.6,3.75,male,white,1,1,0,1,emergency_shelter,0,0,0,0,0,0,0,0,0
2021,33.0,1.96,male,white,1,1,0,1,other,0,0,0,0,0,0,0,1,0
2021,47.7,1.73,male,white,1,1,0,1,emergency_shelter,0,0,0,0,0,1,0,0,0
2021,45.9,3.59,male,white,1,1,0,1,emergency_shelter,0,0,0,0,0,0,0,0,0
2021,56.1,1.53,male,white,1,1,0,1,emergency_shelter,0,0,1,1,0,0,0,0,1
2021,53.0,8.71,male,white,1,1,0,1,respite,0,0,0,0,0,0,1,1,0
2021,52.6,3.22,male,white,1,1,0,1,emergency_shelter,0,0,1,0,0,0,1,0,0
2021,46.6,4.06,male,white,1,1,0,1,emergency_shelter,0,0,0,0,0,0,0,0,0
2021,20.4,1.45,male,white,1,1,0,1,emergency_shelter,1,0,0,0,0,0,0,0,0
2021,45.8,2.2,male,white,1,1,0,1,emergency_shelter,0,0,0,0,1,0,0,1,0
2021,44.6,2.69,male,white,1,1,0,1,emergency_shelter,0,0,0,0,0,0,0,1,0
2021,54.6,9.03,male,white,1,1,0,1,emergency_shelter,0,0,0,1,0,0,0,0,0
2021,37.9,7.66,male,white,1,1,0,1,respite,0,0,0,0,0,1,0,0,0
2021,44.4,1.73,male,white,1,1,0,1,respite,0,0,0,0,0,0,0,0,0
2021,44.8,4.57,male,white,1,1,0,1,other,0,0,0,0,0,0,1,1,0
2021,33.8,1.82,male,white,1,1,0,1,emergency_shelter,0,0,0,1,0,0,0,0,0
2021,27.7,30.0,male,white,1,1,0,1,other,0,0,0,0,0,0,0,0,0
2021,49.2,27.34,male,white,1,1,0,1,respite,0,0,0,0,0,0,0,0,0
2021,57.9,3.95,male,white,1,1,0,1,emergency_shelter,0,0,0,0,1,0,1,1,0
2021,35.1,5.9,male,white,1,1,0,1,emergency_shelter,0,0,0,0,0,0,0,1,0
2021,40.8,8.75,male,white,1,1,0,1,emergency_shelter,0,0,0,0,0,0,0,1,0
2021,55.4,6.37,male,white,1,1,0,1,emergency_shelter,0,0,0,1,0,0,1,0,0
2021,56.8,5.92,male,white,1,1,0,1,emergency_shelter,0,0,0,0,0,0,0,0,0
2021,47.1,30.0,male,white,1,1,0,1,emergency_shelter,0,0,0,0,0,0,0,0,0
2021,49.6,4.32,male,white,1,1,0,1,emergency_shelter,0,0,0,0,0,0,0,1,1
2021,51.3,4.85,male,white,1,1,0,1,emergency_shelter,0,0,0,0,0,0,0,0,0
2021,53.8,11.12,male,white,1,1,0,1,emergency_shelter,0,0,0,0,0,0,0,0,0
2021,28.8,5.37,male,white,1,1,0,1,emergency_shelter,0,0,1,0,1,0,0,0,0
2021,67.7,0.83,male,white,1,1,0,0,emergency_shelter,0,0,0,0,0,0,0,1,0
2021,32.7,0.17,male,white,1,1,0,0,respite,0,0,0,0,1,0,0,1,0
2021,70.7,1.22,male,white,1,1,0,0,emergency_shelter,0,0,0,1,0,0,0,0,0
2021,26.5,0.16,male,white,1,1,0,0,emergency_shelter,0,0,0,0,0,1,0,0,0
2021,30.8,2.5,male,white,1,1,0,0,emergency_shelter,0,0,0,1,0,1,0,0,0
2021,34.8,1.34,male,white,1,1,0,0,emergency_shelter,0,0,0,0,0,0,0,0,0
2021,21.8,2.06,male,white,1,1,0,0,emergency_shelter,1,0,1,0,0,0,0,1,1
2021,33.3,0.87,male,white,1,1,0,0,emergency_shelter,0,0,1,0,0,0,0,1,0
2021,33.5,0.77,male,white,1,1,0,0,emergency_shelter,0,0,0,0,0,0,0,0,0
2021,28.2,0.17,male,white,1,1,0,0,respite,0,0,0,0,1,1,1,0,1
2021,59.4,1.19,male,white,1,1,0,0,emergency_shelter,0,0,1,1,0,1,0,0,0
2021,24.5,1.16,male,white,1,1,0,0,emergency_shelter,1,0,0,1,0,0,0,1,0
2021,38.8,1.01,male,white,1,1,0,0,emergency_shelter,0,0,1,0,0,1,0,1,0
2021,55.1,30.0,male,white,1,0,0,1,emergency_shelter,0,0,0,0,1,0,0,0,0
2021,44.8,1.57,male,white,1,0,0,1,emergency_shelter,0,0,0,0,0,0,0,0,0
2021,49.2,4.3,male,white,1,0,0,1,emergency_shelter,0,0,0,0,0,0,0,1,1
2021,44.9,2.8,male,white,1,0,0,1,emergency_shelter,0,0,1,1,1,1,1,1,0
2021,46.7,2.25,male,white,1,0,0,1,emergency_shelter,0,0,0,0,0,0,0,1,0
2021,28.7,3.97,male,white,1,0,0,1,emergency_shelter,0,0,1,0,0,0,1,1,1
2021,45.5,8.06,male,white,1,0,0,1,emergency_shelter,0,0,1,1,1,1,0,0,0
2021,63.8,1.06,male,white,1,0,0,1,emergency_shelter,0,0,0,0,0,0,0,1,0
2021,46.2,30.0,male,white,1,0,0,1,emergency_shelter,0,0,0,0,0,0,0,0,0
2021,32.1,9.1,male,white,1,0,0,1,emergency_shelter,0,0,0,0,0,0,0,0,0
2021,64.5,7.11,male,white,1,0,0,1,emergency_shelter,0,0,0,1,0,1,0,0,0
2021,53.9,7.37,male,white,1,0,0,1,emergency_shelter,0,0,0,0,0,0,1,0,0
2021,54.6,2.56,male,white,1,0,0,1,emergency_shelter,0,0,0,0,0,0,0,0,0
2021,54.2,7.12,male,white,1,0,0,1,emergency_shelter,0,0,0,0,0,0,0,0,0
2021,28.1,2.54,male,white,1,0,0,1,emergency_shelter,0,0,0,0,0,0,0,1,0
2021,52.9,15.41,male,white,1,0,0,1,emergency_shelter,0,0,0,0,0,0,0,0,0
2021,63.2,1.56,male,white,1,0,0,1,emergency_shelter,0,0,0,0,1,0,0,0,0
2021,37.1,2.04,male,white,1,0,0,1,emergency_shelter,0,0,0,0,0,0,0,0,0
2021,16.8,3.83,male,white,1,0,0,1,emergency_shelter,1,0,0,0,0,1,0,1,0
2021,48.9,2.17,male,white,1,0,0,1,emergency_shelter,0,0,0,0,0,0,0,0,0
2021,44.3,2.78,male,white,1,0,0,1,respite,0,0,0,0,0,0,0,0,1
2021,22.2,3.29,male,white,1,0,0,1,emergency_shelter,1,0,0,0,0,0,0,1,0
2021,52.3,11.58,male,white,1,0,0,1,emergency_shelter,0,0,0,0,0,0,0,1,0
2021,51.2,3.55,male,white,1,0,0,1,respite,0,0,1,1,0,1,1,0,0
2021,46.3,1.27,male,white,1,0,0,0,emergency_shelter,0,0,1,1,1,1,0,1,0
2021,57.8,0.1,male,white,1,0,0,0,emergency_shelter,0,0,0,0,0,0,0,0,0
2021,35.1,0.15,male,white,1,0,0,0,emergency_shelter,0,0,0,0,0,0,0,0,0
2021,62.6,2.83,male,white,1,0,0,0,emergency_shelter,0,0,0,0,0,0,0,0,0
2021,52.6,1.75,male,white,0,1,0,1,emergency_shelter,0,0,0,1,0,0,0,1,0
2021,21.0,8.91,male,white,0,1,0,1,emergency_shelter,1,0,0,0,0,0,0,0,0
2021,63.2,4.88,male,white,0,1,0,1,emergency_shelter,0,0,0,0,0,0,0,0,0
2021,50.5,3.97,male,white,0,1,0,1,other,0,0,0,0,1,0,0,1,1
2021,85.0,1.74,male,white,0,1,0,1,emergency_shelter,0,0,0,0,1,0,0,1,0
2021,73.0,18.21,male,white,0,1,0,1,emergency_shelter,0,0,0,0,0,0,0,1,0
2021,43.7,1.61,male,white,0,1,0,1,emergency_shelter,0,0,0,1,0,0,0,1,0
2021,68.8,8.5,male,white,0,1,0,1,emergency_shelter,0,0,0,1,0,1,0,0,0
2021,55.7,30.0,male,white,0,1,0,1,emergency_shelter,0,0,1,0,1,0,0,1,0
2021,47.1,6.51,male,white,0,1,0,1,emergency_shelter,0,0,0,0,0,0,0,0,0
2021,20.6,30.0,male,white,0,1,0,1,emergency_shelter,1,0,0,0,0,0,0,1,0
2021,23.9,5.07,male,white,0,1,0,1,emergency_shelter,1,0,0,0,0,0,0,0,0
2021,43.9,1.71,male,white,0,1,0,1,emergency_shelter,0,0,0,0,0,0,0,0,0
2021,36.9,1.66,male,white,0,1,0,1,emergency_shelter,0,0,0,1,1,1,1,0,1
2021,47.0,2.2,male,white,0,1,0,1,emergency_shelter,0,0,0,0,0,0,1,1,0
2021,63.0,1.02,male,white,0,1,0,1,emergency_shelter,0,0,0,0,0,0,0,0,0
2021,55.9,5.58,male,white,0,1,0,1,emergency_shelter,0,0,0,0,0,1,1,0,1
2021,34.1,1.93,male,white,0,1,0,1,emergency_shelter,0,0,0,1,0,1,0,1,0
2021,56.8,9.33,male,white,0,1,0,1,emergency_shelter,0,0,1,0,0,0,1,1,0
2021,31.0,2.38,male,white,0,1,0,1,respite,0,0,0,1,0,0,0,1,0
2021,27.8,3.19,male,white,0,1,0,1,emergency_shelter,0,0,0,0,0,1,0,0,0
2021,49.2,30.0,male,white,0,1,0,1,emergency_shelter,0,0,0,0,0,0,1,1,0
2021,32.4,1.81,male,white,0,1,0,1,emergency_shelter,0,0,0,0,0,0,0,0,1
2021,34.8,6.37,male,white,0,1,0,1,emergency_shelter,0,0,0,0,0,0,1,1,0
2021,57.7,7.22,male,white,0,1,0,1,respite,0,0,0,0,0,0,0,1,0
2021,53.0,1.72,male,white,0,1,0,1,emergency_shelter,0,0,0,0,0,0,0,0,0
2021,38.6,3.36,male,white,0,1,0,1,emergency_shelter,0,0,0,0,0,0,0,1,0
2021,21.1,2.33,male,white,0,1,0,1,other,1,0,0,1,0,0,0,0,0
2021,33.5,7.71,male,white,0,1,0,1,emergency_shelter,0,0,0,0,0,0,0,1,0
2021,71.0,4.66,male,white,0,1,0,1,emergency_shelter,0,0,0,0,0,0,0,0,0
2021,57.4,3.15,male,white,0,1,0,1,emergency_shelter,0,0,0,0,0,0,0,1,0
2021,63.8,7.95,male,white,0,1,0,1,emergency_shelter,0,0,0,0,0,0,0,1,0
2021,47.4,1.78,male,white,0,1,0,1,other,0,0,0,0,0,0,0,0,0
2021,38.9,7.18,male,white,0,1,0,1,emergency_shelter,0,0,0,0,0,0,0,0,1
2021,56.5,12.23,male,white,0,1,0,1,respite,0,0,0,0,0,0,0,0,0
2021,61.8,13.32,male,white,0,1,0,1,other,0,0,1,0,0,0,1,1,0
2021,37.1,8.1,male,white,0,1,0,1,emergency_shelter,0,0,1,0,0,0,0,0,0
2021,33.8,2.67,male,white,0,1,0,1,emergency_shelter,0,0,0,0,1,0,0,0,0
2021,22.5,30.0,male,white,0,1,0,1,emergency_shelter,1,0,0,0,0,0,0,0,0
2021,30.5,1.2,male,white,0,1,0,0,emergency_shelter,0,0,0,1,0,0,0,1,0
2021,15.0,4.69,male,white,0,1,0,0,emergency_shelter,1,0,0,1,0,0,0,0,0
2021,33.9,0.79,male,white,0,1,0,0,emergency_shelter,0,0,0,1,1,0,1,1,0
2021,24.3,0.11,male,white,0,1,0,0,respite,1,0,0,0,0,0,0,0,0
2021,69.6,0.79,male,white,0,1,0,0,emergency_shelter,0,0,0,0,0,0,0,0,0
2021,41.7,0.25,male,white,0,1,0,0,emergency_shelter,0,0,0,1,0,0,0,1,0
2021,51.2,0.42,male,white,0,1,0,0,emergency_shelter,0,0,0,0,0,1,0,0,0
2021,49.7,1.54,male,white,0,1,0,0,respite,0,0,0,0,1,0,1,1,0
2021,45.2,0.11,male,white,0,1,0,0,emergency_shelter,0,0,0,1,0,0,0,0,0
2021,35.0,1.0,male,white,0,1,0,0,emergency_shelter,0,0,0,0,0,0,0,0,0
2021,33.2,1.5,male,white,0,1,0,0,respite,0,0,0,0,0,0,0,1,0
2021,15.0,0.88,male,white,0,1,0,0,emergency_shelter,1,0,0,0,0,0,0,1,0
2021,42.8,0.05,male,white,0,1,0,0,emergency_shelter,0,0,0,0,0,0,0,0,0
2021,45.0,6.78,male,white,0,1,0,0,emergency_shelter,0,0,0,0,0,0,0,0,0
2021,40.2,0.73,male,white,0,1,0,0,respite,0,0,1,0,0,0,0,0,0
2021,42.8,2.41,male,white,0,1,0,0,other,0,0,0,0,0,1,0,0,0
2021,23.9,0.63,male,white,0,1,0,0,respite,1,0,0,0,0,0,0,0,0
2021,36.7,1.03,male,white,0,1,0,0,emergency_shelter,0,0,0,0,0,0,0,0,0
2021,31.7,0.79,male,white,0,1,0,0,respite,0,0,0,0,0,0,0,1,0
2021,15.0,4.93,male,white,0,0,0,1,other,1,0,0,0,0,1,0,0,0
2021,72.8,1.94,male,white,0,0,0,1,other,0,0,0,1,1,0,0,0,0
2021,37.1,8.5,male,white,0,0,0,1,emergency_shelter,0,0,0,0,0,0,0,0,0
2021,78.0,1.76,male,white,0,0,0,1,emergency_shelter,0,0,0,1,0,0,0,1,0
2021,49.1,1.49,male,white,0,0,0,1,emergency_shelter,0,0,0,1,0,0,0,0,0
2021,41.0,8.06,male,white,0,0,0,1,emergency_shelter,0,0,0,0,0,0,0,1,0
2021,46.4,6.09,male,white,0,0,0,1,emergency_shelter,0,0,0,0,0,0,0,1,0
2021,33.9,1.58,male,white,0,0,0,1,emergency_shelter,0,0,0,0,0,0,0,0,1
2021,44.7,1.34,male,white,0,0,0,1,emergency_shelter,0,0,0,0,0,0,0,0,0
2021,72.0,10.48,male,white,0,0,0,1,emergency_shelter,0,0,0,1,1,0,0,0,1
2021,31.2,7.86,male,white,0,0,0,1,emergency_shelter,0,0,0,0,0,0,0,1,0
2021,51.3,2.21,male,white,0,0,0,1,emergency_shelter,0,0,0,1,0,0,1,1,0
2021,33.7,5.18,male,white,0,0,0,1,emergency_shelter,0,0,0,1,0,0,0,1,0
2021,41.5,1.37,male,white,0,0,0,1,emergency_shelter,0,0,0,0,0,0,0,0,0
2021,71.5,3.41,male,white,0,0,0,1,emergency_shelter,0,0,0,0,0,0,1,0,1
2021,51.2,1.05,male,white,0,0,0,1,emergency_shelter,0,0,0,0,1,0,0,0,0
2021,54.3,2.57,male,white,0,0,0,1,emergency_shelter,0,0,0,1,0,0,0,1,0
2021,44.8,1.21,male,white,0,0,0,1,emergency_shelter,0,0,0,0,0,0,0,0,0
2021,81.6,3.15,male,white,0,0,0,1,emergency_shelter,0,0,0,1,0,0,1,1,0
2021,30.5,2.76,male,white,0,0,0,1,emergency_shelter,0,0,0,0,0,0,0,0,1
2021,21.7,2.92,male,white,0,0,0,1,emergency_shelter,1,0,0,0,0,0,0,0,0
2021,67.4,1.13,male,white,0,0,0,1,emergency_shelter,0,0,0,0,1,0,1,0,1
2021,38.5,2.4,male,white,0,0,0,1,emergency_shelter,0,0,0,0,0,0,0,1,0
2021,49.6,7.26,male,white,0,0,0,1,other,0,0,0,0,0,0,1,0,0
2021,67.9,2.44,male,white,0,0,0,1,emergency_shelter,0,0,0,0,0,0,0,0,0
2021,49.8,6.24,male,white,0,0,0,1,respite,0,0,0,1,1,0,0,0,0
2021,75.1,2.44,male,white,0,0,0,1,emergency_shelter,0,0,0,0,0,0,0,0,0
2021,45.7,2.77,male,white,0,0,0,1,emergency_shelter,0,0,0,0,0,0,1,0,0
2021,33.9,3.96,male,white,0,0,0,1,emergency_shelter,0,0,0,0,0,0,0,0,0
2021,15.0,26.74,male,white,0,0,0,1,emergency_shelter,1,0,0,0,0,0,0,1,0
2021,48.0,1.32,male,white,0,0,0,1,respite,0,0,0,0,1,1,0,0,0
2021,15.0,1.09,male,white,0,0,0,1,emergency_shelter,1,0,0,0,0,0,0,0,0
2021,48.4,4.47,male,white,0,0,0,1,emergency_shelter,0,0,0,0,0,0,1,1,0
2021,64.3,26.12,male,white,0,0,0,1,emergency_shelter,0,0,0,0,0,0,0,0,0
2021,43.6,30.0,male,white,0,0,0,1,emergency_shelter,0,0,0,1,0,0,1,0,0
2021,46.5,3.22,male,white,0,0,0,1,emergency_shelter,0,0,0,0,0,0,0,1,0
2021,56.6,3.09,male,white,0,0,0,1,emergency_shelter,0,0,0,0,0,0,0,0,0
2021,53.2,4.98,male,white,0,0,0,1,respite,0,0,0,0,0,0,0,1,0
2021,60.1,3.87,male,white,0,0,0,1,emergency_shelter,0,0,0,0,0,0,0,0,0
2021,43.6,4.82,male,white,0,0,0,1,emergency_shelter,0,0,0,0,0,0,0,0,0
2021,15.0,12.92,male,white,0,0,0,1,emergency_shelter,1,0,0,1,0,0,0,0,0
2021,60.3,6.98,male,white,0,0,0,1,emergency_shelter,0,0,0,0,0,0,0,0,0
2021,40.5,3.32,male,white,0,0,0,1,emergency_shelter,0,0,0,0,0,0,0,0,0
2021,31.5,3.05,male,white,0,0,0,1,other,0,0,0,1,0,1,0,0,0
2021,48.5,4.9,male,white,0,0,0,1,emergency_shelter,0,0,0,0,0,0,0,0,1
2021,46.4,3.0,male,white,0,0,0,1,emergency_shelter,0,0,0,1,0,1,0,0,0
2021,33.3,3.02,male,white,0,0,0,1,respite,0,0,0,1,0,0,0,0,1
2021,25.8,1.04,male,white,0,0,0,1,emergency_shelter,0,0,0,1,0,0,0,1,1
2021,50.4,1.54,male,white,0,0,0,1,emergency_shelter,0,0,0,0,1,0,0,1,0
2021,31.9,3.25,male,white,0,0,0,1,emergency_shelter,0,0,0,0,0,0,0,1,0
2021,45.4,9.67,male,white,0,0,0,1,respite,0,0,0,0,0,0,0,1,0
2021,49.1,1.97,male,white,0,0,0,1,emergency_shelter,0,0,0,0,1,1,1,0,0
2021,57.4,3.55,male,white,0,0,0,1,emergency_shelter,0,0,0,0,0,0,1,0,0
2021,73.5,2.3,male,white,0,0,0,1,emergency_shelter,0,0,0,0,0,1,0,0,0
2021,47.1,1.31,male,white,0,0,0,1,emergency_shelter,0,0,0,0,0,1,0,0,0
2021,37.9,30.0,male,white,0,0,0,1,emergency_shelter,0,0,0,0,0,1,0,0,0
2021,67.0,11.47,male,white,0,0,0,1,emergency_shelter,0,0,0,0,0,0,0,0,0
2021,58.5,1.22,male,white,0,0,0,1,emergency_shelter,0,0,1,1,0,0,0,0,1
2021,46.2,6.34,male,white,0,0,0,1,respite,0,0,0,0,0,0,1,0,0
2021,47.1,2.32,male,white,0,0,0,1,emergency_shelter,0,0,0,1,0,0,0,0,1
2021,44.2,30.0,male,white,0,0,0,1,emergency_shelter,0,0,0,1,1,1,0,0,0
2021,46.1,2.09,male,white,0,0,0,1,respite,0,0,0,0,0,0,0,0,1
2021,42.4,1.8,male,white,0,0,0,1,emergency_shelter,0,0,0,0,0,0,0,0,0
2021,30.2,4.0,male,white,0,0,0,1,other,0,0,0,0,0,0,0,1,0
2021,43.9,10.3,male,white,0,0,0,1,emergency_shelter,0,0,0,0,0,0,0,1,0
2021,68.4,1.61,male,white,0,0,0,1,emergency_shelter,0,0,0,0,0,0,0,0,0
2021,32.4,6.12,male,white,0,0,0,1,emergency_shelter,0,0,0,1,0,0,0,0,0
2021,40.0,1.17,male,white,0,0,0,1,emergency_shelter,0,0,0,0,0,0,1,1,0
2021,31.3,18.36,male,white,0,0,0,1,emergency_shelter,0,0,1,0,0,0,0,0,0
2021,60.0,1.23,male,white,0,0,0,1,emergency_shelter,0,0,1,1,0,0,0,0,0
2021,55.4,17.57,male,white,0,0,0,1,emergency_shelter,0,0,0,1,0,0,0,0,1
2021,25.9,3.27,male,white,0,0,0,1,emergency_shelter,0,0,0,0,0,0,0,0,0
2021,15.6,2.94,male,white,0,0,0,1,emergency_shelter,1,0,0,0,0,0,0,0,0
2021,52.9,2.37,male,white,0,0,0,0,emergency_shelter,0,0,0,0,1,0,0,1,0
2021,66.5,5.69,male,white,0,0,0,0,emergency_shelter,0,0,0,0,0,0,0,1,0
2021,31.2,4.6,male,white,0,0,0,0,emergency_shelter,0,0,1,0,1,0,0,0,0
2021,15.0,0.49,male,white,0,0,0,0,other,1,0,0,0,0,0,0,0,0
2021,32.7,0.41,male,white,0,0,0,0,emergency_shelter,0,0,0,1,0,0,1,0,1
2021,30.2,5.05,male,white,0,0,0,0,emergency_shelter,0,0,0,1,0,0,0,0,0
2021,17.4,0.98,male,white,0,0,0,0,emergency_shelter,1,0,0,0,0,0,0,0,0
2021,35.0,0.37,male,white,0,0,0,0,emergency_shelter,0,0,0,1,0,0,0,1,0
2021,54.7,1.96,male,white,0,0,0,0,other,0,0,0,0,0,0,1,0,0
2021,32.5,0.54,male,white,0,0,0,0,emergency_shelter,0,0,0,0,0,0,0,0,0
2021,35.6,0.5,male,white,0,0,0,0,emergency_shelter,0,0,0,0,0,0,0,0,1
2021,60.0,3.38,male,white,0,0,0,0,emergency_shelter,0,0,0,0,0,0,0,0,0
2021,30.3,0.28,male,white,0,0,0,0,emergency_shelter,0,0,0,1,0,0,0,0,0
2021,49.5,0.11,male,white,0,0,0,0,emergency_shelter,0,0,0,0,0,0,0,0,0
2021,16.9,0.5,male,white,0,0,0,0,emergency_shelter,1,0,1,0,0,0,0,1,1
2021,27.3,1.49,male,white,0,0,0,0,emergency_shelter,0,0,0,0,0,0,0,1,0
2021,37.8,0.21,male,white,0,0,0,0,emergency_shelter,0,0,0,0,0,0,0,0,0
2021,57.7,1.02,male,white,0,0,0,0,emergency_shelter,0,0,0,0,0,1,0,0,0
2021,28.0,1.58,male,white,0,0,0,0,emergency_shelter,0,0,0,0,0,0,0,1,1
2021,27.9,3.02,male,white,0,0,0,0,other,0,0,0,0,0,0,0,0,0
2021,44.6,0.42,male,white,0,0,0,0,other,0,0,0,0,0,0,0,0,0
2021,46.9,2.72,male,white,0,0,0,0,emergency_shelter,0,0,0,1,0,1,1,0,1
2021,26.3,0.43,male,white,0,0,0,0,emergency_shelter,0,0,0,0,0,1,0,1,0
2021,33.5,1.81,male,white,0,0,0,0,emergency_shelter,0,0,0,0,1,0,0,0,0
2021,56.0,0.9,male,white,0,0,0,0,emergency_shelter,0,0,0,0,0,0,0,0,0
2021,24.3,0.19,male,white,0,0,0,0,emergency_shelter,1,0,0,0,0,1,0,1,0
2021,45.6,2.0,male,white,0,0,0,0,emergency_shelter,0,0,1,0,0,0,0,0,0
2021,33.6,0.39,male,white,0,0,0,0,emergency_shelter,0,0,0,0,1,0,0,0,0
2021,60.5,0.31,male,white,0,0,0,0,emergency_shelter,0,0,0,0,0,0,0,1,0
2021,48.9,0.71,male,white,0,0,0,0,emergency_shelter,0,0,0,0,0,0,0,0,0
2021,53.1,1.69,male,white,0,0,0,0,emergency_shelter,0,0,0,0,0,0,0,1,0
2021,33.3,0.43,male,white,0,0,0,0,emergency_shelter,0,0,0,0,0,0,0,0,0
2021,52.4,0.32,male,white,0,0,0,0,emergency_shelter,0,0,0,0,0,0,0,1,0
2021,52.0,0.05,male,white,0,0,0,0,emergency_shelter,0,0,0,0,0,0,0,0,0
2021,48.1,1.02,male,white,0,0,0,0,emergency_shelter,0,0,0,0,1,0,0,1,0
2021,36.9,0.9,male,white,0,0,0,0,emergency_shelter,0,0,0,0,0,1,0,0,0
2021,43.1,0.43,male,white,0,0,0,0,emergency_shelter,0,0,0,0,1,0,0,0,0
2021,15.0,0.09,male,white,0,0,0,0,emergency_shelter,1,0,0,0,0,0,0,0,0
2021,65.4,0.9,male,white,0,0,0,0,emergency_shelter,0,0,0,0,0,0,0,0,0
2021,32.4,2.48,male,white,0,0,0,0,emergency_shelter,0,0,0,1,0,0,0,0,0
2021,36.1,2.01,male,white,0,0,0,0,other,0,0,1,0,0,0,0,1,0
2021,22.4,3.15,male,white,0,0,0,0,emergency_shelter,1,0,0,1,0,0,0,0,0
2021,50.2,0.05,male,white,0,0,0,0,emergency_shelter,0,0,1,0,0,1,1,1,0
2021,48.2,5.43,male,white,0,0,0,0,emergency_shelter,0,0,0,0,0,1,0,0,0
2021,36.7,0.67,male,white,0,0,0,0,emergency_shelter,0,0,0,0,0,0,0,1,0
2021,15.0,7.43,male,white,0,0,0,0,respite,1,0,0,0,0,0,0,0,0
2021,30.9,0.47,male,white,0,0,0,0,emergency_shelter,0,0,0,1,0,0,0,0,0
2021,47.3,1.02,male,white,0,0,0,0,emergency_shelter,0,0,0,1,0,0,0,1,0
2021,44.3,0.7,male,white,0,0,0,0,emergency_shelter,0,0,0,0,1,1,1,0,0
2021,40.2,0.7,male,white,0,0,0,0,emergency_shelter,0,0,0,0,0,0,0,0,0
2021,34.9,2.96,male,white,0,0,0,0,respite,0,0,0,1,1,0,0,1,0
2021,18.7,2.2,male,white,0,0,0,0,emergency_shelter,1,0,0,0,0,0,0,0,0
2021,54.3,7.76,male,white,0,0,0,0,emergency_shelter,0,0,0,0,0,0,0,0,0
2021,41.5,2.81,male,other,1,1,1,1,outdoor,0,0,1,0,0,0,0,0,0
2021,53.2,6.78,male,other,1,1,0,1,other,0,0,0,0,0,0,0,0,0
2021,28.0,3.18,male,other,1,1,0,1,emergency_shelter,0,0,0,1,0,0,0,0,0
2021,77.3,2.99,male,other,1,1,0,1,emergency_shelter,0,0,0,1,0,0,0,0,0
2021,53.9,11.26,male,other,1,1,0,1,respite,0,0,0,0,0,0,0,0,1
2021,46.5,6.1,male,other,1,1,0,1,emergency_shelter,0,0,0,0,0,1,0,1,0
2021,41.3,1.09,male,other,1,1,0,1,emergency_shelter,0,0,0,0,0,1,0,0,0
2021,40.4,2.06,male,other,1,1,0,1,emergency_shelter,0,0,0,0,0,0,0,0,0
2021,60.2,12.66,male,other,1,1,0,1,respite,0,0,0,1,0,0,0,0,0
2021,37.0,1.05,male,other,1,1,0,1,emergency_shelter,0,0,0,0,1,1,0,1,0
2021,51.9,3.76,male,other,1,1,0,1,emergency_shelter,0,0,1,0,0,1,0,0,1
2021,38.9,6.52,male,other,1,1,0,1,emergency_shelter,0,0,1,0,0,0,0,0,0
2021,71.0,4.65,male,other,1,1,0,1,emergency_shelter,0,0,0,1,0,0,0,0,0
2021,54.2,7.37,male,other,1,1,0,1,respite,0,0,0,0,0,0,0,1,1
2021,61.3,6.47,male,other,1,1,0,1,respite,0,0,0,0,0,0,0,1,0
2021,35.6,5.77,male,other,1,1,0,1,other,0,0,1,0,1,0,1,1,1
2021,58.6,9.62,male,other,1,1,0,1,emergency_shelter,0,0,0,0,0,0,0,0,0
2021,39.4,4.99,male,other,1,1,0,1,emergency_shelter,0,0,0,1,0,1,1,1,0
2021,45.4,2.64,male,other,1,1,0,1,emergency_shelter,0,0,0,0,0,0,1,0,1
2021,66.7,3.12,male,other,1,1,0,1,emergency_shelter,0,0,0,1,0,0,0,1,0
2021,29.2,6.27,male,other,1,1,0,1,emergency_shelter,0,0,0,1,0,0,0,0,0
2021,46.7,13.11,male,other,1,1,0,1,respite,0,0,0,0,0,0,0,0,0
2021,50.0,1.94,male,other,1,1,0,1,respite,0,0,0,0,0,0,0,0,0
2021,51.1,2.29,male,other,1,1,0,1,other,0,0,0,0,0,1,0,0,0
2021,37.5,20.72,male,other,1,1,0,1,respite,0,0,0,0,0,0,0,1,0
2021,73.0,4.12,male,other,1,1,0,1,respite,0,0,0,0,1,0,1,0,0
2021,25.7,1.56,male,other,1,1,0,1,emergency_shelter,0,0,0,0,0,0,0,1,0
2021,64.2,5.27,male,other,1,1,0,1,respite,0,0,1,0,0,0,0,1,0
2021,60.8,30.0,male,other,1,1,0,1,emergency_shelter,0,0,0,0,0,0,0,0,0
2021,70.4,9.71,male,other,1,1,0,1,emergency_shelter,0,0,0,0,0,0,0,0,0
2021,21.6,6.97,male,other,1,1,0,1,emergency_shelter,1,0,0,0,0,1,0,0,0
2021,31.7,1.67,male,other,1,1,0,1,emergency_shelter,0,0,0,0,1,0,0,1,0
2021,64.7,13.1,male,other,1,1,0,1,emergency_shelter,0,0,0,1,1,0,0,0,0
2021,17.5,3.58,male,other,1,1,0,1,emergency_shelter,1,0,0,0,0,1,0,1,0
2021,21.3,14.35,male,other,1,1,0,1,emergency_shelter,1,0,0,0,0,1,1,1,0
2021,37.0,2.22,male,other,1,1,0,1,respite,0,0,0,0,0,0,0,0,0
2021,46.5,1.17,male,other,1,1,0,1,respite,0,0,0,0,0,1,0,0,0
2021,66.1,3.15,male,other,1,1,0,1,emergency_shelter,0,0,0,0,1,0,1,0,0
2021,41.2,1.93,male,other,1,1,0,1,emergency_shelter,0,0,1,0,0,0,1,0,1
2021,35.3,6.24,male,other,1,1,0,1,emergency_shelter,0,0,0,0,0,0,0,0,0
2021,48.2,29.64,male,other,1,1,0,1,emergency_shelter,0,0,0,0,1,1,1,0,1
2021,50.4,5.75,male,other,1,1,0,1,emergency_shelter,0,0,0,1,0,0,0,1,0
2021,50.0,14.11,male,other,1,1,0,1,other,0,0,0,0,0,0,0,1,1
2021,41.3,2.98,male,other,1,1,0,1,emergency_shelter,0,0,0,0,0,0,0,1,0
2021,16.5,7.71,male,other,1,1,0,1,emergency_shelter,1,0,0,0,0,1,0,0,1
2021,31.0,10.75,male,other,1,1,0,1,emergency_shelter,0,0,0,0,0,0,0,0,0
2021,63.7,6.15,male,other,1,1,0,1,emergency_shelter,0,0,0,0,0,0,0,1,0
2021,46.4,3.42,male,other,1,1,0,1,emergency_shelter,0,0,0,1,0,1,0,1,0
2021,39.3,4.7,male,other,1,1,0,1,emergency_shelter,0,0,0,0,0,1,0,0,0
2021,59.5,5.94,male,other,1,1,0,1,other,0,0,0,0,0,0,0,0,0
2021,28.0,1.86,male,other,1,1,0,1,emergency_shelter,0,0,0,0,0,0,0,0,0
2021,40.7,9.09,male,other,1,1,0,1,emergency_shelter,0,0,0,0,0,0,0,0,0
2021,45.8,26.6,male,other,1,1,0,1,emergency_shelter,0,0,0,0,0,0,0,0,1
2021,37.6,3.07,male,other,1,1,0,1,emergency_shelter,0,0,0,0,0,0,0,0,0
2021,45.2,5.95,male,other,1,1,0,1,emergency_shelter,0,0,0,1,0,0,1,0,0
2021,41.2,6.75,male,other,1,1,0,1,emergency_shelter,0,0,0,0,0,0,1,1,0
2021,24.2,5.25,male,other,1,1,0,1,emergency_shelter,1,0,0,0,1,0,0,0,0
2021,46.4,3.78,male,other,1,1,0,1,emergency_shelter,0,0,0,1,0,0,0,1,0
2021,25.2,13.59,male,other,1,1,0,1,emergency_shelter,0,0,0,1,0,0,0,0,0
2021,46.1,2.95,male,other,1,1,0,1,emergency_shelter,0,0,0,0,0,0,0,0,0
2021,63.1,1.17,male,other,1,1,0,1,emergency_shelter,0,0,0,0,0,0,0,1,0
2021,39.9,10.84,male,other,1,1,0,1,emergency_shelter,0,0,0,0,0,1,0,0,0
2021,27.4,5.44,male,other,1,1,0,1,emergency_shelter,0,0,0,0,1,0,0,0,0
2021,42.0,11.12,male,other,1,1,0,1,emergency_shelter,0,0,0,0,0,0,0,0,0
2021,32.2,1.42,male,other,1,1,0,1,emergency_shelter,0,0,0,0,0,0,0,0,0
2021,52.1,1.08,male,other,1,1,0,1,emergency_shelter,0,0,0,0,0,0,0,0,0
2021,35.6,0.36,male,other,1,1,0,0,emergency_shelter,0,0,0,0,0,0,0,0,0
2021,37.6,0.55,male,other,1,1,0,0,emergency_shelter,0,0,0,0,0,0,0,1,0
2021,52.2,1.89,male,other,1,1,0,0,emergency_shelter,0,0,0,0,0,1,0,1,0
2021,38.7,4.14,male,other,1,1,0,0,emergency_shelter,0,0,0,1,0,0,1,0,0
2021,52.4,0.32,male,other,1,1,0,0,emergency_shelter,0,0,0,0,0,0,0,0,0
2021,49.0,0.14,male,other,1,1,0,0,emergency_shelter,0,0,0,0,0,1,1,0,0
2021,48.8,3.41,male,other,1,1,0,0,emergency_shelter,0,0,0,0,1,0,0,1,0
2021,60.3,3.95,male,other,1,1,0,0,emergency_shelter,0,0,0,0,1,0,0,1,0
2021,25.2,0.52,male,other,1,1,0,0,emergency_shelter,0,0,0,0,0,0,0,1,1
2021,34.2,0.76,male,other,1,1,0,0,respite,0,0,0,1,0,0,0,0,1
2021,65.5,1.73,male,other,1,1,0,0,respite,0,0,1,0,0,0,0,0,0
2021,37.2,0.64,male,other,1,1,0,0,emergency_shelter,0,0,0,0,0,0,0,0,0
2021,15.0,3.35,male,other,1,1,0,0,emergency_shelter,1,0,0,0,1,1,1,1,0
2021,38.0,0.18,male,other,1,1,0,0,emergency_shelter,0,0,1,0,0,0,0,0,0
2021,42.7,0.06,male,other,1,1,0,0,emergency_shelter,0,0,0,0,0,0,0,1,0
2021,15.0,0.37,male,other,1,1,0,0,emergency_shelter,1,0,0,0,0,0,0,0,0
2021,59.5,0.54,male,other,1,1,0,0,emergency_shelter,0,0,0,0,0,0,0,1,0
2021,30.8,0.19,male,other,1,1,0,0,emergency_shelter,0,0,0,0,0,1,0,1,0
2021,45.4,0.11,male,other,1,1,0,0,emergency_shelter,0,0,0,1,0,0,0,0,0
2021,37.7,2.25,male,other,1,1,0,0,emergency_shelter,0,0,0,0,0,0,0,0,0
2021,22.8,0.29,male,other,1,1,0,0,emergency_shelter,1,0,0,0,0,0,0,0,0
2021,25.8,3.92,male,other,1,1,0,0,emergency_shelter,0,0,0,0,0,0,0,0,0
2021,27.7,0.73,male,other,1,1,0,0,emergency_shelter,0,0,0,0,0,0,0,0,0
2021,56.0,1.78,male,other,1,1,0,0,emergency_shelter,0,0,0,0,0,0,0,0,0
2021,38.8,0.41,male,other,1,1,0,0,emergency_shelter,0,0,0,1,0,0,0,1,0
2021,33.5,0.44,male,other,1,1,0,0,emergency_shelter,0,0,0,0,0,0,0,0,0
2021,27.7,1.37,male,other,1,1,0,0,emergency_shelter,0,0,0,1,1,0,1,0,0
2021,57.6,1.32,male,other,1,1,0,0,emergency_shelter,0,0,0,0,0,1,0,1,0
2021,61.3,2.34,male,other,1,1,0,0,emergency_shelter,0,0,0,0,0,0,0,1,0
2021,57.4,2.27,male,other,1,1,0,0,emergency_shelter,0,0,1,0,0,0,0,1,0
2021,47.7,1.78,male,other,1,1,0,0,emergency_shelter,0,0,1,0,0,0,0,1,1
2021,44.9,0.95,male,other,1,1,0,0,emergency_shelter,0,0,0,0,0,0,0,0,0
2021,23.8,3.54,male,other,1,1,0,0,emergency_shelter,1,0,0,1,0,0,0,0,0
2021,37.4,1.56,male,other,1,1,0,0,emergency_shelter,0,0,0,0,0,0,0,0,0
2021,31.2,7.4,male,other,1,1,0,0,emergency_shelter,0,0,0,0,0,0,0,0,1
2021,15.3,2.74,male,other,1,1,0,0,emergency_shelter,1,0,0,1,0,0,1,1,1
2021,55.6,0.07,male,other,1,1,0,0,emergency_shelter,0,0,0,0,0,0,0,0,0
2021,31.1,0.62,male,other,1,1,0,0,emergency_shelter,0,0,0,0,1,1,0,1,0
2021,57.6,1.36,male,other,1,1,0,0,emergency_shelter,0,0,0,0,0,0,0,0,0
2021,53.2,2.05,male,other,1,1,0,0,emergency_shelter,0,0,0,0,1,0,0,0,0
2021,48.6,1.28,male,other,1,1,0,0,emergency_shelter,0,0,0,0,0,0,0,1,0
2021,49.4,2.47,male,other,1,1,0,0,respite,0,0,1,0,1,0,0,0,0
2021,32.2,0.53,male,other,1,1,0,0,emergency_shelter,0,0,0,0,0,0,1,0,0
2021,66.8,0.33,male,other,1,1,0,0,emergency_shelter,0,0,0,0,0,0,0,1,0
2021,41.4,0.09,male,other,1,1,0,0,emergency_shelter,0,0,0,0,0,0,0,1,0
2021,48.0,1.3,male,other,1,0,0,1,emergency_shelter,0,0,1,1,1,0,0,0,0
2021,33.1,5.53,male,other,1,0,0,1,emergency_shelter,0,0,0,1,0,0,0,0,0
2021,58.4,7.95,male,other,1,0,0,1,emergency_shelter,0,0,0,0,0,0,0,0,0
2021,20.7,3.36,male,other,1,0,0,1,emergency_shelter,1,0,0,0,0,0,0,1,1
2021,33.1,2.41,male,other,1,0,0,1,emergency_shelter,0,0,0,0,0,0,0,1,0
2021,64.1,2.83,male,other,1,0,0,1,emergency_shelter,0,0,0,0,0,0,0,1,0
2021,47.2,2.55,male,other,1,0,0,1,emergency_shelter,0,0,0,0,0,0,0,0,0
2021,46.5,30.0,male,other,1,0,0,1,other,0,0,0,0,0,0,0,1,1
2021,73.7,7.6,male,other,1,0,0,1,emergency_shelter,0,0,0,0,1,1,0,1,1
2021,47.3,1.67,male,other,1,0,0,1,emergency_shelter,0,0,0,0,0,0,0,1,0
2021,33.9,2.53,male,other,1,0,0,1,emergency_shelter,0,0,1,0,0,0,0,1,0
2021,39.9,3.75,male,other,1,0,0,1,emergency_shelter,0,0,0,0,0,0,0,0,0
2021,27.9,4.53,male,other,1,0,0,1,emergency_shelter,0,0,0,0,0,0,0,0,0
2021,61.4,3.09,male,other,1,0,0,1,emergency_shelter,0,0,0,0,0,1,0,1,0
2021,51.9,9.11,male,other,1,0,0,1,respite,0,0,0,0,0,0,0,0,1
2021,59.6,7.58,male,other,1,0,0,1,emergency_shelter,0,0,0,0,0,0,0,1,0
2021,60.8,3.39,male,other,1,0,0,1,emergency_shelter,0,0,0,0,1,0,0,1,0
2021,38.0,11.45,male,other,1,0,0,1,emergency_shelter,0,0,0,0,0,0,0,0,0
2021,30.6,7.11,male,other,1,0,0,1,other,0,0,0,0,0,0,1,0,0
2021,43.1,7.93,male,other,1,0,0,1,emergency_shelter,0,0,0,0,0,0,1,1,0
2021,31.6,29.29,male,other,1,0,0,1,emergency_shelter,0,0,0,0,0,1,0,0,0
2021,46.1,1.92,male,other,1,0,0,1,emergency_shelter,0,0,0,0,0,0,0,0,0
2021,59.7,1.92,male,other,1,0,0,1,respite,0,0,0,0,0,1,1,1,0
2021,41.5,14.31,male,other,1,0,0,1,respite,0,0,0,0,0,0,0,0,0
2021,45.9,7.72,male,other,1,0,0,1,emergency_shelter,0,0,0,0,0,0,0,1,1
2021,42.5,19.81,male,other,1,0,0,1,emergency_shelter,0,0,1,0,0,0,0,0,0
2021,55.1,1.18,male,other,1,0,0,1,emergency_shelter,0,0,1,1,1,0,1,0,1
2021,34.5,4.73,male,other,1,0,0,1,other,0,0,0,1,0,0,0,0,0
2021,15.0,1.44,male,other,1,0,0,1,other,1,0,0,0,0,0,0,0,0
2021,50.4,3.38,male,other,1,0,0,1,other,0,0,0,0,0,0,0,0,0
2021,57.7,1.48,male,other,1,0,0,1,respite,0,0,0,1,0,0,0,0,0
2021,50.1,1.38,male,other,1,0,0,1,respite,0,0,0,0,0,0,0,0,0
2021,34.9,1.03,male,other,1,0,0,1,emergency_shelter,0,0,1,0,0,0,0,0,1
2021,27.9,4.76,male,other,1,0,0,1,respite,0,0,0,0,0,0,0,1,0
2021,50.7,2.38,male,other,1,0,0,1,emergency_shelter,0,0,0,1,0,1,0,0,1
2021,45.8,1.31,male,other,1,0,0,1,other,0,0,0,0,0,0,0,1,0
2021,42.1,2.19,male,other,1,0,0,1,emergency_shelter,0,0,1,0,0,0,0,0,0
2021,69.3,1.53,male,other,1,0,0,1,emergency_shelter,0,0,0,0,0,0,1,0,0
2021,30.6,23.6,male,other,1,0,0,1,emergency_shelter,0,0,0,0,1,1,0,1,1
2021,68.7,2.17,male,other,1,0,0,1,emergency_shelter,0,0,0,0,0,0,0,1,0
2021,44.3,2.24,male,other,1,0,0,1,emergency_shelter,0,0,0,0,1,0,1,0,0
2021,18.1,10.56,male,other,1,0,0,1,emergency_shelter,1,0,0,0,0,0,0,0,0
2021,41.3,5.02,male,other,1,0,0,1,emergency_shelter,0,0,0,0,1,1,1,0,0
2021,57.3,6.13,male,other,1,0,0,1,emergency_shelter,0,0,0,0,0,0,1,0,0
2021,38.7,4.85,male,other,1,0,0,1,emergency_shelter,0,0,0,0,0,0,0,0,0
2021,23.2,25.07,male,other,1,0,0,1,emergency_shelter,1,0,0,0,0,0,0,0,0
2021,41.5,1.67,male,other,1,0,0,1,other,0,0,0,0,0,0,0,0,0
2021,31.8,30.0,male,other,1,0,0,1,emergency_shelter,0,0,0,1,1,1,1,1,0
2021,50.7,10.08,male,other,1,0,0,1,emergency_shelter,0,0,1,0,0,1,0,0,0
2021,54.6,4.24,male,other,1,0,0,1,emergency_shelter,0,0,0,0,1,1,0,0,0
2021,29.0,5.25,male,other,1,0,0,1,emergency_shelter,0,0,0,0,1,0,0,0,1
2021,33.9,5.04,male,other,1,0,0,1,emergency_shelter,0,0,0,1,1,0,0,1,1
2021,54.4,1.16,male,other,1,0,0,1,emergency_shelter,0,0,1,0,0,0,0,0,0
2021,31.8,1.71,male,other,1,0,0,1,emergency_shelter,0,0,0,0,0,0,0,0,0
2021,28.7,30.0,male,other,1,0,0,1,emergency_shelter,0,0,1,0,1,0,0,1,0
2021,27.3,3.66,male,other,1,0,0,1,emergency_shelter,0,0,0,0,0,0,0,0,1
2021,45.8,1.5,male,other,1,0,0,0,respite,0,0,0,0,0,0,1,1,1
2021,24.7,1.37,male,other,1,0,0,0,emergency_shelter,1,0,0,0,1,1,0,1,0
2021,37.4,0.81,male,other,1,0,0,0,emergency_shelter,0,0,0,0,0,0,1,1,0
2021,30.7,7.48,male,other,1,0,0,0,emergency_shelter,0,0,0,0,0,0,0,1,0
2021,47.0,3.42,male,other,1,0,0,0,emergency_shelter,0,0,0,0,0,0,0,0,0
2021,31.7,2.22,male,other,1,0,0,0,emergency_shelter,0,0,0,0,1,0,0,1,0
2021,15.0,1.23,male,other,1,0,0,0,emergency_shelter,1,0,0,0,0,0,0,0,0
2021,37.7,0.99,male,other,1,0,0,0,emergency_shelter,0,0,0,0,1,1,0,0,0
2021,21.8,0.33,male,other,1,0,0,0,emergency_shelter,1,0,0,0,0,0,0,0,0
2021,43.7,0.58,male,other,1,0,0,0,other,0,0,0,0,0,0,0,1,0
2021,24.2,2.38,male,other,1,0,0,0,emergency_shelter,1,0,1,0,0,0,1,1,0
2021,34.0,0.97,male,other,1,0,0,0,respite,0,0,0,0,0,0,0,0,0
2021,43.4,3.42,male,other,1,0,0,0,emergency_shelter,0,0,0,0,0,0,0,0,0
2021,37.8,0.26,male,other,1,0,0,0,emergency_shelter,0,0,0,0,0,0,0,0,0
2021,44.3,1.14,male,other,1,0,0,0,emergency_shelter,0,0,0,0,0,1,0,0,0
2021,50.3,1.67,male,other,1,0,0,0,emergency_shelter,0,0,0,0,0,1,1,0,0
2021,24.6,1.16,male,other,1,0,0,0,emergency_shelter,1,0,0,0,0,1,0,0,0
2021,39.9,3.52,male,other,1,0,0,0,emergency_shelter,0,0,0,0,0,1,0,0,0
2021,15.0,7.3,male,other,1,0,0,0,emergency_shelter,1,0,0,0,0,1,0,1,1
2021,44.3,0.2,male,other,1,0,0,0,emergency_shelter,0,0,0,0,0,0,0,0,0
2021,36.6,0.22,male,other,1,0,0,0,emergency_shelter,0,0,0,0,1,0,1,1,0
2021,27.1,0.22,male,other,1,0,0,0,emergency_shelter,0,0,0,0,0,0,1,0,0
2021,45.2,1.83,male,other,1,0,0,0,emergency_shelter,0,0,0,0,1,0,0,0,0
2021,57.2,0.75,male,other,1,0,0,0,respite,0,0,0,0,0,1,0,0,0
2021,34.2,2.11,male,other,1,0,0,0,emergency_shelter,0,0,0,0,0,0,0,0,0
2021,27.6,0.83,male,other,1,0,0,0,emergency_shelter,0,0,0,0,0,0,0,1,0
2021,43.1,1.58,male,other,1,0,0,0,emergency_shelter,0,0,0,0,0,0,0,1,0
2021,22.1,2.35,male,other,1,0,0,0,other,1,0,0,0,0,0,0,0,0
2021,31.6,1.27,male,other,1,0,0,0,emergency_shelter,0,0,0,0,0,0,0,0,0
2021,57.9,1.24,male,other,1,0,0,0,emergency_shelter,0,0,0,0,0,1,0,0,0
2021,41.7,0.15,male,other,1,0,0,0,emergency_shelter,0,0,0,1,0,0,1,1,0
2021,15.0,0.85,male,other,1,0,0,0,emergency_shelter,1,0,0,0,0,1,0,0,0
2021,15.7,1.26,male,other,1,0,0,0,emergency_shelter,1,0,0,0,0,0,0,0,0
2021,43.1,0.99,male,other,1,0,0,0,emergency_shelter,0,0,0,1,0,0,0,0,0
2021,52.9,3.7,male,other,1,0,0,0,respite,0,0,0,0,1,0,0,0,1
2021,18.2,3.79,male,other,1,0,0,0,emergency_shelter,1,0,0,0,0,0,0,0,0
2021,50.1,7.98,male,other,0,1,1,1,outdoor,0,0,0,1,0,0,0,1,0
2021,15.0,4.96,male,other,0,1,1,1,outdoor,1,0,0,0,0,1,0,1,0
2021,73.4,1.35,male,other,0,1,1,1,outdoor,0,0,0,0,0,1,0,0,0
2021,46.8,2.46,male,other,0,1,1,1,outdoor,0,0,0,0,0,0,0,1,0
2021,30.9,1.42,male,other,0,1,1,1,outdoor,0,0,0,1,0,0,0,0,0
2021,50.2,13.55,male,other,0,1,1,1,outdoor,0,0,0,0,1,0,0,0,0
2021,46.5,7.07,male,other,0,1,1,1,outdoor,0,0,1,0,0,0,0,0,0
2021,54.0,3.41,male,other,0,1,0,1,emergency_shelter,0,0,0,0,0,1,0,0,1
2021,61.1,1.43,male,other,0,1,0,1,respite,0,0,0,0,0,1,1,1,0
2021,27.1,5.76,male,other,0,1,0,1,respite,0,0,0,0,0,0,0,1,0
2021,44.2,2.26,male,other,0,1,0,1,emergency_shelter,0,0,0,0,0,0,1,0,0
2021,31.9,1.89,male,other,0,1,0,1,other,0,0,0,0,0,1,0,0,1
2021,38.2,29.34,male,other,0,1,0,1,emergency_shelter,0,0,0,0,0,0,0,0,0
2021,33.3,7.87,male,other,0,1,0,1,emergency_shelter,0,0,1,0,1,0,0,1,0
2021,50.8,8.22,male,other,0,1,0,1,emergency_shelter,0,0,0,0,0,0,0,0,0
2021,58.6,4.67,male,other,0,1,0,1,emergency_shelter,0,0,0,0,0,1,0,0,1
2021,59.3,10.53,male,other,0,1,0,1,emergency_shelter,0,0,0,0,0,0,0,0,0
2021,28.3,7.33,male,other,0,1,0,1,emergency_shelter,0,0,0,0,1,1,1,1,1
2021,42.1,4.35,male,other,0,1,0,1,emergency_shelter,0,0,0,0,0,0,0,0,0
2021,28.0,30.0,male,other,0,1,0,1,respite,0,0,0,0,0,0,0,0,0
2021,27.5,1.61,male,other,0,1,0,1,respite,0,0,0,0,0,0,0,0,0
2021,34.6,24.13,male,other,0,1,0,1,emergency_shelter,0,0,0,0,0,0,0,0,0
2021,48.6,2.63,male,other,0,1,0,1,respite,0,0,0,0,0,0,0,0,1
2021,51.1,3.6,male,other,0,1,0,1,emergency_shelter,0,0,0,0,0,1,0,0,1
2021,53.0,1.36,male,other,0,1,0,1,respite,0,0,0,1,0,0,0,0,0
2021,52.1,3.71,male,other,0,1,0,1,emergency_shelter,0,0,0,0,1,0,0,1,0
2021,32.0,4.51,male,other,0,1,0,1,emergency_shelter,0,0,1,0,0,0,0,1,1
2021,60.4,30.0,male,other,0,1,0,1,respite,0,0,0,0,0,0,0,0,0
2021,55.1,30.0,male,other,0,1,0,1,emergency_shelter,0,0,0,1,0,1,1,0,0
2021,38.0,30.0,male,other,0,1,0,1,emergency_shelter,0,0,0,0,0,0,0,0,0
2021,38.6,2.32,male,other,0,1,0,1,emergency_shelter,0,0,0,0,0,1,1,0,0
2021,34.6,30.0,male,other,0,1,0,1,emergency_shelter,0,0,0,0,0,0,1,0,0
2021,25.7,3.0,male,other,0,1,0,1,other,0,0,0,0,0,0,0,1,0
2021,53.1,11.29,male,other,0,1,0,1,emergency_shelter,0,0,0,0,0,1,1,1,0
2021,55.3,1.71,male,other,0,1,0,1,respite,0,0,0,0,0,1,1,1,0
2021,30.9,3.4,male,other,0,1,0,1,emergency_shelter,0,0,0,0,0,0,0,0,1
2021,26.6,30.0,male,other,0,1,0,1,emergency_shelter,0,0,0,1,0,0,1,0,0
2021,30.7,25.36,male,other,0,1,0,1,emergency_shelter,0,0,0,1,0,0,0,0,0
2021,45.4,5.62,male,other,0,1,0,1,emergency_shelter,0,0,0,1,0,0,0,1,0
2021,24.5,8.61,male,other,0,1,0,1,emergency_shelter,1,0,0,0,0,0,0,0,1
2021,59.6,1.55,male,other,0,1,0,1,emergency_shelter,0,0,0,0,0,0,0,0,0
2021,58.8,6.38,male,other,0,1,0,1,emergency_shelter,0,0,0,1,0,0,0,1,0
2021,49.8,4.6,male,other,0,1,0,1,emergency_shelter,0,0,0,1,0,1,0,0,0
2021,55.2,1.26,male,other,0,1,0,1,emergency_shelter,0,0,0,0,0,0,0,0,0
2021,44.6,1.33,male,other,0,1,0,1,emergency_shelter,0,0,0,0,0,0,0,0,0
2021,50.3,1.32,male,other,0,1,0,1,emergency_shelter,0,0,0,0,0,0,0,1,1
2021,25.6,6.44,male,other,0,1,0,1,emergency_shelter,0,0,0,0,0,1,0,1,0
2021,63.3,1.43,male,other,0,1,0,1,emergency_shelter,0,0,0,1,0,0,0,1,0
2021,37.0,3.09,male,other,0,1,0,1,emergency_shelter,0,0,0,0,0,0,0,0,0
2021,42.0,2.37,male,other,0,1,0,1,emergency_shelter,0,0,0,0,0,1,0,1,0
2021,78.6,3.82,male,other,0,1,0,1,emergency_shelter,0,0,0,0,1,0,0,0,0
2021,40.7,6.06,male,other,0,1,0,1,emergency_shelter,0,0,0,0,0,0,0,0,0
2021,54.2,5.64,male,other,0,1,0,1,emergency_shelter,0,0,0,0,0,0,0,0,1
2021,51.0,3.48,male,other,0,1,0,1,respite,0,0,0,0,0,0,0,1,0
2021,25.2,3.06,male,other,0,1,0,1,emergency_shelter,0,0,0,0,0,0,0,0,1
2021,29.8,2.61,male,other,0,1,0,1,emergency_shelter,0,0,0,0,0,1,0,1,0
2021,72.3,11.97,male,other,0,1,0,1,emergency_shelter,0,0,0,0,0,0,0,1,0
2021,51.9,2.23,male,other,0,1,0,1,emergency_shelter,0,0,0,0,0,0,1,0,0
2021,43.6,1.89,male,other,0,1,0,1,respite,0,0,0,0,0,0,0,0,1
2021,36.3,6.9,male,other,0,1,0,1,emergency_shelter,0,0,0,0,0,0,1,0,0
2021,48.3,2.38,male,other,0,1,0,1,emergency_shelter,0,0,0,0,0,0,0,0,0
2021,49.6,10.98,male,other,0,1,0,1,emergency_shelter,0,0,0,0,0,0,0,0,1
2021,47.0,2.21,male,other,0,1,0,1,emergency_shelter,0,0,0,1,1,0,0,0,0
2021,58.8,5.96,male,other,0,1,0,1,emergency_shelter,0,0,0,0,0,0,0,0,0
2021,31.7,1.13,male,other,0,1,0,1,emergency_shelter,0,0,0,0,0,0,1,0,0
2021,29.8,2.53,male,other,0,1,0,1,emergency_shelter,0,0,0,0,1,0,0,0,1
2021,58.4,2.29,male,other,0,1,0,1,emergency_shelter,0,0,1,0,0,0,0,0,1
2021,73.4,9.4,male,other,0,1,0,1,emergency_shelter,0,0,0,1,0,1,0,0,0
2021,55.6,30.0,male,other,0,1,0,1,respite,0,0,0,0,1,0,0,0,1
2021,62.0,3.04,male,other,0,1,0,1,emergency_shelter,0,0,0,0,0,0,1,1,0
2021,42.8,9.78,male,other,0,1,0,1,emergency_shelter,0,0,0,0,0,0,0,1,0
2021,47.5,5.92,male,other,0,1,0,1,emergency_shelter,0,0,0,0,1,1,0,1,1
2021,47.4,30.0,male,other,0,1,0,1,emergency_shelter,0,0,0,0,0,0,0,0,0
2021,43.0,9.15,male,other,0,1,0,1,respite,0,0,0,1,0,0,0,1,0
2021,63.6,1.22,male,other,0,1,0,1,emergency_shelter,0,0,0,0,0,0,0,0,0
2021,59.4,6.2,male,other,0,1,0,1,emergency_shelter,0,0,0,0,0,0,0,0,0
2021,38.2,3.67,male,other,0,1,0,1,other,0,0,0,0,0,0,0,0,0
2021,20.8,1.04,male,other,0,1,0,1,other,1,0,0,0,0,0,0,1,0
2021,39.9,0.33,male,other,0,1,0,0,emergency_shelter,0,0,0,0,1,0,1,0,0
2021,68.5,0.43,male,other,0,1,0,0,emergency_shelter,0,0,0,0,0,0,1,1,0
2021,21.4,2.52,male,other,0,1,0,0,emergency_shelter,1,0,1,0,1,1,0,0,0
2021,51.0,0.16,male,other,0,1,0,0,other,0,0,0,0,0,0,0,0,0
2021,52.8,0.92,male,other,0,1,0,0,emergency_shelter,0,0,0,0,0,0,0,0,0
2021,65.0,0.05,male,other,0,1,0,0,emergency_shelter,0,0,0,0,0,0,0,1,0
2021,51.0,0.68,male,other,0,1,0,0,emergency_shelter,0,0,0,1,0,0,0,0,0
2021,41.0,1.92,male,other,0,1,0,0,emergency_shelter,0,0,0,0,0,0,1,0,0
2021,46.7,0.15,male,other,0,1,0,0,emergency_shelter,0,0,0,0,1,1,0,1,0
2021,37.1,3.51,male,other,0,1,0,0,emergency_shelter,0,0,0,0,0,0,0,1,0
2021,57.9,3.84,male,other,0,1,0,0,emergency_shelter,0,0,0,0,0,0,0,0,1
2021,19.1,0.18,male,other,0,1,0,0,emergency_shelter,1,0,0,0,0,0,0,0,0
2021,34.0,7.49,male,other,0,1,0,0,emergency_shelter,0,0,0,0,0,0,0,1,0
2021,47.1,0.57,male,other,0,1,0,0,emergency_shelter,0,0,0,0,0,0,0,1,0
2021,57.2,0.14,male,other,0,1,0,0,emergency_shelter,0,0,0,0,0,1,0,1,1
2021,40.6,0.05,male,other,0,1,0,0,respite,0,0,0,1,0,0,0,1,0
2021,29.9,0.84,male,other,0,1,0,0,emergency_shelter,0,0,0,0,0,0,0,0,0
2021,37.9,1.59,male,other,0,1,0,0,emergency_shelter,0,0,0,0,0,0,0,0,0
2021,35.7,0.65,male,other,0,1,0,0,emergency_shelter,0,0,0,1,0,0,0,0,1
2021,36.3,2.9,male,other,0,1,0,0,emergency_shelter,0,0,0,0,0,0,0,0,0
2021,34.7,2.02,male,other,0,1,0,0,emergency_shelter,0,0,0,1,0,0,0,1,1
2021,34.7,0.69,male,other,0,1,0,0,respite,0,0,0,0,0,1,1,1,0
2021,16.8,2.12,male,other,0,1,0,0,emergency_shelter,1,0,0,1,0,0,0,0,0
2021,45.0,4.51,male,other,0,1,0,0,emergency_shelter,0,0,0,0,0,0,0,0,1
2021,50.3,0.16,male,other,0,1,0,0,emergency_shelter,0,0,1,0,0,1,0,0,0
2021,61.8,0.58,male,other,0,1,0,0,emergency_shelter,0,0,0,0,0,0,0,0,1
2021,52.9,1.0,male,other,0,1,0,0,emergency_shelter,0,0,0,0,0,1,1,1,0
2021,52.2,1.1,male,other,0,1,0,0,other,0,0,0,1,1,1,0,1,0
2021,45.0,1.25,male,other,0,1,0,0,emergency_shelter,0,0,0,0,1,0,0,1,0
2021,16.1,0.57,male,other,0,1,0,0,other,1,0,0,0,0,0,1,0,0
2021,44.7,1.76,male,other,0,1,0,0,emergency_shelter,0,0,0,0,0,1,1,0,0
2021,42.4,1.66,male,other,0,1,0,0,emergency_shelter,0,0,1,1,0,0,0,1,0
2021,55.2,1.38,male,other,0,1,0,0,emergency_shelter,0,0,1,0,1,0,0,0,0
2021,48.8,0.19,male,other,0,1,0,0,emergency_shelter,0,0,0,0,0,1,0,0,0
2021,39.0,1.04,male,other,0,1,0,0,other,0,0,0,0,0,0,0,1,0
2021,68.2,0.7,male,other,0,1,0,0,emergency_shelter,0,0,0,1,0,1,0,0,0
2021,52.7,1.08,male,other,0,1,0,0,respite,0,0,0,0,0,0,0,0,0
2021,45.6,4.08,male,other,0,1,0,0,emergency_shelter,0,0,0,0,0,1,0,0,1
2021,47.2,1.05,male,other,0,1,0,0,emergency_shelter,0,0,0,1,0,0,0,0,0
2021,41.7,0.05,male,other,0,1,0,0,respite,0,0,0,0,0,0,0,1,0
2021,41.1,0.92,male,other,0,1,0,0,emergency_shelter,0,0,0,0,0,0,0,1,0
2021,15.0,2.75,male,other,0,1,0,0,emergency_shelter,1,0,0,0,0,0,1,1,0
2021,28.0,2.42,male,other,0,1,0,0,emergency_shelter,0,0,0,0,0,1,0,0,0
2021,33.2,1.15,male,other,0,1,0,0,respite,0,0,0,1,0,0,0,0,0
2021,47.1,0.46,male,other,0,1,0,0,emergency_shelter,0,0,1,1,1,0,0,1,0
2021,17.7,1.0,male,other,0,1,0,0,emergency_shelter,1,0,0,0,0,0,0,0,0
2021,33.5,1.33,male,other,0,1,0,0,emergency_shelter,0,0,0,0,0,0,0,0,0
2021,31.7,8.0,male,other,0,1,0,0,emergency_shelter,0,0,0,1,0,0,1,0,1
2021,42.5,1.65,male,other,0,1,0,0,emergency_shelter,0,0,0,0,0,0,0,0,0
2021,47.2,1.9,male,other,0,1,0,0,emergency_shelter,0,0,0,0,0,0,0,0,0
2021,31.8,1.08,male,other,0,1,0,0,emergency_shelter,0,0,0,0,1,0,0,0,1
2021,46.4,21.61,male,other,0,0,1,1,outdoor,0,0,0,0,0,0,0,0,0
2021,23.3,2.31,male,other,0,0,1,1,outdoor,1,0,0,0,0,0,0,1,0
2021,47.9,5.5,male,other,0,0,1,1,outdoor,0,0,0,1,0,0,0,0,0
2021,15.0,1.66,male,other,0,0,1,1,outdoor,1,0,1,0,0,0,0,0,0
2021,55.2,4.6,male,other,0,0,1,1,outdoor,0,0,0,0,0,1,0,1,0
2021,28.4,1.39,male,other,0,0,1,1,outdoor,0,0,1,0,0,0,0,0,0
2021,30.5,1.01,male,other,0,0,1,1,outdoor,0,0,0,0,0,0,0,1,0
2021,63.0,20.9,male,other,0,0,1,1,outdoor,0,0,0,0,0,1,0,0,0
2021,48.3,3.86,male,other,0,0,1,1,outdoor,0,0,0,0,0,0,0,1,0
2021,55.7,19.89,male,other,0,0,1,1,outdoor,0,0,0,0,1,0,0,0,0
2021,29.7,2.24,male,other,0,0,1,1,outdoor,0,0,0,0,0,0,0,0,0
2021,57.3,2.21,male,other,0,0,1,1,outdoor,0,0,0,0,0,1,0,0,0
2021,41.9,2.63,male,other,0,0,1,1,outdoor,0,0,0,1,0,0,0,1,0
2021,45.5,6.05,male,other,0,0,1,1,outdoor,0,0,0,0,0,0,0,0,0
2021,64.7,3.98,male,other,0,0,1,1,outdoor,0,0,0,0,1,0,0,0,0
2021,27.5,19.56,male,other,0,0,1,1,outdoor,0,0,1,0,0,1,0,0,1
2021,56.6,1.07,male,other,0,0,1,1,outdoor,0,0,1,1,1,1,0,0,0
2021,49.2,6.09,male,other,0,0,1,1,outdoor,0,0,0,1,0,0,0,1,0
2021,40.8,2.23,male,other,0,0,1,1,outdoor,0,0,0,0,0,0,1,0,0
2021,28.5,1.57,male,other,0,0,1,1,outdoor,0,0,0,0,0,0,1,0,0
2021,40.7,3.44,male,other,0,0,1,1,outdoor,0,0,0,0,1,0,0,0,0
2021,32.4,3.39,male,other,0,0,1,1,outdoor,0,0,0,0,0,0,0,0,0
2021,60.4,1.41,male,other,0,0,1,1,outdoor,0,0,1,0,0,1,0,1,0
2021,45.1,1.65,male,other,0,0,1,1,outdoor,0,0,0,0,1,0,0,0,0
2021,34.3,2.67,male,other,0,0,1,1,outdoor,0,0,0,1,0,0,0,0,0
2021,23.7,2.68,male,other,0,0,1,1,outdoor,1,0,0,0,0,0,0,0,0
2021,37.3,2.16,male,other,0,0,1,1,outdoor,0,0,0,0,0,0,0,1,0
2021,61.1,1.45,male,other,0,0,1,1,outdoor,0,0,0,0,0,1,0,1,0
2021,45.4,1.01,male,other,0,0,1,1,outdoor,0,0,0,1,0,0,0,1,0
2021,41.3,30.0,male,other,0,0,1,1,outdoor,0,0,0,0,0,0,0,0,0
2021,67.6,24.17,male,other,0,0,1,1,outdoor,0,0,0,0,0,0,0,0,0
2021,38.0,3.21,male,other,0,0,1,1,outdoor,0,0,0,1,0,0,0,1,0
2021,32.5,30.0,male,other,0,0,1,1,outdoor,0,0,0,0,0,0,0,1,1
2021,49.5,5.44,male,other,0,0,1,1,outdoor,0,0,0,0,0,1,0,0,0
2021,49.7,1.19,male,other,0,0,1,1,outdoor,0,0,1,0,0,0,0,1,0
2021,35.6,1.35,male,other,0,0,1,1,outdoor,0,0,0,0,0,0,0,0,0
2021,32.7,17.87,male,other,0,0,1,1,outdoor,0,0,0,0,0,1,1,0,0
2021,64.1,4.76,male,other,0,0,1,1,outdoor,0,0,0,0,0,0,0,1,0
2021,37.8,10.76,male,other,0,0,1,1,outdoor,0,0,0,0,0,0,0,1,1
2021,23.5,15.36,male,other,0,0,1,1,outdoor,1,0,0,1,0,0,0,0,0
2021,46.5,2.94,male,other,0,0,1,1,outdoor,0,0,0,0,0,0,0,0,0
2021,53.3,1.73,male,other,0,0,1,0,outdoor,0,0,0,0,0,0,1,1,1
2021,27.4,1.5,male,other,0,0,1,0,outdoor,0,0,0,1,0,0,0,1,0
2021,37.7,0.18,male,other,0,0,1,0,outdoor,0,0,0,0,0,0,0,1,0
2021,38.0,1.71,male,other,0,0,1,0,outdoor,0,0,0,0,0,1,0,0,0
2021,23.5,4.12,male,other,0,0,1,0,outdoor,1,0,0,0,0,0,0,1,0
2021,34.9,0.28,male,other,0,0,1,0,outdoor,0,0,1,1,0,0,0,1,0
2021,15.0,1.45,male,other,0,0,1,0,outdoor,1,0,1,0,0,0,0,0,0
2021,67.6,0.67,male,other,0,0,1,0,outdoor,0,0,0,0,0,0,0,0,0
2021,27.7,0.98,male,other,0,0,1,0,outdoor,0,0,0,0,0,0,1,1,0
2021,63.0,0.54,male,other,0,0,1,0,outdoor,0,0,0,1,0,0,1,0,0
2021,41.4,0.7,male,other,0,0,1,0,outdoor,0,0,1,0,0,0,0,0,0
2021,48.7,0.05,male,other,0,0,1,0,outdoor,0,0,0,0,0,0,0,1,0
2021,34.0,6.39,male,other,0,0,1,0,outdoor,0,0,0,1,0,1,1,1,1
2021,43.7,1.57,male,other,0,0,1,0,outdoor,0,0,0,0,0,0,0,0,0
2021,49.9,1.11,male,other,0,0,1,0,outdoor,0,0,0,0,0,1,1,1,1
2021,50.1,0.77,male,other,0,0,1,0,outdoor,0,0,0,0,1,0,0,1,0
2021,51.7,1.24,male,other,0,0,1,0,outdoor,0,0,0,0,0,0,1,1,0
2021,35.7,0.77,male,other,0,0,1,0,outdoor,0,0,0,1,0,0,0,0,0
2021,34.1,0.71,male,other,0,0,1,0,outdoor,0,0,0,0,0,0,0,1,0
2021,18.5,1.0,male,other,0,0,1,0,outdoor,1,0,0,0,0,0,1,0,0
2021,48.1,0.52,male,other,0,0,1,0,outdoor,0,0,0,0,0,1,0,0,0
2021,47.0,7.59,male,other,0,0,0,1,emergency_shelter,0,0,0,0,0,0,0,0,0
2021,25.7,3.3,male,other,0,0,0,1,emergency_shelter,0,0,0,0,0,0,0,0,0
2021,40.7,30.0,male,other,0,0,0,1,emergency_shelter,0,0,0,0,0,0,0,0,0
2021,46.9,1.12,male,other,0,0,0,1,emergency_shelter,0,0,0,0,0,0,0,0,0
2021,53.6,1.78,male,other,0,0,0,1,emergency_shelter,0,0,0,0,0,1,0,1,0
2021,46.0,2.6,male,other,0,0,0,1,emergency_shelter,0,0,1,0,0,0,0,0,0
2021,48.4,2.96,male,other,0,0,0,1,emergency_shelter,0,0,1,0,0,0,0,1,1
2021,43.3,18.79,male,other,0,0,0,1,emergency_shelter,0,0,0,0,0,1,0,1,0
2021,29.6,3.91,male,other,0,0,0,1,respite,0,0,1,0,0,0,0,0,0
2021,32.7,1.13,male,other,0,0,0,1,emergency_shelter,0,0,0,0,0,1,0,1,0
2021,25.3,2.67,male,other,0,0,0,1,respite,0,0,0,0,0,0,0,1,0
2021,64.8,2.73,male,other,0,0,0,1,respite,0,0,0,0,1,1,0,0,0
2021,23.3,30.0,male,other,0,0,0,1,emergency_shelter,1,0,0,0,0,0,0,1,0
2021,57.2,4.36,male,other,0,0,0,1,emergency_shelter,0,0,0,0,0,0,0,0,0
2021,23.4,4.84,male,other,0,0,0,1,emergency_shelter,1,0,0,1,0,0,0,0,0
2021,54.6,6.2,male,other,0,0,0,1,emergency_shelter,0,0,0,0,0,0,1,1,1
2021,57.4,7.66,male,other,0,0,0,1,respite,0,0,0,0,0,0,0,1,1
2021,59.9,4.83,male,other,0,0,0,1,emergency_shelter,0,0,1,0,1,1,0,0,1
2021,29.2,1.79,male,other,0,0,0,1,emergency_shelter,0,0,0,0,0,0,0,0,0
2021,46.1,12.92,male,other,0,0,0,1,emergency_shelter,0,0,0,0,0,0,0,0,0
2021,35.4,6.63,male,other,0,0,0,1,other,0,0,0,0,0,0,0,0,0
2021,31.4,6.87,male,other,0,0,0,1,emergency_shelter,0,0,0,0,0,0,0,1,0
2021,44.4,30.0,male,other,0,0,0,1,emergency_shelter,0,0,0,0,0,0,0,1,0
2021,55.2,8.8,male,other,0,0,0,1,emergency_shelter,0,0,0,0,0,0,0,0,0
2021,35.5,9.99,male,other,0,0,0,1,emergency_shelter,0,0,0,0,0,1,0,0,0
2021,48.4,27.04,male,other,0,0,0,1,emergency_shelter,0,0,0,0,0,1,0,0,0
2021,31.1,1.46,male,other,0,0,0,1,emergency_shelter,0,0,0,0,0,0,0,0,0
2021,29.2,3.33,male,other,0,0,0,1,emergency_shelter,0,0,0,0,0,0,0,1,0
2021,39.3,4.14,male,other,0,0,0,1,emergency_shelter,0,0,0,0,0,0,0,1,0
2021,40.1,2.22,male,other,0,0,0,1,emergency_shelter,0,0,0,0,0,0,0,1,0
2021,53.2,10.54,male,other,0,0,0,1,emergency_shelter,0,0,0,1,0,0,0,1,0
2021,26.3,7.43,male,other,0,0,0,1,emergency_shelter,0,0,0,0,0,0,0,0,1
2021,74.0,6.37,male,other,0,0,0,1,emergency_shelter,0,0,0,0,0,1,0,1,0
2021,18.7,30.0,male,other,0,0,0,1,emergency_shelter,1,0,0,1,0,1,0,0,0
2021,47.0,1.89,male,other,0,0,0,1,emergency_shelter,0,0,0,0,0,0,0,1,0
2021,39.8,6.71,male,other,0,0,0,1,emergency_shelter,0,0,0,0,0,0,0,0,0
2021,34.7,3.83,male,other,0,0,0,1,emergency_shelter,0,0,0,0,0,0,0,0,0
2021,41.4,2.14,male,other,0,0,0,1,emergency_shelter,0,0,0,0,0,0,0,1,0
2021,53.2,1.5,male,other,0,0,0,1,emergency_shelter,0,0,0,0,1,0,0,0,0
2021,55.4,15.07,male,other,0,0,0,1,emergency_shelter,0,0,0,0,0,0,0,0,0
2021,40.8,4.31,male,other,0,0,0,1,emergency_shelter,0,0,0,0,0,0,0,1,0
2021,48.5,9.78,male,other,0,0,0,1,emergency_shelter,0,0,0,0,0,0,0,0,0
2021,25.2,3.77,male,other,0,0,0,1,emergency_shelter,0,0,0,0,0,0,0,0,0
2021,41.2,1.72,male,other,0,0,0,1,respite,0,0,0,0,0,0,1,0,1
2021,49.3,2.26,male,other,0,0,0,1,emergency_shelter,0,0,0,0,1,1,1,1,1
2021,15.0,2.51,male,other,0,0,0,1,emergency_shelter,1,0,1,0,0,1,0,0,0
2021,45.0,30.0,male,other,0,0,0,1,respite,0,0,0,0,1,1,0,0,0
2021,41.5,1.02,male,other,0,0,0,1,emergency_shelter,0,0,0,1,1,0,0,1,0
2021,61.6,30.0,male,other,0,0,0,1,respite,0,0,0,0,1,1,0,0,0
2021,46.2,30.0,male,other,0,0,0,1,emergency_shelter,0,0,0,0,0,0,0,1,0
2021,50.5,30.0,male,other,0,0,0,1,emergency_shelter,0,0,0,1,0,0,0,1,1
2021,40.0,3.16,male,other,0,0,0,1,emergency_shelter,0,0,0,0,0,0,0,0,1
2021,52.7,30.0,male,other,0,0,0,1,emergency_shelter,0,0,0,0,0,0,0,0,0
2021,51.7,2.6,male,other,0,0,0,1,emergency_shelter,0,0,0,0,0,0,0,1,0
2021,25.5,1.07,male,other,0,0,0,1,emergency_shelter,0,0,1,0,0,0,0,1,1
2021,48.2,1.74,male,other,0,0,0,1,emergency_shelter,0,0,0,0,0,0,0,1,0
2021,60.4,24.76,male,other,0,0,0,1,other,0,0,0,0,0,0,0,1,0
2021,57.6,1.04,male,other,0,0,0,1,emergency_shelter,0,0,0,0,1,1,1,1,0
2021,44.2,3.77,male,other,0,0,0,1,emergency_shelter,0,0,0,1,0,0,0,0,0
2021,48.3,1.22,male,other,0,0,0,1,emergency_shelter,0,0,0,0,0,1,1,1,0
2021,56.6,2.01,male,other,0,0,0,1,emergency_shelter,0,0,0,0,0,0,0,0,0
2021,27.9,1.25,male,other,0,0,0,1,emergency_shelter,0,0,0,1,0,0,0,1,0
2021,50.5,11.8,male,other,0,0,0,1,emergency_shelter,0,0,0,0,0,1,0,1,0
2021,16.2,4.26,male,other,0,0,0,1,emergency_shelter,1,0,0,0,0,1,1,1,0
2021,55.9,15.83,male,other,0,0,0,1,emergency_shelter,0,0,0,1,0,0,0,1,0
2021,38.4,5.7,male,other,0,0,0,1,respite,0,0,0,0,0,1,1,1,0
2021,42.6,30.0,male,other,0,0,0,1,emergency_shelter,0,0,0,0,0,0,1,0,0
2021,36.0,3.43,male,other,0,0,0,1,emergency_shelter,0,0,0,0,0,1,0,0,1
2021,43.2,4.89,male,other,0,0,0,1,emergency_shelter,0,0,0,1,1,0,0,1,0
2021,47.4,4.09,male,other,0,0,0,1,emergency_shelter,0,0,0,1,0,0,0,0,0
2021,54.4,3.22,male,other,0,0,0,1,emergency_shelter,0,0,0,0,1,0,0,0,0
2021,62.0,10.92,male,other,0,0,0,1,emergency_shelter,0,0,0,0,0,1,0,0,0
2021,44.5,4.97,male,other,0,0,0,1,respite,0,0,0,0,1,1,0,1,1
2021,20.6,8.75,male,other,0,0,0,1,emergency_shelter,1,0,0,0,0,1,0,0,0
2021,62.1,8.19,male,other,0,0,0,1,emergency_shelter,0,0,0,0,0,0,0,1,0
2021,23.2,1.61,male,other,0,0,0,1,emergency_shelter,1,0,0,0,0,0,0,0,0
2021,37.9,5.06,male,other,0,0,0,1,emergency_shelter,0,0,0,0,0,0,0,0,0
2021,37.0,1.64,male,other,0,0,0,1,emergency_shelter,0,0,0,0,0,0,1,1,1
2021,44.0,4.17,male,other,0,0,0,1,emergency_shelter,0,0,0,1,0,0,0,0,0
2021,26.1,5.5,male,other,0,0,0,1,emergency_shelter,0,0,0,1,0,0,0,0,0
2021,25.5,30.0,male,other,0,0,0,1,emergency_shelter,0,0,0,0,0,0,0,0,0
2021,43.5,1.08,male,other,0,0,0,1,emergency_shelter,0,0,0,0,1,0,1,0,0
2021,32.7,1.26,male,other,0,0,0,1,emergency_shelter,0,0,0,0,0,0,0,1,0
2021,62.7,1.22,male,other,0,0,0,1,emergency_shelter,0,0,0,0,0,0,0,0,0
2021,36.1,2.61,male,other,0,0,0,1,emergency_shelter,0,0,0,0,0,0,0,1,1
2021,29.4,9.62,male,other,0,0,0,1,emergency_shelter,0,0,0,1,0,1,0,0,0
2021,67.2,10.81,male,other,0,0,0,1,emergency_shelter,0,0,0,0,0,0,0,1,0
2021,50.4,6.74,male,other,0,0,0,1,emergency_shelter,0,0,0,1,0,0,1,0,1
2021,81.9,15.19,male,other,0,0,0,1,emergency_shelter,0,0,0,0,0,0,0,0,0
2021,16.9,2.19,male,other,0,0,0,1,emergency_shelter,1,0,1,0,1,0,0,0,0
2021,46.7,1.25,male,other,0,0,0,1,respite,0,0,0,0,0,0,0,0,0
2021,50.6,1.16,male,other,0,0,0,1,emergency_shelter,0,0,0,0,1,0,0,1,1
2021,44.2,11.3,male,other,0,0,0,1,respite,0,0,0,1,0,0,0,1,0
2021,38.8,6.59,male,other,0,0,0,1,emergency_shelter,0,0,0,0,0,0,0,0,0
2021,61.3,5.9,male,other,0,0,0,1,emergency_shelter,0,0,0,1,0,0,0,0,0
2021,50.4,2.27,male,other,0,0,0,1,emergency_shelter,0,0,0,0,1,1,1,0,1
2021,20.2,2.5,male,other,0,0,0,1,emergency_shelter,1,0,0,0,0,0,0,1,0
2021,31.7,30.0,male,other,0,0,0,1,other,0,0,0,0,0,0,0,1,1
2021,27.5,1.18,male,other,0,0,0,1,emergency_shelter,0,0,0,0,0,0,0,1,0
2021,42.1,7.77,male,other,0,0,0,1,emergency_shelter,0,0,0,0,0,0,0,1,0
2021,57.1,2.12,male,other,0,0,0,1,emergency_shelter,0,0,0,0,0,0,0,1,0
2021,38.5,1.11,male,other,0,0,0,1,emergency_shelter,0,0,1,1,0,1,1,1,0
2021,40.3,6.88,male,other,0,0,0,1,emergency_shelter,0,0,0,1,0,0,0,1,0
2021,30.1,2.23,male,other,0,0,0,1,emergency_shelter,0,0,0,0,1,1,0,0,0
2021,54.5,6.39,male,other,0,0,0,1,emergency_shelter,0,0,0,0,1,1,0,0,0
2021,58.1,0.27,male,other,0,0,0,0,emergency_shelter,0,0,1,0,0,0,0,0,0
2021,35.5,0.29,male,other,0,0,0,0,emergency_shelter,0,0,0,0,1,0,1,1,0
2021,52.9,0.12,male,other,0,0,0,0,emergency_shelter,0,0,0,0,1,1,0,0,1
2021,45.5,0.62,male,other,0,0,0,0,other,0,0,0,0,0,0,0,0,0
2021,28.7,1.03,male,other,0,0,0,0,respite,0,0,0,0,0,0,0,1,0
2021,41.5,8.0,male,other,0,0,0,0,emergency_shelter,0,0,0,0,0,0,0,0,0
2021,22.2,0.9,male,other,0,0,0,0,emergency_shelter,1,0,0,1,0,0,1,1,0
2021,28.7,2.07,male,other,0,0,0,0,respite,0,0,1,0,1,0,1,0,1
2021,17.6,1.89,male,other,0,0,0,0,emergency_shelter,1,0,0,0,1,0,0,1,0
2021,46.8,0.37,male,other,0,0,0,0,emergency_shelter,0,0,0,0,0,0,0,0,0
2021,36.9,0.1,male,other,0,0,0,0,emergency_shelter,0,0,1,0,0,0,0,1,0
2021,38.6,1.26,male,other,0,0,0,0,emergency_shelter,0,0,0,1,0,1,0,1,1
2021,52.1,1.93,male,other,0,0,0,0,respite,0,0,1,0,1,0,0,1,0
2021,26.9,8.0,male,other,0,0,0,0,emergency_shelter,0,0,0,0,0,0,0,1,0
2021,47.4,0.71,male,other,0,0,0,0,emergency_shelter,0,0,0,0,0,0,0,0,0
2021,68.6,3.63,male,other,0,0,0,0,emergency_shelter,0,0,0,0,0,0,0,0,0
2021,27.1,0.77,male,other,0,0,0,0,emergency_shelter,0,0,0,0,0,0,0,1,0
2021,18.9,1.87,male,other,0,0,0,0,emergency_shelter,1,0,0,0,0,0,0,1,0
2021,23.2,1.46,male,other,0,0,0,0,emergency_shelter,1,0,0,0,0,0,0,1,0
2021,46.3,0.09,male,other,0,0,0,0,emergency_shelter,0,0,0,0,0,0,1,0,1
2021,65.3,0.13,male,other,0,0,0,0,emergency_shelter,0,0,0,0,1,0,0,1,1
2021,64.7,0.05,male,other,0,0,0,0,emergency_shelter,0,0,0,0,0,0,0,1,1
2021,52.7,0.74,male,other,0,0,0,0,emergency_shelter,0,0,0,0,0,0,0,0,0
2021,53.1,2.19,male,other,0,0,0,0,emergency_shelter,0,0,0,0,0,0,0,0,0
2021,47.3,0.3,male,other,0,0,0,0,emergency_shelter,0,0,0,0,0,0,1,1,1
2021,51.0,1.49,male,other,0,0,0,0,emergency_shelter,0,0,0,1,0,0,0,1,0
2021,45.1,0.55,male,other,0,0,0,0,emergency_shelter,0,0,0,0,0,0,0,0,1
2021,29.6,2.55,male,other,0,0,0,0,emergency_shelter,0,0,0,0,0,0,0,0,0
2021,64.8,2.56,male,other,0,0,0,0,other,0,0,0,1,0,0,0,0,1
2021,59.5,2.39,male,other,0,0,0,0,emergency_shelter,0,0,0,1,0,0,0,1,0
2021,29.9,1.19,male,other,0,0,0,0,emergency_shelter,0,0,0,0,1,0,0,0,0
2021,49.9,0.54,male,other,0,0,0,0,emergency_shelter,0,0,0,0,0,0,0,0,0
2021,61.3,2.65,male,other,0,0,0,0,emergency_shelter,0,0,0,1,0,0,0,0,0
2021,46.7,0.33,male,other,0,0,0,0,emergency_shelter,0,0,0,0,0,0,0,0,0
2021,37.9,0.55,male,other,0,0,0,0,emergency_shelter,0,0,0,0,0,0,0,1,0
2021,60.8,0.33,male,other,0,0,0,0,emergency_shelter,0,0,0,0,1,0,0,0,1
2021,44.4,1.79,male,other,0,0,0,0,emergency_shelter,0,0,0,0,0,0,0,0,0
2021,32.0,1.85,male,other,0,0,0,0,emergency_shelter,0,0,0,1,0,0,0,0,0
2021,24.7,1.69,male,other,0,0,0,0,emergency_shelter,1,0,0,0,0,0,0,1,0
2021,15.0,0.86,male,other,0,0,0,0,emergency_shelter,1,0,0,1,1,1,0,0,1
2021,68.4,0.17,male,other,0,0,0,0,emergency_shelter,0,0,1,0,0,0,0,1,1
2021,29.1,3.87,male,other,0,0,0,0,respite,0,0,0,1,0,0,0,1,0
2021,54.3,1.13,male,other,0,0,0,0,respite,0,0,0,1,0,0,1,0,0
2021,27.9,0.84,male,other,0,0,0,0,emergency_shelter,0,0,0,0,0,0,1,1,0
2021,43.2,1.42,male,other,0,0,0,0,emergency_shelter,0,0,0,0,0,1,1,0,0
2021,47.1,0.34,male,other,0,0,0,0,emergency_shelter,0,0,0,0,1,0,0,0,0
2021,23.5,0.23,male,other,0,0,0,0,emergency_shelter,1,0,1,0,0,1,1,0,0
2021,54.2,0.83,male,other,0,0,0,0,emergency_shelter,0,0,0,0,0,0,0,0,0
2021,38.0,0.41,male,other,0,0,0,0,emergency_shelter,0,0,0,0,0,0,0,1,1
2021,48.6,0.45,male,other,0,0,0,0,emergency_shelter,0,0,0,0,0,1,1,1,0
2021,61.2,3.57,male,other,0,0,0,0,emergency_shelter,0,0,1,0,1,0,0,0,0
2021,51.2,1.21,male,other,0,0,0,0,emergency_shelter,0,0,0,1,0,0,0,1,1
2021,39.5,1.06,male,other,0,0,0,0,emergency_shelter,0,0,0,0,1,0,0,0,1
2021,68.0,1.87,male,other,0,0,0,0,emergency_shelter,0,0,0,1,0,0,1,0,0
2021,40.2,4.84,male,other,0,0,0,0,emergency_shelter,0,0,0,1,0,0,0,1,0
2021,42.1,0.19,male,other,0,0,0,0,emergency_shelter,0,0,0,0,0,0,0,1,0
2021,38.5,2.87,male,other,0,0,0,0,emergency_shelter,0,0,0,1,0,0,0,0,0
2021,23.7,1.4,male,other,0,0,0,0,emergency_shelter,1,0,0,0,1,0,0,1,0
2021,22.1,0.25,male,other,0,0,0,0,emergency_shelter,1,0,0,0,0,0,0,1,0
2021,33.1,0.56,male,other,0,0,0,0,emergency_shelter,0,0,0,0,0,0,0,0,0
2021,26.6,1.05,male,other,0,0,0,0,emergency_shelter,0,0,0,1,0,0,1,0,1
2021,36.9,1.88,male,other,0,0,0,0,emergency_shelter,0,0,0,0,0,0,0,0,0
2021,52.4,0.44,male,other,0,0,0,0,emergency_shelter,0,0,1,0,1,0,0,1,0
2021,35.1,1.22,male,other,0,0,0,0,emergency_shelter,0,0,0,0,0,0,0,0,0
2021,43.9,1.85,male,other,0,0,0,0,emergency_shelter,0,0,0,0,0,0,0,0,0
2021,33.7,0.95,male,other,0,0,0,0,emergency_shelter,0,0,0,0,0,0,0,0,0
2021,76.5,3.18,male,other,0,0,0,0,emergency_shelter,0,0,0,0,0,0,0,0,0
2021,61.9,3.26,male,other,0,0,0,0,emergency_shelter,0,0,0,0,0,0,0,0,0
2021,37.4,1.02,male,other,0,0,0,0,respite,0,0,0,0,0,0,0,0,0
2021,44.6,5.77,male,other,0,0,0,0,emergency_shelter,0,0,0,0,0,0,0,1,1
2021,22.1,0.13,male,other,0,0,0,0,respite,1,0,0,0,0,0,0,0,0
2021,37.8,0.05,male,other,0,0,0,0,emergency_shelter,0,0,0,0,0,0,0,0,0
2021,32.4,0.77,male,other,0,0,0,0,other,0,0,0,0,0,0,0,0,0
2021,51.2,1.47,male,other,0,0,0,0,emergency_shelter,0,0,0,0,0,0,0,0,0
2021,27.8,1.59,male,other,0,0,0,0,other,0,0,1,1,0,0,0,0,0
2021,64.0,1.04,male,other,0,0,0,0,emergency_shelter,0,0,0,1,1,1,0,0,0
2021,39.9,0.21,male,other,0,0,0,0,emergency_shelter,0,0,1,0,0,0,0,1,0
2021,28.7,0.3,male,other,0,0,0,0,emergency_shelter,0,0,0,1,0,0,0,0,1
2021,41.3,3.06,male,other,0,0,0,0,other,0,0,0,0,0,0,0,0,0
2021,51.1,3.24,male,other,0,0,0,0,emergency_shelter,0,0,0,1,0,0,1,1,0
2021,48.1,1.79,male,other,0,0,0,0,emergency_shelter,0,0,0,0,0,1,1,0,0
2021,43.0,1.75,male,other,0,0,0,0,emergency_shelter,0,0,0,1,0,1,0,0,1
2021,53.1,1.46,male,other,0,0,0,0,emergency_shelter,0,0,0,0,0,0,0,0,0
2021,52.3,0.36,male,other,0,0,0,0,emergency_shelter,0,0,0,0,0,1,1,1,1
2021,52.3,0.89,male,other,0,0,0,0,emergency_shelter,0,0,0,1,1,0,0,1,0
2021,29.8,4.11,female,white,1,1,1,1,outdoor,0,0,0,0,0,1,0,1,0
2021,27.0,2.8,female,white,1,1,1,1,outdoor,0,0,0,0,0,0,0,0,0
2021,25.2,1.21,female,white,1,1,1,1,outdoor,0,0,0,0,0,0,1,0,0
2021,21.1,14.79,female,white,1,1,1,1,outdoor,1,0,1,0,0,0,0,0,0
2021,47.1,4.51,female,white,1,1,1,1,outdoor,0,0,0,0,0,0,1,1,0
2021,38.8,1.34,female,white,1,1,1,1,outdoor,0,0,0,0,0,0,1,0,0
2021,56.1,3.44,female,white,1,1,1,1,outdoor,0,0,0,0,1,0,1,1,0
2021,39.5,3.33,female,white,1,1,1,1,outdoor,0,0,0,1,0,0,0,0,0
2021,15.0,1.17,female,white,1,1,1,1,outdoor,1,0,0,0,0,0,0,0,0
2021,50.0,4.45,female,white,1,1,1,1,outdoor,0,0,0,0,0,0,0,1,0
2021,15.4,9.03,female,white,1,1,1,1,outdoor,1,0,0,0,0,1,1,1,0
2021,46.8,7.05,female,white,1,1,1,1,outdoor,0,0,0,1,0,1,1,1,0
2021,33.0,1.65,female,white,1,1,1,1,outdoor,0,0,0,1,0,0,0,0,0
2021,47.1,12.0,female,white,1,1,1,1,outdoor,0,0,0,0,0,0,0,1,0
2021,23.6,2.29,female,white,1,1,1,1,outdoor,1,0,0,0,0,0,0,0,0
2021,54.7,25.18,female,white,1,1,1,1,outdoor,0,0,1,0,0,0,0,1,0
2021,44.3,1.2,female,white,1,1,1,1,outdoor,0,0,0,0,1,0,0,1,0
2021,39.0,3.24,female,white,1,1,1,1,outdoor,0,0,0,0,0,1,0,0,0
2021,23.3,10.71,female,white,1,1,0,1,emergency_shelter,1,0,0,0,1,0,0,0,1
2021,51.7,2.27,female,white,1,1,0,1,emergency_shelter,0,0,0,0,0,0,0,0,0
2021,52.3,1.71,female,white,1,1,0,1,emergency_shelter,0,0,0,0,0,0,0,0,0
2021,62.0,12.7,female,white,1,1,0,1,emergency_shelter,0,0,1,0,1,1,0,0,0
2021,44.5,15.84,female,white,1,1,0,1,emergency_shelter,0,0,0,0,0,0,0,0,0
2021,40.8,2.27,female,white,1,1,0,1,emergency_shelter,0,0,0,0,0,0,0,0,0
2021,24.1,2.36,female,white,1,1,0,1,emergency_shelter,1,0,0,0,0,0,0,0,0
2021,43.3,4.13,female,white,1,1,0,1,emergency_shelter,0,0,0,0,0,0,0,0,1
2021,48.9,6.66,female,white,1,1,0,1,emergency_shelter,0,0,0,0,1,0,0,0,0
2021,18.3,1.18,female,white,1,1,0,1,other,1,0,0,0,1,0,0,1,0
2021,58.8,4.29,female,white,1,1,0,1,emergency_shelter,0,0,0,0,0,1,1,0,0
2021,33.9,27.64,female,white,1,1,0,1,emergency_shelter,0,0,0,1,0,0,0,0,0
2021,41.1,1.9,female,white,1,1,0,1,emergency_shelter,0,0,0,0,0,0,0,1,0
2021,52.2,16.75,female,white,1,1,0,1,emergency_shelter,0,0,0,0,0,0,0,0,0
2021,43.7,26.54,female,white,1,1,0,1,emergency_shelter,0,0,0,0,0,1,0,1,0
2021,63.5,1.93,female,white,1,1,0,1,emergency_shelter,0,0,0,0,0,0,1,1,0
2021,52.6,7.19,female,white,1,1,0,1,emergency_shelter,0,0,0,1,0,1,1,1,0
2021,41.7,1.8,female,white,1,1,0,1,emergency_shelter,0,0,0,0,0,0,0,1,0
2021,15.0,6.76,female,white,1,1,0,1,respite,1,0,0,0,0,0,0,0,0
2021,57.8,8.6,female,white,1,1,0,1,emergency_shelter,0,0,0,0,0,0,0,0,0
2021,27.3,1.83,female,white,1,1,0,1,other,0,0,0,0,1,0,0,0,0
2021,55.7,6.26,female,white,1,1,0,1,emergency_shelter,0,0,0,0,0,0,0,0,0
2021,50.7,9.19,female,white,1,1,0,1,emergency_shelter,0,0,0,0,1,0,0,1,0
2021,41.0,2.38,female,white,1,1,0,1,emergency_shelter,0,0,0,0,0,0,0,0,0
2021,57.2,1.52,female,white,1,1,0,1,emergency_shelter,0,0,0,0,0,0,0,0,0
2021,51.1,1.27,female,white,1,1,0,1,emergency_shelter,0,0,1,0,0,0,0,0,0
2021,48.4,4.08,female,white,1,1,0,1,emergency_shelter,0,0,0,0,0,0,1,1,0
2021,19.8,30.0,female,white,1,1,0,1,emergency_shelter,1,0,0,1,0,0,0,0,0
2021,44.4,9.69,female,white,1,1,0,1,emergency_shelter,0,0,1,0,1,0,0,0,1
2021,26.4,2.86,female,white,1,1,0,1,emergency_shelter,0,0,0,0,1,0,0,1,0
2021,28.5,3.68,female,white,1,1,0,1,emergency_shelter,0,0,0,0,0,0,0,1,0
2021,38.8,1.98,female,white,1,1,0,1,emergency_shelter,0,0,0,0,0,1,1,1,0
2021,64.3,1.5,female,white,1,1,0,1,emergency_shelter,0,0,0,1,0,0,0,0,0
2021,48.9,3.2,female,white,1,1,0,1,emergency_shelter,0,0,0,1,0,0,0,1,0
2021,49.9,3.06,female,white,1,1,0,1,emergency_shelter,0,0,0,0,0,0,1,1,0
2021,54.6,3.54,female,white,1,1,0,1,emergency_shelter,0,0,0,0,1,1,0,0,1
2021,31.6,27.63,female,white,1,1,0,1,emergency_shelter,0,0,0,0,0,1,0,1,0
2021,21.8,4.42,female,white,1,1,0,1,emergency_shelter,1,0,1,0,1,1,0,0,0
2021,19.3,4.44,female,white,1,1,0,1,emergency_shelter,1,0,0,0,1,0,0,0,0
2021,47.1,1.38,female,white,1,1,0,1,emergency_shelter,0,0,0,0,0,0,1,1,0
2021,57.6,30.0,female,white,1,1,0,1,emergency_shelter,0,0,0,0,1,0,0,0,0
2021,56.6,7.74,female,white,1,1,0,1,respite,0,0,0,1,0,0,0,0,0
2021,32.2,13.19,female,white,1,1,0,1,emergency_shelter,0,0,0,1,0,0,0,0,0
2021,62.8,2.71,female,white,1,1,0,1,emergency_shelter,0,0,0,0,0,1,1,1,0
2021,72.4,3.37,female,white,1,1,0,1,emergency_shelter,0,0,1,0,0,0,0,1,0
2021,52.3,3.54,female,white,1,1,0,1,emergency_shelter,0,0,0,0,0,0,0,0,0
2021,64.6,1.62,female,white,1,1,0,1,emergency_shelter,0,0,0,0,0,0,0,1,0
2021,56.0,5.72,female,white,1,1,0,1,emergency_shelter,0,0,0,0,0,1,1,0,1
2021,40.6,15.94,female,white,1,1,0,1,respite,0,0,0,0,0,0,0,0,0
2021,34.5,1.51,female,white,1,1,0,1,emergency_shelter,0,0,0,0,0,0,0,0,0
2021,21.2,1.25,female,white,1,1,0,1,emergency_shelter,1,0,0,0,0,0,0,0,0
2021,37.6,6.77,female,white,1,1,0,1,emergency_shelter,0,0,0,0,0,0,1,0,0
2021,40.5,1.95,female,white,1,1,0,1,respite,0,0,0,1,1,0,0,0,0
2021,40.8,4.68,female,white,1,1,0,1,emergency_shelter,0,0,0,0,0,1,0,0,0
2021,42.2,5.84,female,white,1,1,0,1,emergency_shelter,0,0,0,1,1,1,0,1,1
2021,15.0,2.18,female,white,1,1,0,1,emergency_shelter,1,0,0,0,0,0,0,1,0
2021,54.7,9.33,female,white,1,1,0,1,emergency_shelter,0,0,0,0,0,0,0,0,1
2021,56.4,3.81,female,white,1,1,0,1,emergency_shelter,0,0,0,0,1,0,0,0,0
2021,49.0,12.51,female,white,1,1,0,1,other,0,0,1,0,0,0,0,1,1
2021,27.5,7.45,female,white,1,1,0,1,emergency_shelter,0,0,1,1,1,0,0,0,0
2021,49.0,12.47,female,white,1,1,0,1,emergency_shelter,0,0,0,0,1,0,0,1,1
2021,44.1,1.05,female,white,1,1,0,1,respite,0,0,0,0,0,0,0,0,0
2021,50.5,1.82,female,white,1,1,0,1,emergency_shelter,0,0,0,0,0,0,0,1,0
2021,65.5,1.26,female,white,1,1,0,1,emergency_shelter,0,0,0,1,0,0,0,0,1
2021,41.3,2.9,female,white,1,1,0,1,emergency_shelter,0,0,0,0,0,0,0,0,0
2021,46.4,14.42,female,white,1,1,0,1,emergency_shelter,0,0,0,1,0,1,0,0,1
2021,31.7,3.09,female,white,1,1,0,1,emergency_shelter,0,0,0,0,0,1,0,0,0
2021,56.7,11.15,female,white,1,1,0,1,respite,0,0,1,0,0,0,0,0,0
2021,53.7,2.21,female,white,1,1,0,1,emergency_shelter,0,0,0,0,0,0,0,0,0
2021,46.9,2.27,female,white,1,1,0,1,emergency_shelter,0,0,0,0,0,0,0,0,0
2021,29.1,15.04,female,white,1,1,0,1,emergency_shelter,0,0,1,1,1,0,0,0,0
2021,34.3,2.79,female,white,1,1,0,1,emergency_shelter,0,0,0,1,0,0,0,1,1
2021,18.2,8.31,female,white,1,1,0,1,emergency_shelter,1,0,0,0,1,0,0,0,1
2021,34.1,1.79,female,white,1,1,0,1,emergency_shelter,0,0,0,0,0,0,0,0,0
2021,53.8,26.01,female,white,1,1,0,1,emergency_shelter,0,0,0,0,0,0,0,1,1
2021,49.4,4.07,female,white,1,1,0,1,emergency_shelter,0,0,0,0,0,0,0,1,0
2021,46.1,7.34,female,white,1,1,0,1,emergency_shelter,0,0,0,0,0,0,0,0,0
2021,64.6,1.26,female,white,1,1,0,1,emergency_shelter,0,0,1,0,0,1,1,1,0
2021,48.1,3.29,female,white,1,1,0,1,emergency_shelter,0,0,0,0,0,0,0,1,0
2021,35.7,15.7,female,white,1,1,0,1,emergency_shelter,0,0,0,0,0,0,0,0,0
2021,34.0,13.18,female,white,1,1,0,1,emergency_shelter,0,0,0,0,0,0,0,1,1
2021,40.6,1.13,female,white,1,1,0,1,emergency_shelter,0,0,0,1,0,0,0,1,1
2021,64.3,0.34,female,white,1,1,0,0,emergency_shelter,0,0,0,0,0,0,0,0,0
2021,30.4,0.98,female,white,1,1,0,0,emergency_shelter,0,0,0,1,0,0,0,1,0
2021,18.1,1.52,female,white,1,1,0,0,other,1,0,0,0,0,1,0,0,1
2021,41.5,0.46,female,white,1,1,0,0,emergency_shelter,0,0,0,0,0,0,0,1,0
2021,20.4,0.57,female,white,1,1,0,0,respite,1,0,0,0,0,0,0,1,0
2021,42.6,1.52,female,white,1,1,0,0,emergency_shelter,0,0,0,0,0,0,0,1,0
2021,40.9,4.66,female,white,1,1,0,0,emergency_shelter,0,0,0,0,0,0,0,1,0
2021,30.2,1.8,female,white,1,1,0,0,emergency_shelter,0,0,0,0,0,0,0,0,0
2021,67.1,2.44,female,white,1,1,0,0,emergency_shelter,0,0,0,0,0,0,0,0,0
2021,40.8,0.73,female,white,1,1,0,0,emergency_shelter,0,0,0,1,0,1,0,0,0
2021,52.9,0.51,female,white,1,1,0,0,emergency_shelter,0,0,0,0,0,0,0,0,0
2021,53.8,0.97,female,white,1,1,0,0,emergency_shelter,0,0,0,0,0,1,0,0,1
2021,65.5,2.63,female,white,1,1,0,0,other,0,0,0,0,0,0,1,1,0
2021,23.9,0.97,female,white,1,1,0,0,emergency_shelter,1,0,0,1,0,0,0,0,0
2021,16.2,3.0,female,white,1,1,0,0,emergency_shelter,1,0,0,0,0,0,0,0,0
2021,65.0,7.18,female,white,1,1,0,0,respite,0,0,0,0,0,0,0,0,0
2021,49.0,0.12,female,white,1,1,0,0,emergency_shelter,0,0,0,0,0,0,0,0,0
2021,42.6,0.07,female,white,1,1,0,0,emergency_shelter,0,0,0,0,0,0,0,0,0
2021,39.0,0.26,female,white,1,1,0,0,emergency_shelter,0,0,0,1,0,0,0,1,0
2021,36.5,0.78,female,white,1,1,0,0,emergency_shelter,0,0,0,0,0,0,0,0,0
2021,52.9,0.22,female,white,1,1,0,0,respite,0,0,0,0,0,1,0,0,0
2021,20.6,3.27,female,white,1,1,0,0,respite,1,0,0,1,1,0,0,1,1
2021,47.5,0.05,female,white,1,1,0,0,emergency_shelter,0,0,0,0,0,0,0,0,1
2021,55.3,0.61,female,white,1,1,0,0,emergency_shelter,0,0,1,0,0,1,0,0,1
2021,51.2,0.33,female,white,1,1,0,0,emergency_shelter,0,0,0,1,1,1,0,0,1
2021,39.8,4.29,female,white,1,1,0,0,other,0,0,1,1,1,0,0,0,0
2021,40.8,1.77,female,white,1,1,0,0,emergency_shelter,0,0,0,1,0,0,0,1,1
2021,58.8,3.89,female,white,1,1,0,0,emergency_shelter,0,0,1,1,0,1,1,1,0
2021,49.0,5.74,female,white,1,1,0,0,emergency_shelter,0,0,0,0,1,1,0,1,1
2021,65.4,1.1,female,white,1,1,0,0,emergency_shelter,0,0,0,0,0,0,1,0,0
2021,16.4,0.43,female,white,1,1,0,0,emergency_shelter,1,0,0,0,0,0,0,0,0
2021,53.5,0.34,female,white,1,1,0,0,emergency_shelter,0,0,0,1,0,0,0,1,0
2021,29.5,0.4,female,white,1,1,0,0,emergency_shelter,0,0,0,1,0,0,0,0,0
2021,39.8,1.97,female,white,1,1,0,0,respite,0,0,0,1,0,1,1,1,1
2021,60.1,0.07,female,white,1,1,0,0,emergency_shelter,0,0,0,1,0,0,0,1,0
2021,26.8,0.08,female,white,1,1,0,0,respite,0,0,0,0,1,0,0,0,0
2021,70.4,1.5,female,white,1,1,0,0,emergency_shelter,0,0,0,1,0,0,0,0,0
2021,56.3,1.64,female,white,1,1,0,0,emergency_shelter,0,0,0,0,0,0,0,0,0
2021,48.9,1.75,female,white,1,1,0,0,emergency_shelter,0,0,0,0,1,1,0,0,0
2021,27.8,0.74,female,white,1,1,0,0,emergency_shelter,0,0,0,0,0,0,0,0,0
2021,38.3,2.62,female,white,1,1,0,0,other,0,0,0,1,0,0,1,1,1
2021,35.8,1.22,female,white,1,1,0,0,emergency_shelter,0,0,0,1,0,0,0,1,0
2021,23.6,0.18,female,white,1,1,0,0,emergency_shelter,1,0,0,0,0,0,0,1,0
2021,56.1,2.55,female,white,1,1,0,0,respite,0,0,0,0,0,0,0,0,1
2021,35.2,4.89,female,white,1,1,0,0,respite,0,0,0,0,0,1,0,0,0
2021,38.4,0.1,female,white,1,1,0,0,emergency_shelter,0,0,0,0,1,1,0,0,0
2021,39.1,0.79,female,white,1,1,0,0,respite,0,0,0,0,1,1,0,0,1
2021,37.8,1.07,female,white,1,1,0,0,emergency_shelter,0,0,0,0,0,0,0,0,0
2021,48.2,0.25,female,white,1,1,0,0,emergency_shelter,0,0,0,0,0,1,1,1,1
2021,32.1,3.24,female,white,1,1,0,0,emergency_shelter,0,0,0,0,0,0,0,0,0
2021,55.1,0.53,female,white,1,1,0,0,emergency_shelter,0,0,0,0,0,0,0,0,0
2021,32.5,2.44,female,white,1,1,0,0,emergency_shelter,0,0,0,0,1,0,1,0,0
2021,40.4,1.78,female,white,1,1,0,0,emergency_shelter,0,0,0,1,0,1,0,1,0
2021,22.5,1.46,female,white,1,1,0,0,emergency_shelter,1,0,0,0,1,0,0,0,0
2021,55.8,0.34,female,white,1,1,0,0,respite,0,0,0,0,0,0,0,0,0
2021,59.4,0.4,female,white,1,1,0,0,emergency_shelter,0,0,0,1,0,0,0,1,1
2021,50.8,0.08,female,white,1,1,0,0,other,0,0,0,1,0,0,0,1,0
2021,43.2,0.44,female,white,1,1,0,0,emergency_shelter,0,0,0,0,1,0,0,0,0
2021,40.3,0.68,female,white,1,1,0,0,emergency_shelter,0,0,0,0,0,0,0,0,0
2021,19.0,2.87,female,white,1,1,0,0,emergency_shelter,1,0,0,0,0,0,0,0,0
2021,21.9,0.73,female,white,1,1,0,0,emergency_shelter,1,0,0,0,0,0,0,1,0
2021,51.3,2.25,female,white,1,1,0,0,respite,0,0,0,0,0,0,0,1,0
2021,44.4,0.1,female,white,1,0,0,0,emergency_shelter,0,0,0,0,0,0,0,1,0
2021,51.2,3.31,female,white,1,0,0,0,emergency_shelter,0,0,0,0,0,0,0,1,1
2021,30.9,1.35,female,white,1,0,0,0,respite,0,0,0,0,0,0,0,0,0
2021,31.2,0.78,female,white,1,0,0,0,emergency_shelter,0,0,0,0,0,0,0,0,0
2021,33.7,0.19,female,white,1,0,0,0,emergency_shelter,0,0,1,0,0,1,0,0,0
2021,19.1,4.69,female,white,1,0,0,0,emergency_shelter,1,0,0,0,0,0,0,0,0
2021,47.6,1.21,female,white,1,0,0,0,other,0,0,0,0,0,0,0,0,0
2021,49.2,0.53,female,white,1,0,0,0,emergency_shelter,0,0,0,0,1,0,0,0,0
2021,41.9,0.69,female,white,1,0,0,0,emergency_shelter,0,0,0,1,0,0,0,1,0
2021,59.9,0.51,female,white,1,0,0,0,emergency_shelter,0,0,0,0,0,0,0,0,0
2021,37.2,1.47,female,white,1,0,0,0,respite,0,0,0,0,0,0,0,1,0
2021,49.5,4.25,female,white,1,0,0,0,emergency_shelter,0,0,0,0,0,0,0,0,0
2021,47.6,3.11,female,white,1,0,0,0,emergency_shelter,0,0,1,1,0,0,1,1,1
2021,29.6,0.99,female,white,1,0,0,0,emergency_shelter,0,0,0,0,0,1,0,1,0
2021,57.0,2.8,female,white,1,0,0,0,emergency_shelter,0,0,0,0,0,0,1,0,0
2021,42.6,0.88,female,white,1,0,0,0,emergency_shelter,0,0,0,1,1,0,0,1,0
2021,54.5,0.47,female,white,1,0,0,0,emergency_shelter,0,0,0,0,0,0,0,0,0
2021,22.6,6.56,female,white,1,0,0,0,emergency_shelter,1,0,0,0,0,0,0,1,1
2021,42.4,0.58,female,white,1,0,0,0,emergency_shelter,0,0,0,1,0,0,1,0,0
2021,34.4,0.63,female,white,1,0,0,0,emergency_shelter,0,0,1,0,0,0,0,0,0
2021,28.9,7.32,female,white,1,0,0,0,emergency_shelter,0,0,0,1,1,1,0,1,0
2021,60.6,0.23,female,white,1,0,0,0,other,0,0,0,0,0,1,0,0,0
2021,43.6,2.29,female,white,1,0,0,0,respite,0,0,0,0,0,1,0,0,0
2021,20.1,4.39,female,white,1,0,0,0,emergency_shelter,1,0,0,0,0,0,0,0,0
2021,33.9,1.15,female,white,1,0,0,0,emergency_shelter,0,0,0,1,0,0,0,0,0
2021,54.0,0.05,female,white,1,0,0,0,emergency_shelter,0,0,0,0,0,1,0,1,0
2021,28.9,0.75,female,white,1,0,0,0,emergency_shelter,0,0,0,0,0,1,0,0,0
2021,27.5,0.19,female,white,1,0,0,0,emergency_shelter,0,0,0,0,0,0,0,0,0
2021,38.8,0.86,female,white,1,0,0,0,respite,0,0,0,0,0,1,1,0,0
2021,47.4,2.5,female,white,1,0,0,0,emergency_shelter,0,0,0,0,1,0,0,0,0
2021,30.6,0.92,female,white,1,0,0,0,emergency_shelter,0,0,0,0,0,0,0,0,0
2021,46.3,0.9,female,white,1,0,0,0,emergency_shelter,0,0,0,0,0,0,0,0,1
2021,41.3,1.3,female,white,1,0,0,0,emergency_shelter,0,0,0,0,1,0,0,0,0
2021,43.0,1.39,female,white,1,0,0,0,emergency_shelter,0,0,0,0,0,0,1,0,0
2021,15.0,3.1,female,white,1,0,0,0,respite,1,0,0,0,0,0,0,0,0
2021,41.0,0.59,female,white,1,0,0,0,emergency_shelter,0,0,0,0,0,0,0,1,1
2021,37.3,2.76,female,white,1,0,0,0,emergency_shelter,0,0,0,1,1,0,0,0,0
2021,46.3,1.34,female,white,1,0,0,0,respite,0,0,0,0,0,0,0,0,0
2021,31.7,0.57,female,white,1,0,0,0,emergency_shelter,0,0,0,0,1,1,0,1,0
2021,35.6,0.56,female,white,1,0,0,0,emergency_shelter,0,0,1,1,0,1,0,1,0
2021,48.3,0.72,female,white,1,0,0,0,emergency_shelter,0,0,0,1,0,0,0,0,0
2021,61.1,1.56,female,white,1,0,0,0,respite,0,0,0,0,1,0,0,1,0
2021,22.3,0.42,female,white,1,0,0,0,emergency_shelter,1,0,0,0,0,0,0,0,0
2021,48.0,4.05,female,white,1,0,0,0,emergency_shelter,0,0,0,1,0,0,0,0,0
2021,57.9,1.37,female,white,1,0,0,0,emergency_shelter,0,0,0,0,0,0,1,1,0
2021,50.5,4.04,female,white,1,0,0,0,emergency_shelter,0,0,0,0,0,0,0,0,0
2021,57.0,0.08,female,white,1,0,0,0,emergency_shelter,0,0,0,0,0,0,0,1,0
2021,33.2,0.67,female,white,1,0,0,0,emergency_shelter,0,0,0,0,0,0,0,0,0
2021,58.1,0.05,female,white,1,0,0,0,emergency_shelter,0,0,0,0,0,1,0,0,0
2021,30.7,0.51,female,white,1,0,0,0,emergency_shelter,0,0,0,0,0,0,0,1,0
2021,41.6,3.17,female,white,1,0,0,0,emergency_shelter,0,0,0,0,0,0,0,1,0
2021,33.8,0.06,female,white,1,0,0,0,emergency_shelter,0,0,0,0,0,0,1,0,0
2021,34.4,0.92,female,white,1,0,0,0,emergency_shelter,0,0,0,0,0,0,0,0,0
2021,16.7,0.61,female,other,1,1,1,0,outdoor,1,0,0,0,0,0,0,1,0
2021,41.9,0.66,female,other,1,1,1,0,outdoor,0,0,1,0,1,1,0,1,0
2021,44.1,2.23,female,other,1,1,1,0,outdoor,0,0,0,0,0,0,0,1,1
2021,55.7,2.46,female,other,1,1,1,0,outdoor,0,0,0,0,1,1,0,0,1
2021,61.7,0.42,female,other,1,1,1,0,outdoor,0,0,0,0,0,1,0,1,0
2021,26.5,5.77,female,other,1,1,1,0,outdoor,0,0,0,0,0,0,0,0,0
2021,45.8,0.14,female,other,1,1,1,0,outdoor,0,0,0,0,0,0,0,0,0
2021,15.0,0.11,female,other,1,1,1,0,outdoor,1,0,0,1,0,0,0,1,0
2021,52.7,1.45,female,other,1,1,1,0,outdoor,0,0,0,0,0,0,0,0,1
2021,56.2,2.05,female,other,1,1,1,0,outdoor,0,0,1,0,0,0,0,0,0
2021,15.0,5.19,female,other,1,1,1,0,outdoor,1,0,0,1,0,1,0,0,0
2021,36.1,0.83,female,other,1,1,1,0,outdoor,0,0,0,1,0,1,0,0,0
2021,28.3,0.05,female,other,1,1,1,0,outdoor,0,0,0,0,0,0,0,1,0
2021,36.0,1.48,female,other,1,1,1,0,outdoor,0,0,1,0,1,0,0,1,1
2021,33.3,0.55,female,other,1,1,1,0,outdoor,0,0,0,0,0,0,0,1,0
2021,40.2,0.91,female,other,1,1,1,0,outdoor,0,0,0,0,0,0,0,0,0
2021,54.6,1.07,female,other,1,1,1,0,outdoor,0,0,0,0,0,0,0,0,0
2021,36.4,0.11,female,other,1,1,1,0,outdoor,0,0,0,1,0,0,0,1,0
2021,27.0,1.06,female,other,1,1,1,0,outdoor,0,0,0,0,0,1,0,0,0
2021,38.1,0.89,female,other,1,1,1,0,outdoor,0,0,1,1,0,0,0,0,0
2021,37.3,1.99,female,other,1,1,1,0,outdoor,0,0,0,0,0,0,0,0,0
2021,39.6,1.66,female,other,1,1,1,0,outdoor,0,0,0,0,0,1,0,1,0
2021,32.0,0.33,female,other,1,1,1,0,outdoor,0,0,1,0,1,0,1,1,0
2021,45.9,0.37,female,other,1,1,1,0,outdoor,0,0,0,1,0,1,0,1,0
2021,58.9,0.46,female,other,1,1,1,0,outdoor,0,0,0,0,0,0,1,0,0
2021,23.1,0.32,female,other,1,1,1,0,outdoor,1,0,0,0,0,0,0,0,0
2021,47.1,1.71,female,other,1,1,1,0,outdoor,0,0,0,0,0,0,0,1,0
2021,54.3,8.0,female,other,1,1,1,0,outdoor,0,0,0,0,0,0,0,0,0
2021,34.7,1.69,female,other,1,1,1,0,outdoor,0,0,1,1,0,0,0,0,0
2021,58.4,1.49,female,other,1,1,1,0,outdoor,0,0,0,0,0,0,1,1,0
2021,43.0,1.52,female,other,1,1,0,1,respite,0,0,0,0,0,0,0,0,0
2021,20.2,6.68,female,other,1,1,0,1,other,1,0,0,0,0,0,0,0,0
2021,32.5,3.69,female,other,1,1,0,1,emergency_shelter,0,0,0,0,0,0,0,0,1
2021,17.7,1.71,female,other,1,1,0,1,emergency_shelter,1,0,0,0,0,0,0,1,0
2021,43.4,2.12,female,other,1,1,0,1,emergency_shelter,0,0,0,0,1,0,1,1,1
2021,37.0,30.0,female,other,1,1,0,1,other,0,0,0,0,0,0,0,0,0
2021,48.8,11.09,female,other,1,1,0,1,respite,0,0,0,1,0,0,0,1,1
2021,53.1,13.44,female,other,1,1,0,1,emergency_shelter,0,0,0,1,0,0,0,0,0
2021,51.6,3.03,female,other,1,1,0,1,emergency_shelter,0,0,0,0,0,1,1,0,0
2021,20.8,4.68,female,other,1,1,0,1,emergency_shelter,1,0,0,1,0,0,0,0,0
2021,43.5,2.48,female,other,1,1,0,1,emergency_shelter,0,0,0,0,0,1,1,1,0
2021,20.1,1.22,female,other,1,1,0,1,emergency_shelter,1,0,1,0,0,1,0,0,0
2021,68.1,2.63,female,other,1,1,0,1,emergency_shelter,0,0,0,0,0,0,0,0,1
2021,38.9,4.3,female,other,1,1,0,1,emergency_shelter,0,0,0,0,0,0,0,0,0
2021,24.7,2.01,female,other,1,1,0,1,emergency_shelter,1,0,0,0,0,1,0,0,0
2021,36.2,11.04,female,other,1,1,0,1,respite,0,0,0,0,1,0,1,0,0
2021,46.7,1.46,female,other,1,1,0,1,emergency_shelter,0,0,0,0,0,0,0,1,0
2021,54.1,2.43,female,other,1,1,0,1,emergency_shelter,0,0,0,0,0,0,0,1,0
2021,62.0,1.37,female,other,1,1,0,1,emergency_shelter,0,0,0,1,0,1,0,1,1
2021,44.7,2.65,female,other,1,1,0,1,emergency_shelter,0,0,1,0,0,0,0,1,0
2021,39.1,1.11,female,other,1,1,0,1,emergency_shelter,0,0,0,0,0,0,0,0,1
2021,53.4,1.95,female,other,1,1,0,1,emergency_shelter,0,0,0,0,0,0,0,0,0
2021,53.0,2.63,female,other,1,1,0,1,other,0,0,0,0,0,0,0,0,0
2021,45.5,3.17,female,other,1,1,0,1,emergency_shelter,0,0,0,0,0,0,0,0,0
2021,55.2,3.75,female,other,1,1,0,1,emergency_shelter,0,0,0,0,0,0,0,0,0
2021,35.3,1.96,female,other,1,1,0,1,emergency_shelter,0,0,0,0,0,1,0,1,1
2021,43.5,3.55,female,other,1,1,0,1,emergency_shelter,0,0,0,0,0,0,0,0,0
2021,15.4,3.43,female,other,1,1,0,1,respite,1,0,0,1,0,0,0,1,0
2021,63.3,2.15,female,other,1,1,0,1,emergency_shelter,0,0,1,0,0,1,0,0,0
2021,36.9,10.04,female,other,1,1,0,1,emergency_shelter,0,0,0,0,0,0,0,0,0
2021,63.4,3.77,female,other,1,1,0,1,emergency_shelter,0,0,0,0,0,0,0,0,0
2021,34.6,2.24,female,other,1,1,0,1,emergency_shelter,0,0,0,0,0,0,0,0,1
2021,48.1,25.47,female,other,1,1,0,1,respite,0,0,0,0,0,0,0,1,1
2021,44.6,10.87,female,other,1,1,0,1,emergency_shelter,0,0,0,1,1,1,0,1,0
2021,35.4,30.0,female,other,1,1,0,1,emergency_shelter,0,0,0,0,1,0,0,0,0
2021,50.5,5.77,female,other,1,1,0,1,emergency_shelter,0,0,0,0,0,0,0,0,0
2021,61.7,2.49,female,other,1,1,0,1,emergency_shelter,0,0,0,1,0,0,0,1,0
2021,68.9,1.98,female,other,1,1,0,1,emergency_shelter,0,0,0,1,0,1,0,1,0
2021,54.2,5.27,female,other,1,1,0,1,emergency_shelter,0,0,0,0,0,0,0,1,0
2021,26.9,30.0,female,other,1,1,0,1,emergency_shelter,0,0,0,1,0,1,0,1,1
2021,24.1,4.72,female,other,1,1,0,1,emergency_shelter,1,0,0,0,0,0,0,0,0
2021,59.8,13.59,female,other,1,1,0,1,emergency_shelter,0,0,0,1,0,1,0,1,0
2021,29.9,2.22,female,other,1,1,0,1,emergency_shelter,0,0,0,0,0,1,0,0,0
2021,52.4,2.67,female,other,1,1,0,1,emergency_shelter,0,0,0,0,0,0,0,0,0
2021,45.7,16.39,female,other,1,1,0,1,emergency_shelter,0,0,0,0,1,0,0,1,0
2021,62.3,7.27,female,other,1,1,0,1,emergency_shelter,0,0,0,0,0,0,0,0,0
2021,51.0,30.0,female,other,1,1,0,1,respite,0,0,0,1,0,0,0,0,0
2021,43.4,7.81,female,other,1,1,0,1,emergency_shelter,0,0,0,0,1,0,1,1,0
2021,72.7,2.95,female,other,1,1,0,1,respite,0,0,0,0,0,0,0,0,0
2021,55.3,3.63,female,other,1,1,0,1,emergency_shelter,0,0,0,0,1,0,0,0,0
2021,51.6,15.63,female,other,1,1,0,1,emergency_shelter,0,0,0,0,1,0,0,0,0
2021,34.3,3.83,female,other,1,1,0,1,emergency_shelter,0,0,0,0,0,0,0,1,0
2021,27.8,1.87,female,other,1,1,0,1,other,0,0,0,0,0,0,0,1,0
2021,40.2,2.86,female,other,1,1,0,1,emergency_shelter,0,0,0,0,0,0,0,0,0
2021,22.8,3.49,female,other,1,1,0,1,emergency_shelter,1,0,1,0,0,1,0,0,0
2021,39.3,1.28,female,other,1,1,0,1,other,0,0,0,0,0,0,0,0,0
2021,55.0,6.92,female,other,1,1,0,1,respite,0,0,0,0,0,0,0,1,1
2021,57.6,1.32,female,other,1,1,0,1,emergency_shelter,0,0,0,0,0,0,0,0,0
2021,39.0,2.65,female,other,1,1,0,1,other,0,0,0,0,0,1,1,0,0
2021,84.9,8.88,female,other,1,1,0,1,emergency_shelter,0,0,0,0,0,0,0,0,0
2021,61.6,3.09,female,other,1,1,0,1,emergency_shelter,0,0,0,0,0,0,1,0,0
2021,43.4,10.69,female,other,1,1,0,1,emergency_shelter,0,0,0,0,0,0,0,1,0
2021,59.8,2.29,female,other,1,1,0,1,emergency_shelter,0,0,0,0,0,0,0,1,0
2021,35.7,29.92,female,other,1,1,0,1,emergency_shelter,0,0,0,0,0,0,0,1,0
2021,47.4,1.68,female,other,1,1,0,1,emergency_shelter,0,0,0,0,0,0,0,0,0
2021,38.8,1.11,female,other,1,1,0,1,emergency_shelter,0,0,0,1,1,0,0,0,0
2021,26.9,12.78,female,other,1,1,0,1,emergency_shelter,0,0,0,0,0,0,0,0,0
2021,51.3,7.14,female,other,1,1,0,1,respite,0,0,1,0,0,1,1,0,0
2021,43.7,1.77,female,other,1,1,0,1,emergency_shelter,0,0,0,0,0,1,0,0,1
2021,44.8,30.0,female,other,1,1,0,1,other,0,0,1,0,1,0,0,0,0
2021,43.4,3.37,female,other,1,1,0,1,other,0,0,0,1,0,0,0,0,0
2021,31.2,26.9,female,other,1,1,0,1,other,0,0,0,0,0,0,0,0,0
2021,66.1,3.39,female,other,1,1,0,1,emergency_shelter,0,0,1,0,0,1,0,0,0
2021,47.3,3.12,female,other,1,1,0,1,emergency_shelter,0,0,0,0,0,0,0,0,0
2021,40.1,2.95,female,other,1,1,0,1,emergency_shelter,0,0,1,1,0,0,0,0,0
2021,25.5,2.25,female,other,1,1,0,1,emergency_shelter,0,0,0,0,1,1,0,1,1
2021,63.5,3.65,female,other,1,1,0,1,emergency_shelter,0,0,0,0,0,0,1,0,1
2021,56.7,2.98,female,other,1,1,0,1,emergency_shelter,0,0,0,0,0,0,0,1,0
2021,43.8,1.1,female,other,1,1,0,1,emergency_shelter,0,0,1,0,1,0,0,1,1
2021,25.8,1.89,female,other,1,1,0,1,other,0,0,0,1,0,0,0,0,0
2021,67.0,1.69,female,other,1,1,0,1,respite,0,0,0,0,0,0,0,1,0
2021,38.7,12.39,female,other,1,1,0,1,emergency_shelter,0,0,1,0,0,0,0,1,0
2021,34.4,4.35,female,other,1,1,0,1,emergency_shelter,0,0,0,0,0,0,0,1,0
2021,43.1,7.46,female,other,1,1,0,1,emergency_shelter,0,0,0,0,1,0,1,0,0
2021,49.1,29.5,female,other,1,1,0,1,respite,0,0,0,1,0,1,0,1,0
2021,41.5,4.96,female,other,1,1,0,1,emergency_shelter,0,0,0,0,0,1,1,1,1
2021,15.0,30.0,female,other,1,1,0,1,emergency_shelter,1,0,1,1,0,1,1,1,0
2021,47.3,2.13,female,other,1,1,0,1,emergency_shelter,0,0,0,0,0,0,0,0,0
2021,56.7,1.59,female,other,1,1,0,1,emergency_shelter,0,0,0,0,0,1,0,1,0
2021,31.3,2.64,female,other,1,1,0,1,other,0,0,0,0,0,1,0,0,0
2021,65.7,3.11,female,other,1,1,0,1,emergency_shelter,0,0,1,0,1,1,1,0,0
2021,56.1,15.01,female,other,1,1,0,1,emergency_shelter,0,0,0,1,0,0,0,1,0
2021,50.4,3.91,female,other,1,1,0,1,respite,0,0,0,0,0,0,0,0,1
2021,29.6,2.04,female,other,1,1,0,1,respite,0,0,0,1,0,0,0,1,1
2021,47.7,6.89,female,other,1,1,0,1,respite,0,0,0,0,0,1,0,0,0
2021,48.8,3.4,female,other,1,1,0,1,emergency_shelter,0,0,1,1,0,1,1,0,0
2021,42.7,1.5,female,other,1,1,0,1,emergency_shelter,0,0,0,1,0,0,0,0,0
2021,56.3,4.1,female,other,1,1,0,1,emergency_shelter,0,0,0,1,0,0,0,1,0
2021,38.8,17.13,female,other,1,1,0,1,emergency_shelter,0,0,0,0,0,0,0,0,1
2021,40.0,10.72,female,other,1,1,0,1,emergency_shelter,0,0,0,0,0,1,0,0,0
2021,34.5,4.21,female,other,1,1,0,1,emergency_shelter,0,0,0,0,0,0,1,0,0
2021,37.5,2.48,female,other,1,1,0,1,emergency_shelter,0,0,0,1,0,0,0,0,0
2021,41.7,1.25,female,other,1,1,0,1,other,0,0,0,0,0,0,0,0,0
2021,41.2,3.1,female,other,1,1,0,1,emergency_shelter,0,0,0,1,1,1,1,0,0
2021,40.6,7.14,female,other,1,1,0,1,other,0,0,0,0,0,0,0,0,0
2021,56.8,2.39,female,other,1,1,0,1,emergency_shelter,0,0,0,0,0,0,0,0,1
2021,64.9,1.78,female,other,1,1,0,1,emergency_shelter,0,0,1,1,0,1,0,0,0
2021,25.9,20.86,female,other,1,1,0,1,emergency_shelter,0,0,0,0,0,0,0,1,0
2021,64.5,9.62,female,other,1,1,0,1,emergency_shelter,0,0,0,1,0,0,0,1,0
2021,53.3,4.88,female,other,1,1,0,1,emergency_shelter,0,0,0,0,0,0,0,1,1
2021,31.3,1.41,female,other,1,1,0,1,respite,0,0,0,0,0,0,0,0,0
2021,39.2,1.44,female,other,1,1,0,1,emergency_shelter,0,0,0,0,0,0,0,0,0
2021,47.8,1.3,female,other,1,1,0,1,respite,0,0,0,0,0,1,0,0,0
2021,20.7,4.58,female,other,1,1,0,1,emergency_shelter,1,0,0,1,0,0,0,1,0
2021,42.6,1.34,female,other,1,1,0,1,respite,0,0,0,0,1,0,0,0,0
2021,57.0,0.12,female,other,1,1,0,0,emergency_shelter,0,0,0,0,0,0,0,0,0
2021,36.0,0.35,female,other,1,1,0,0,emergency_shelter,0,0,0,0,0,0,0,0,0
2021,27.0,0.57,female,other,1,1,0,0,emergency_shelter,0,0,0,0,0,0,0,1,0
2021,48.1,1.58,female,other,1,1,0,0,respite,0,0,0,0,1,0,0,1,0
2021,38.7,1.85,female,other,1,1,0,0,emergency_shelter,0,0,0,1,0,0,0,0,0
2021,44.3,0.21,female,other,1,1,0,0,emergency_shelter,0,0,0,0,0,0,0,0,0
2021,50.8,4.61,female,other,1,1,0,0,emergency_shelter,0,0,0,0,0,1,1,0,0
2021,32.7,0.67,female,other,1,1,0,0,emergency_shelter,0,0,0,0,0,0,0,0,0
2021,37.8,2.0,female,other,1,1,0,0,emergency_shelter,0,0,0,1,0,1,0,0,0
2021,36.5,1.19,female,other,1,1,0,0,emergency_shelter,0,0,0,0,0,0,0,1,0
2021,58.8,0.4,female,other,1,1,0,0,emergency_shelter,0,0,0,1,1,1,0,0,1
2021,41.0,3.0,female,other,1,1,0,0,emergency_shelter,0,0,1,0,1,0,0,0,0
2021,43.0,2.73,female,other,1,1,0,0,emergency_shelter,0,0,0,0,0,0,0,1,0
2021,24.6,0.81,female,other,1,1,0,0,emergency_shelter,1,0,0,0,0,0,0,0,0
2021,51.1,1.42,female,other,1,1,0,0,emergency_shelter,0,0,0,0,1,1,0,1,0
2021,46.8,0.48,female,other,1,1,0,0,emergency_shelter,0,0,0,1,1,1,0,0,1
2021,29.1,1.87,female,other,1,1,0,0,emergency_shelter,0,0,1,0,1,1,0,1,0
2021,67.7,0.59,female,other,1,1,0,0,respite,0,0,0,0,0,0,0,1,0
2021,45.5,2.97,female,other,1,1,0,0,respite,0,0,0,0,0,0,0,0,0
2021,32.1,0.39,female,other,1,1,0,0,emergency_shelter,0,0,1,0,0,1,0,0,0
2021,40.8,0.05,female,other,1,1,0,0,emergency_shelter,0,0,1,0,1,0,0,1,0
2021,35.7,0.5,female,other,1,1,0,0,emergency_shelter,0,0,0,0,0,1,0,0,0
2021,62.4,0.34,female,other,1,1,0,0,emergency_shelter,0,0,0,0,0,0,0,1,0
2021,53.9,1.14,female,other,1,1,0,0,other,0,0,0,1,0,0,0,1,0
2021,47.2,0.36,female,other,1,1,0,0,emergency_shelter,0,0,0,0,0,0,0,1,0
2021,64.9,2.3,female,other,1,1,0,0,emergency_shelter,0,0,0,0,0,0,0,0,0
2021,26.3,0.44,female,other,1,1,0,0,emergency_shelter,0,0,0,0,0,1,0,0,0
2021,51.7,1.96,female,other,1,1,0,0,emergency_shelter,0,0,0,1,1,0,1,1,0
2021,48.5,1.38,female,other,1,1,0,0,emergency_shelter,0,0,0,1,0,0,0,0,0
2021,37.6,6.86,female,other,1,1,0,0,other,0,0,0,1,0,0,0,0,0
2021,37.7,8.0,female,other,1,1,0,0,emergency_shelter,0,0,0,1,0,0,0,0,0
2021,53.7,3.26,female,other,1,1,0,0,emergency_shelter,0,0,0,0,0,0,0,0,0
2021,52.7,2.28,female,other,1,1,0,0,emergency_shelter,0,0,0,0,0,0,1,0,1
2021,20.9,0.78,female,other,1,1,0,0,emergency_shelter,1,0,0,0,0,0,0,0,0
2021,66.3,2.24,female,other,1,1,0,0,emergency_shelter,0,0,0,0,0,0,0,0,0
2021,56.8,5.02,female,other,1,1,0,0,emergency_shelter,0,0,0,0,0,0,0,0,0
2021,36.9,0.05,female,other,1,1,0,0,emergency_shelter,0,0,0,0,0,0,0,1,0
2021,29.7,1.24,female,other,1,1,0,0,emergency_shelter,0,0,0,0,0,0,1,0,0
2021,56.4,0.39,female,other,1,1,0,0,emergency_shelter,0,0,0,0,0,0,0,0,0
2021,47.8,1.31,female,other,1,1,0,0,emergency_shelter,0,0,0,0,0,1,0,0,0
2021,50.9,1.01,female,other,1,1,0,0,emergency_shelter,0,0,0,1,0,0,0,0,0
2021,48.8,1.37,female,other,1,1,0,0,other,0,0,0,1,0,1,1,1,1
2021,57.8,1.28,female,other,1,1,0,0,emergency_shelter,0,0,0,0,0,0,0,0,0
2021,52.8,5.15,female,other,1,1,0,0,emergency_shelter,0,0,0,1,0,0,0,0,0
2021,33.3,1.29,female,other,1,1,0,0,respite,0,0,0,0,0,0,0,1,0
2021,32.5,3.0,female,other,1,1,0,0,emergency_shelter,0,0,0,0,0,0,1,1,0
2021,45.8,0.62,female,other,1,1,0,0,emergency_shelter,0,0,0,1,0,0,0,0,1
2021,72.9,0.92,female,other,1,1,0,0,emergency_shelter,0,0,0,0,0,0,0,0,0
2021,38.7,1.02,female,other,1,1,0,0,emergency_shelter,0,0,0,1,0,0,0,0,0
2021,45.9,0.52,female,other,1,1,0,0,emergency_shelter,0,0,1,0,0,0,0,0,1
2021,53.3,0.76,female,other,1,1,0,0,emergency_shelter,0,0,0,1,0,0,0,1,0
2021,35.0,1.46,female,other,1,1,0,0,other,0,0,0,0,0,0,0,1,0
2021,52.0,1.39,female,other,1,1,0,0,emergency_shelter,0,0,0,0,0,0,0,1,0
2021,41.0,1.62,female,other,1,1,0,0,emergency_shelter,0,0,0,0,0,0,0,0,0
2021,58.3,0.69,female,other,1,1,0,0,emergency_shelter,0,0,0,0,1,1,0,1,0
2021,27.6,0.61,female,other,1,1,0,0,emergency_shelter,0,0,0,0,0,0,0,0,0
2021,73.2,1.51,female,other,1,1,0,0,emergency_shelter,0,0,0,0,0,0,1,0,0
2021,36.4,0.23,female,other,1,1,0,0,emergency_shelter,0,0,0,0,0,0,0,1,0
2021,48.1,0.47,female,other,1,1,0,0,emergency_shelter,0,0,0,0,0,1,0,1,0
2021,40.9,0.07,female,other,1,1,0,0,emergency_shelter,0,0,0,0,0,1,1,0,0
2021,25.7,0.12,female,other,1,1,0,0,emergency_shelter,0,0,0,0,0,0,0,0,0
2021,52.5,0.45,female,other,1,1,0,0,respite,0,0,1,0,1,0,0,0,0
2021,37.1,0.05,female,other,1,1,0,0,emergency_shelter,0,0,0,0,0,1,0,1,0
2021,48.2,0.45,female,other,1,1,0,0,other,0,0,0,0,0,0,0,1,0
2021,29.6,1.7,female,other,1,1,0,0,emergency_shelter,0,0,0,0,0,0,0,0,0
2021,37.2,0.1,female,other,1,1,0,0,emergency_shelter,0,0,0,0,0,1,0,0,0
2021,36.7,0.92,female,other,1,1,0,0,emergency_shelter,0,0,0,0,0,0,0,1,0
2021,48.5,3.91,female,other,1,1,0,0,other,0,0,0,0,0,1,0,0,0
2021,45.1,2.51,female,other,1,1,0,0,emergency_shelter,0,0,0,0,0,0,0,0,0
2021,38.3,0.58,female,other,1,1,0,0,emergency_shelter,0,0,1,1,0,0,0,0,0
2021,35.6,4.14,female,other,1,1,0,0,emergency_shelter,0,0,0,0,0,0,0,0,0
2021,45.2,0.64,female,other,1,1,0,0,emergency_shelter,0,0,0,0,1,0,1,0,0
2021,43.6,0.12,female,other,1,1,0,0,emergency_shelter,0,0,0,0,0,0,0,0,0
2021,42.6,8.0,female,other,1,1,0,0,emergency_shelter,0,0,0,0,0,0,1,1,1
2021,68.4,3.26,female,other,1,1,0,0,respite,0,0,0,0,1,0,0,1,1
2021,48.5,1.0,female,other,1,1,0,0,emergency_shelter,0,0,0,0,1,0,0,0,0
2021,67.8,1.76,female,other,1,1,0,0,emergency_shelter,0,0,0,0,0,0,0,1,0
2021,39.8,1.78,female,other,1,1,0,0,emergency_shelter,0,0,0,0,0,0,0,0,0
2021,40.1,0.35,female,other,1,1,0,0,emergency_shelter,0,0,0,0,0,1,0,0,0
2021,33.7,0.36,female,other,1,1,0,0,emergency_shelter,0,0,0,0,0,1,0,0,0
2021,45.0,1.01,female,other,1,1,0,0,emergency_shelter,0,0,0,0,0,0,0,0,0
2021,36.3,3.88,female,other,1,1,0,0,emergency_shelter,0,0,0,0,0,0,0,0,1
2021,34.3,0.05,female,other,1,1,0,0,other,0,0,0,0,0,0,0,0,0
2021,15.0,2.44,female,other,1,1,0,0,emergency_shelter,1,0,0,1,0,0,0,0,0
2021,61.3,0.09,female,other,1,1,0,0,emergency_shelter,0,0,0,0,0,0,0,0,0
2021,35.5,1.04,female,other,1,1,0,0,emergency_shelter,0,0,0,0,0,0,1,1,0
2021,61.5,1.63,female,other,1,1,0,0,emergency_shelter,0,0,0,0,0,0,1,0,0
2021,39.5,1.86,female,other,1,1,0,0,emergency_shelter,0,0,0,0,0,0,0,1,0
2021,49.8,0.1,female,other,1,1,0,0,emergency_shelter,0,0,0,0,0,0,0,0,0
2021,41.9,0.87,female,other,1,1,0,0,respite,0,0,0,1,0,0,0,1,0
2021,46.6,1.4,female,other,1,1,0,0,emergency_shelter,0,0,0,0,0,0,0,1,0
2021,26.7,0.11,female,other,1,1,0,0,emergency_shelter,0,0,0,0,0,0,0,0,0
2021,57.4,0.23,female,other,1,1,0,0,emergency_shelter,0,0,1,0,1,0,0,1,0
2021,35.7,1.74,female,other,1,1,0,0,emergency_shelter,0,0,0,0,0,0,0,0,0
2021,58.4,1.03,trans_nonbinary,other,1,1,0,1,emergency_shelter,0,0,0,0,0,0,0,1,0
2021,47.6,2.1,trans_nonbinary,other,1,1,0,1,emergency_shelter,0,0,0,0,0,1,0,0,0
2021,24.6,2.62,trans_nonbinary,other,1,1,0,1,emergency_shelter,1,0,0,1,0,0,1,0,0
2021,49.5,10.31,trans_nonbinary,other,1,1,0,1,emergency_shelter,0,0,0,0,0,0,0,0,0
2021,47.6,2.56,trans_nonbinary,other,1,1,0,1,emergency_shelter,0,0,0,0,0,1,1,1,0
2021,36.1,1.03,trans_nonbinary,other,1,1,0,1,emergency_shelter,0,0,0,0,1,1,1,1,1
2021,32.6,2.34,trans_nonbinary,other,1,1,0,1,emergency_shelter,0,0,0,0,0,0,0,0,0
2021,51.4,3.34,trans_nonbinary,other,1,1,0,1,emergency_shelter,0,0,0,0,0,0,1,0,0
2021,42.8,26.09,trans_nonbinary,other,1,1,0,1,emergency_shelter,0,0,0,1,1,1,0,1,0
2021,38.4,23.4,trans_nonbinary,other,1,1,0,1,emergency_shelter,0,0,0,1,0,1,1,1,0
2021,67.2,1.57,trans_nonbinary,other,1,1,0,1,emergency_shelter,0,0,0,1,0,1,0,1,0
2021,53.2,1.59,trans_nonbinary,other,1,1,0,1,emergency_shelter,0,0,0,0,0,0,0,1,0
2021,49.9,1.51,trans_nonbinary,other,1,1,0,1,emergency_shelter,0,0,0,0,0,0,0,0,0
2021,60.9,8.28,trans_nonbinary,other,1,1,0,1,emergency_shelter,0,0,1,0,0,0,0,0,0
2021,48.4,1.02,trans_nonbinary,other,1,1,0,1,respite,0,0,0,0,0,0,0,0,0
2021,34.0,1.38,trans_nonbinary,other,1,1,0,1,emergency_shelter,0,0,0,0,0,0,0,0,1
2021,38.4,3.69,trans_nonbinary,other,1,1,0,1,respite,0,0,0,0,0,0,0,0,0
2021,54.1,1.84,trans_nonbinary,other,1,1,0,1,emergency_shelter,0,0,0,0,0,0,0,0,0
2021,52.6,1.27,trans_nonbinary,other,1,1,0,1,emergency_shelter,0,0,1,0,0,1,1,0,0
2021,50.1,2.39,trans_nonbinary,other,1,1,0,1,emergency_shelter,0,0,0,1,0,0,1,0,0
2021,27.9,1.95,trans_nonbinary,other,1,1,0,1,emergency_shelter,0,0,1,0,0,1,0,0,0
2021,55.2,3.45,trans_nonbinary,other,1,1,0,1,other,0,0,0,0,0,0,1,0,0
2021,42.9,30.0,trans_nonbinary,other,1,1,0,1,emergency_shelter,0,0,0,1,0,0,1,0,0
2021,52.2,1.37,trans_nonbinary,other,1,1,0,1,emergency_shelter,0,0,0,0,0,0,0,0,0
2021,32.2,2.46,trans_nonbinary,other,1,1,0,1,emergency_shelter,0,0,0,1,0,0,0,1,0
2021,71.3,21.01,trans_nonbinary,other,1,1,0,1,emergency_shelter,0,0,0,0,0,1,0,0,0
2021,47.3,13.16,trans_nonbinary,other,1,1,0,1,emergency_shelter,0,0,0,0,0,0,1,1,0
2021,38.0,2.59,trans_nonbinary,other,1,1,0,1,emergency_shelter,0,0,0,0,0,0,0,0,0
2021,52.9,5.91,trans_nonbinary,other,1,1,0,1,emergency_shelter,0,0,0,0,0,1,0,0,0
2021,55.8,1.25,trans_nonbinary,other,1,1,0,1,emergency_shelter,0,0,0,0,0,0,0,0,0
2021,52.7,6.18,trans_nonbinary,other,1,1,0,1,emergency_shelter,0,0,0,0,0,1,1,0,1
2021,29.9,30.0,trans_nonbinary,other,1,1,0,1,emergency_shelter,0,0,0,0,1,1,0,1,1
2021,47.4,0.29,trans_nonbinary,other,1,1,0,0,respite,0,0,0,0,0,0,0,0,0
2021,47.3,2.28,trans_nonbinary,other,1,1,0,0,emergency_shelter,0,0,0,1,0,0,0,0,1
2021,39.4,0.68,trans_nonbinary,other,1,1,0,0,emergency_shelter,0,0,0,0,0,0,0,0,0
2021,41.9,0.23,trans_nonbinary,other,1,1,0,0,emergency_shelter,0,0,1,0,0,1,0,0,0
2021,36.8,0.61,trans_nonbinary,other,1,1,0,0,emergency_shelter,0,0,0,0,0,0,0,0,0
2021,44.0,0.71,trans_nonbinary,other,1,1,0,0,emergency_shelter,0,0,0,1,0,0,0,0,0
2021,43.8,5.37,trans_nonbinary,other,1,1,0,0,emergency_shelter,0,0,0,0,0,0,0,0,0
2021,59.0,1.92,trans_nonbinary,other,1,1,0,0,emergency_shelter,0,0,0,1,0,0,0,0,0
2021,62.3,1.21,trans_nonbinary,other,1,1,0,0,emergency_shelter,0,0,0,1,1,0,0,0,0
2021,61.9,5.55,trans_nonbinary,other,1,1,0,0,emergency_shelter,0,0,0,0,0,0,0,0,0
2021,29.7,3.74,trans_nonbinary,other,1,1,0,0,emergency_shelter,0,0,0,1,0,0,1,1,0
2021,51.4,1.15,trans_nonbinary,other,1,1,0,0,emergency_shelter,0,0,0,1,0,1,0,1,0
2024,33.6,30.0,male,white,0,0,0,1,emergency_shelter,0,0,0,0,0,0,0,0,0
2024,62.1,22.12,male,white,0,0,0,1,emergency_shelter,0,0,0,0,0,0,0,0,0
2024,45.1,21.59,male,white,0,0,0,1,emergency_shelter,0,0,0,0,0,0,0,1,0
2024,49.1,13.38,male,white,0,0,0,1,respite,0,0,0,0,1,1,0,0,0
2024,44.4,5.22,male,white,0,0,0,1,emergency_shelter,0,0,0,0,0,0,1,1,1
2024,31.3,1.73,male,white,0,0,0,1,respite,0,0,0,0,1,1,1,0,0
2024,48.9,1.14,male,white,0,0,0,1,emergency_shelter,0,0,1,0,0,0,0,0,0
2024,37.2,1.29,male,white,0,0,0,1,respite,0,0,0,0,0,0,0,0,0
2024,47.7,2.19,male,white,0,0,0,1,emergency_shelter,0,0,0,0,0,0,0,1,0
2024,51.7,3.38,male,white,0,0,0,1,emergency_shelter,0,0,1,0,0,0,0,1,0
2024,69.9,30.0,male,white,0,0,0,1,emergency_shelter,0,0,0,0,0,0,0,0,0
2024,49.8,2.86,male,white,0,0,0,1,emergency_shelter,0,0,0,0,0,0,0,0,0
2024,56.6,3.57,male,white,0,0,0,1,emergency_shelter,0,0,0,1,0,0,0,0,0
2024,52.5,5.83,male,white,0,0,0,1,emergency_shelter,0,0,1,0,1,0,0,0,0
2024,40.1,1.57,male,white,0,0,0,1,emergency_shelter,0,0,0,0,0,0,0,1,0
2024,52.7,21.21,male,white,0,0,0,1,emergency_shelter,0,0,0,0,0,0,0,0,0
2024,41.5,3.61,male,white,0,0,0,1,emergency_shelter,0,0,1,0,0,0,0,0,0
2024,37.5,1.96,male,white,0,0,0,1,emergency_shelter,0,0,0,0,0,0,0,1,0
2024,28.0,21.77,male,white,0,0,0,1,emergency_shelter,0,0,0,0,0,1,0,0,0
2024,52.4,4.7,male,white,0,0,0,1,emergency_shelter,0,0,0,1,0,0,0,0,0
2024,35.3,3.22,male,white,0,0,0,1,emergency_shelter,0,0,0,0,0,0,0,0,0
2024,52.0,4.13,male,white,0,0,0,1,emergency_shelter,0,0,0,1,0,0,0,0,0
2024,43.3,7.03,male,white,0,0,0,1,other,0,0,0,0,0,1,0,1,0
2024,39.3,1.47,male,white,0,0,0,1,emergency_shelter,0,0,0,1,0,0,1,1,0
2024,31.1,12.19,male,white,0,0,0,1,emergency_shelter,0,0,0,0,0,0,0,1,1
2024,61.4,30.0,male,white,0,0,0,1,emergency_shelter,0,0,0,0,0,0,0,0,0
2024,37.7,3.99,male,white,0,0,0,1,emergency_shelter,0,0,0,0,0,0,0,0,0
2024,65.4,5.59,male,white,0,0,0,1,emergency_shelter,0,0,0,0,0,0,0,0,0
2024,31.8,11.82,male,white,0,0,0,1,emergency_shelter,0,0,0,1,0,0,0,1,1
2024,64.3,2.47,male,white,0,0,0,1,emergency_shelter,0,0,0,0,0,0,0,1,0
2024,44.4,30.0,male,white,0,0,0,1,emergency_shelter,0,0,0,0,0,0,0,0,0
2024,55.3,5.56,male,white,0,0,0,1,emergency_shelter,0,0,0,0,0,0,0,0,0
2024,25.0,2.78,male,white,0,0,0,1,emergency_shelter,0,0,1,1,0,0,1,1,1
2024,25.0,5.5,male,white,0,0,0,1,emergency_shelter,1,0,0,1,0,0,0,1,0
2024,46.8,3.54,male,white,0,0,0,1,other,0,0,0,0,1,0,1,1,0
2024,29.0,1.33,male,white,0,0,0,1,other,0,0,0,0,0,0,0,0,1
2024,61.8,8.54,male,white,0,0,0,1,respite,0,0,0,0,0,0,0,0,0
2024,48.3,3.96,male,white,0,0,0,1,emergency_shelter,0,0,0,1,1,0,0,0,0
2024,34.2,8.54,male,white,0,0,0,1,emergency_shelter,0,0,0,1,0,0,0,0,0
2024,30.4,1.47,male,white,0,0,0,1,emergency_shelter,0,0,1,1,1,0,0,0,0
2024,39.2,3.7,male,white,0,0,0,1,emergency_shelter,0,0,0,0,0,1,0,1,0
2024,35.3,7.55,male,white,0,0,0,1,emergency_shelter,0,0,0,0,0,0,0,1,1
2024,50.2,30.0,male,white,0,0,0,1,respite,0,0,0,1,0,0,0,1,1
2024,42.2,13.86,male,white,0,0,0,1,emergency_shelter,0,0,0,0,0,0,0,0,1
2024,59.6,12.15,male,white,0,0,0,1,emergency_shelter,0,0,0,1,0,0,0,1,1
2024,52.1,1.83,male,white,0,0,0,1,emergency_shelter,0,0,0,0,1,0,0,1,0
2024,31.1,10.46,male,white,0,0,0,1,emergency_shelter,0,0,1,0,1,0,0,0,0
2024,37.3,1.53,male,white,0,0,0,1,emergency_shelter,0,0,0,0,0,0,0,0,0
2024,31.1,1.63,male,white,0,0,0,1,emergency_shelter,0,0,1,0,0,0,1,1,0
2024,31.1,1.32,male,white,0,0,0,1,other,0,0,0,0,0,1,0,0,0
2024,18.1,11.67,male,white,0,0,0,1,emergency_shelter,1,0,1,1,0,0,0,0,1
2024,56.4,1.32,male,white,0,0,0,1,emergency_shelter,0,0,0,1,0,0,0,0,0
2024,61.3,1.42,male,white,0,0,0,1,emergency_shelter,0,0,0,0,0,1,0,0,0
2024,29.4,1.83,male,white,0,0,0,1,emergency_shelter,0,0,0,1,0,0,1,1,0
2024,28.0,4.05,male,white,0,0,0,1,emergency_shelter,0,0,0,1,0,0,0,0,0
2024,51.1,13.46,male,white,0,0,0,1,emergency_shelter,0,0,0,0,0,0,0,0,0
2024,31.8,2.74,male,white,0,0,0,1,emergency_shelter,0,0,0,0,0,1,0,0,0
2024,61.1,3.77,male,white,0,0,0,1,emergency_shelter,0,0,0,0,0,0,0,0,0
2024,33.2,1.52,male,white,0,0,0,1,emergency_shelter,0,0,0,1,1,0,0,0,0
2024,15.0,1.92,male,white,0,0,0,1,emergency_shelter,1,0,0,1,0,0,0,0,0
2024,41.4,1.4,male,white,0,0,0,1,respite,0,0,0,1,0,0,0,0,0
2024,34.9,2.69,male,white,0,0,0,1,emergency_shelter,0,0,0,0,0,0,0,0,0
2024,45.3,4.25,male,white,0,0,0,1,emergency_shelter,0,0,0,0,0,0,0,0,0
2024,38.3,2.0,male,white,0,0,0,1,respite,0,0,0,0,0,0,0,1,0
2024,51.3,10.92,male,white,0,0,0,1,emergency_shelter,0,0,0,1,0,0,0,1,0
2024,49.2,30.0,male,white,0,0,0,1,emergency_shelter,0,0,0,0,0,0,0,1,0
2024,47.8,1.36,male,white,0,0,0,1,emergency_shelter,0,0,0,1,0,0,0,1,0
2024,45.9,1.05,male,white,0,0,0,1,respite,0,0,0,0,0,0,0,0,0
2024,43.2,8.31,male,white,0,0,0,1,emergency_shelter,0,0,0,0,0,0,0,1,0
2024,23.7,1.61,male,white,0,0,0,1,emergency_shelter,1,0,0,0,0,0,0,0,0
2024,48.7,2.35,male,white,0,0,0,1,emergency_shelter,0,0,0,1,0,0,0,1,0
2024,53.5,2.59,male,white,0,0,0,1,emergency_shelter,0,0,0,0,0,0,0,0,0
2024,48.1,17.95,male,white,0,0,0,1,respite,0,0,0,0,0,1,0,0,0
2024,40.4,5.19,male,white,0,0,0,1,emergency_shelter,0,0,1,1,1,0,0,0,0
2024,51.5,1.11,male,white,0,0,0,1,emergency_shelter,0,0,0,0,0,1,0,0,0
2024,46.5,1.04,male,white,0,0,0,1,emergency_shelter,0,0,0,0,0,0,0,0,0
2024,53.2,1.64,male,white,0,0,0,1,emergency_shelter,0,0,0,0,1,1,0,0,0
2024,42.0,2.16,male,white,0,0,0,1,emergency_shelter,0,0,0,1,0,0,0,1,0
2024,23.3,3.22,male,white,0,0,0,1,emergency_shelter,1,0,0,0,0,1,0,0,0
2024,40.7,10.45,male,white,0,0,0,1,emergency_shelter,0,0,0,0,0,1,0,0,0
2024,30.0,2.15,male,white,0,0,0,1,emergency_shelter,0,0,0,0,0,0,0,0,0
2024,36.7,2.48,male,white,0,0,0,1,emergency_shelter,0,0,0,0,1,0,0,1,0
2024,44.4,2.22,male,white,0,0,0,1,emergency_shelter,0,0,0,1,0,0,0,0,0
2024,57.1,1.02,male,white,0,0,0,1,emergency_shelter,0,0,0,1,0,0,0,1,0
2024,52.6,28.71,male,white,0,0,0,1,emergency_shelter,0,0,0,0,1,0,0,0,0
2024,46.2,1.42,male,white,0,0,0,1,emergency_shelter,0,0,0,0,0,0,0,0,0
2024,60.7,2.02,male,white,0,0,0,1,emergency_shelter,0,0,0,0,0,0,0,0,0
2024,43.9,1.39,male,white,0,0,0,1,emergency_shelter,0,0,0,0,0,1,1,0,0
2024,46.1,3.27,male,white,0,0,0,1,emergency_shelter,0,0,0,0,0,0,0,0,0
2024,37.9,21.05,male,white,0,0,0,1,emergency_shelter,0,0,0,0,0,0,0,0,0
2024,28.3,1.29,male,white,0,0,0,1,emergency_shelter,0,0,0,0,0,0,0,0,1
2024,51.0,2.89,male,white,0,0,0,1,emergency_shelter,0,0,1,1,0,0,0,1,0
2024,21.3,1.06,male,white,0,0,0,1,emergency_shelter,1,0,0,0,0,0,0,0,0
2024,30.2,7.68,male,white,0,0,0,1,emergency_shelter,0,0,0,0,0,0,0,1,0
2024,45.7,4.92,male,white,0,0,0,1,other,0,0,0,1,0,0,0,1,0
2024,31.3,5.92,male,white,0,0,0,1,emergency_shelter,0,0,0,0,0,0,0,0,0
2024,43.5,3.13,male,white,0,0,0,1,emergency_shelter,0,0,0,0,0,0,0,0,0
2024,45.3,16.58,male,white,0,0,0,1,emergency_shelter,0,0,0,0,0,0,0,1,0
2024,35.4,2.68,male,white,0,0,0,1,respite,0,0,0,0,0,0,1,0,0
2024,44.0,3.47,male,white,0,0,0,1,emergency_shelter,0,0,0,0,0,0,0,1,0
2024,43.8,5.83,male,white,0,0,0,1,emergency_shelter,0,0,0,0,0,0,0,1,0
2024,27.3,3.53,male,white,0,0,0,1,emergency_shelter,0,0,1,0,1,0,0,0,0
2024,50.9,1.6,male,white,0,0,0,1,emergency_shelter,0,0,0,0,0,1,0,0,1
2024,15.0,2.16,male,white,0,0,0,1,emergency_shelter,1,0,0,1,0,0,0,0,1
2024,69.5,1.27,male,white,0,0,0,1,other,0,0,0,0,0,0,0,1,0
2024,50.7,2.84,male,white,0,0,0,1,emergency_shelter,0,0,0,0,0,0,0,0,0
2024,57.5,4.49,male,white,0,0,0,1,emergency_shelter,0,0,0,0,0,0,0,0,0
2024,52.5,1.35,male,white,0,0,0,1,respite,0,0,0,0,0,0,0,1,0
2024,42.6,4.77,male,white,0,0,0,1,emergency_shelter,0,0,0,0,0,0,0,0,0
2024,32.4,14.73,male,white,0,0,0,1,emergency_shelter,0,0,0,0,0,0,0,0,0
2024,42.9,2.26,male,white,0,0,0,1,respite,0,0,0,0,0,1,1,0,0
2024,54.9,1.73,male,white,0,0,0,1,respite,0,0,1,0,0,0,0,1,0
2024,31.7,14.75,male,white,0,0,0,1,emergency_shelter,0,0,0,1,0,0,0,0,1
2024,45.4,5.77,male,white,0,0,0,1,emergency_shelter,0,0,0,1,1,0,0,1,0
2024,17.9,1.31,male,white,0,0,0,1,emergency_shelter,1,0,0,0,0,1,0,0,0
2024,31.9,2.67,male,white,0,0,0,1,emergency_shelter,0,0,0,1,0,0,0,0,0
2024,31.2,5.45,male,white,0,0,0,1,emergency_shelter,0,0,0,0,0,1,0,1,1
2024,66.8,4.07,male,white,0,0,0,1,emergency_shelter,0,0,0,0,0,0,0,0,0
2024,24.5,4.61,male,white,0,0,0,1,emergency_shelter,1,0,0,0,0,0,0,1,0
2024,48.8,3.99,male,white,0,0,0,1,emergency_shelter,0,0,0,0,0,0,0,1,0
2024,65.6,8.62,male,white,0,0,0,1,respite,0,0,0,1,0,0,1,1,0
2024,57.3,2.17,male,white,0,0,0,1,emergency_shelter,0,0,0,1,0,0,0,0,0
2024,64.5,6.1,male,white,0,0,0,1,emergency_shelter,0,0,0,0,1,0,0,0,0
2024,66.6,30.0,male,white,0,0,0,1,respite,0,0,0,1,0,0,0,0,1
2024,44.0,2.56,male,white,0,0,0,1,emergency_shelter,0,0,0,1,0,0,0,1,0
2024,49.9,8.36,male,white,0,0,0,1,emergency_shelter,0,0,0,1,0,0,0,0,0
2024,46.0,1.83,male,white,0,0,0,1,other,0,0,0,1,0,1,1,1,0
2024,50.0,1.99,male,white,0,0,0,1,respite,0,0,1,0,0,1,0,1,0
2024,49.1,21.71,male,white,0,0,0,1,emergency_shelter,0,0,0,0,0,0,0,0,0
2024,67.3,1.07,male,white,0,0,0,1,emergency_shelter,0,0,0,0,0,0,0,1,0
2024,47.3,1.71,male,white,0,0,0,1,emergency_shelter,0,0,0,0,0,0,0,0,0
2024,29.9,3.21,male,white,0,0,0,1,emergency_shelter,0,0,0,1,0,1,0,0,0
2024,51.6,2.63,male,white,0,0,0,1,emergency_shelter,0,0,0,0,0,1,0,1,0
2024,53.5,4.75,male,white,0,0,0,1,emergency_shelter,0,0,0,0,0,1,0,1,0
2024,31.7,1.61,male,white,0,0,0,1,emergency_shelter,0,0,0,1,0,0,0,1,0
2024,31.2,1.2,male,white,0,0,0,1,emergency_shelter,0,0,0,0,0,0,0,0,0
2024,56.5,2.44,male,white,0,0,0,1,emergency_shelter,0,0,0,1,0,0,0,0,0
2024,35.8,3.56,male,white,0,0,0,1,emergency_shelter,0,0,1,0,1,1,0,1,0
2024,37.4,3.94,male,white,0,0,0,1,respite,0,0,0,1,0,1,1,0,0
2024,36.8,4.39,male,white,0,0,0,1,emergency_shelter,0,0,0,0,0,0,0,0,0
2024,46.7,3.8,male,white,0,0,0,1,emergency_shelter,0,0,0,0,0,0,0,0,1
2024,58.7,1.83,male,white,0,0,0,1,emergency_shelter,0,0,1,1,0,0,0,0,0
2024,52.6,7.49,male,white,0,0,0,1,respite,0,0,1,0,0,0,0,1,1
2024,36.8,1.25,male,white,0,0,0,1,respite,0,0,0,0,0,1,0,0,0
2024,62.0,1.64,male,white,0,0,0,1,other,0,0,0,0,0,0,0,0,0
2024,55.4,6.8,male,white,0,0,0,1,respite,0,0,0,0,0,0,0,0,0
2024,57.1,1.98,male,white,0,0,0,1,emergency_shelter,0,0,0,1,1,0,0,0,0
2024,56.7,3.29,male,white,0,0,0,1,emergency_shelter,0,0,0,0,0,0,0,0,0
2024,36.0,2.21,male,white,0,0,0,1,emergency_shelter,0,0,0,0,0,0,0,0,0
2024,30.4,3.41,male,white,0,0,0,1,emergency_shelter,0,0,0,0,0,0,0,1,1
2024,38.5,2.31,male,white,0,0,0,1,emergency_shelter,0,0,0,1,0,0,1,1,0
2024,57.1,30.0,male,white,0,0,0,1,emergency_shelter,0,0,0,0,0,0,0,1,0
2024,26.7,2.37,male,white,0,0,0,1,emergency_shelter,0,0,0,0,0,0,1,1,0
2024,24.8,4.72,male,white,0,0,0,1,emergency_shelter,1,0,0,0,0,0,0,0,0
2024,17.8,14.25,male,white,0,0,0,1,emergency_shelter,1,0,0,0,1,0,0,0,0
2024,25.6,4.87,male,white,0,0,0,1,emergency_shelter,0,0,0,0,0,0,0,0,0
2024,32.2,3.98,male,white,0,0,0,1,emergency_shelter,0,0,0,1,0,0,0,0,0
2024,45.0,4.01,male,white,0,0,0,1,emergency_shelter,0,0,0,0,0,0,0,1,1
2024,39.0,0.06,male,white,0,0,0,0,respite,0,0,0,0,0,0,0,0,0
2024,40.9,1.97,male,white,0,0,0,0,emergency_shelter,0,0,1,0,1,0,0,1,0
2024,56.9,3.09,male,white,0,0,0,0,respite,0,0,0,1,0,0,0,0,1
2024,24.0,0.24,male,white,0,0,0,0,emergency_shelter,1,0,0,0,1,0,1,0,0
2024,42.3,0.78,male,white,0,0,0,0,respite,0,0,0,0,0,0,0,1,0
2024,29.6,0.28,male,white,0,0,0,0,emergency_shelter,0,0,0,0,0,0,0,0,0
2024,42.1,0.18,male,white,0,0,0,0,emergency_shelter,0,0,0,0,0,1,0,1,1
2024,53.3,1.67,male,white,0,0,0,0,emergency_shelter,0,0,0,0,0,0,0,0,0
2024,17.1,5.48,male,white,0,0,0,0,emergency_shelter,1,0,1,1,0,0,0,0,0
2024,55.8,1.81,male,white,0,0,0,0,emergency_shelter,0,0,0,0,0,0,0,0,0
2024,45.3,6.7,male,white,0,0,0,0,emergency_shelter,0,0,0,0,1,0,0,0,0
2024,42.2,0.91,male,white,0,0,0,0,emergency_shelter,0,0,0,0,0,0,0,1,0
2024,59.1,3.65,male,white,0,0,0,0,emergency_shelter,0,0,0,0,0,1,0,0,0
2024,29.2,0.37,male,white,0,0,0,0,emergency_shelter,0,0,0,0,1,1,1,0,0
2024,21.5,0.2,male,white,0,0,0,0,emergency_shelter,1,0,0,1,0,1,0,0,0
2024,25.9,1.94,male,white,0,0,0,0,emergency_shelter,0,0,0,0,0,0,0,0,0
2024,47.7,0.74,male,white,0,0,0,0,other,0,0,0,1,0,0,0,1,0
2024,33.3,0.61,male,white,0,0,0,0,emergency_shelter,0,0,0,0,0,0,0,1,1
2024,28.0,1.78,male,white,0,0,0,0,emergency_shelter,0,0,0,0,0,0,0,0,1
2024,26.6,0.65,male,white,0,0,0,0,emergency_shelter,0,0,0,0,0,1,0,1,1
2024,42.7,1.36,male,white,0,0,0,0,emergency_shelter,0,0,0,1,0,0,0,1,0
2024,39.8,0.57,male,white,0,0,0,0,emergency_shelter,0,0,0,0,0,0,0,1,0
2024,20.4,2.45,male,white,0,0,0,0,emergency_shelter,1,0,0,1,1,0,0,1,0
2024,20.8,0.6,male,white,0,0,0,0,emergency_shelter,1,0,0,0,0,0,0,1,0
2024,32.9,1.23,male,white,0,0,0,0,emergency_shelter,0,0,0,0,0,1,0,1,0
2024,53.1,0.05,male,white,0,0,0,0,emergency_shelter,0,0,0,0,0,0,1,1,0
2024,34.3,2.51,male,white,0,0,0,0,emergency_shelter,0,0,0,0,0,0,1,0,1
2024,19.6,1.55,male,white,0,0,0,0,other,1,0,0,0,0,0,0,1,0
2024,39.0,0.34,male,white,0,0,0,0,respite,0,0,0,0,0,0,0,0,1
2024,40.8,0.39,male,white,0,0,0,0,emergency_shelter,0,0,0,1,0,0,0,0,1
2024,19.4,0.49,male,white,0,0,0,0,emergency_shelter,1,0,0,1,0,1,1,1,1
2024,23.2,1.37,male,white,0,0,0,0,emergency_shelter,1,0,0,0,0,0,0,1,0
2024,50.6,1.27,male,white,0,0,0,0,emergency_shelter,0,0,0,0,0,0,0,0,0
2024,23.0,0.51,male,white,0,0,0,0,emergency_shelter,1,0,0,0,0,0,0,1,0
2024,51.2,1.89,male,white,0,0,0,0,emergency_shelter,0,0,0,0,0,0,0,0,0
2024,18.6,3.52,male,white,0,0,0,0,emergency_shelter,1,0,1,0,1,0,1,1,0
2024,19.1,0.07,male,white,0,0,0,0,emergency_shelter,1,0,0,1,0,0,0,0,0
2024,40.6,0.86,male,white,0,0,0,0,respite,0,0,0,0,0,0,0,0,0
2024,29.7,1.44,male,white,0,0,0,0,other,0,0,0,1,0,0,0,1,0
2024,32.7,1.41,male,white,0,0,0,0,emergency_shelter,0,0,0,0,0,1,1,0,0
2024,42.4,0.05,male,white,0,0,0,0,emergency_shelter,0,0,0,0,0,1,1,0,0
2024,32.3,0.38,male,white,0,0,0,0,emergency_shelter,0,0,0,0,0,0,0,0,0
2024,27.0,0.1,male,white,0,0,0,0,respite,0,0,0,1,0,0,0,0,0
2024,47.1,1.35,male,white,0,0,0,0,other,0,0,0,0,0,0,0,0,0
2024,42.8,1.66,male,white,0,0,0,0,emergency_shelter,0,0,0,0,1,1,0,0,0
2024,40.8,0.28,male,white,0,0,0,0,emergency_shelter,0,0,0,1,0,0,0,1,0
2024,40.0,0.65,male,white,0,0,0,0,emergency_shelter,0,0,0,0,1,0,0,1,1
2024,29.0,0.64,male,white,0,0,0,0,emergency_shelter,0,0,1,1,0,0,0,0,0
2024,26.1,2.74,male,white,0,0,0,0,emergency_shelter,0,0,0,1,0,0,0,0,0
2024,35.4,0.35,male,white,0,0,0,0,emergency_shelter,0,0,1,0,0,0,0,0,0
2024,29.2,1.27,male,white,0,0,0,0,other,0,0,0,0,1,1,0,0,0
2024,40.1,2.44,male,white,0,0,0,0,emergency_shelter,0,0,0,0,0,0,0,1,0
2024,34.8,2.83,male,white,0,0,0,0,emergency_shelter,0,0,0,1,0,0,0,1,0
2024,40.5,1.76,male,white,0,0,0,0,emergency_shelter,0,0,1,0,1,0,1,1,1
2024,38.9,0.57,male,white,0,0,0,0,emergency_shelter,0,0,0,0,0,0,0,1,1
2024,64.9,2.77,male,white,0,0,0,0,emergency_shelter,0,0,0,0,0,0,0,0,0
2024,20.8,2.17,male,white,0,0,0,0,respite,1,0,0,0,0,0,0,1,0
2024,37.6,1.95,male,white,0,0,0,0,emergency_shelter,0,0,0,0,0,1,0,0,0
2024,24.7,0.11,male,white,0,0,0,0,emergency_shelter,1,0,0,0,0,0,0,1,0
2024,33.5,0.07,male,white,0,0,0,0,emergency_shelter,0,0,1,0,0,0,0,0,1
2024,28.8,1.9,male,white,0,0,0,0,emergency_shelter,0,0,0,0,1,1,1,0,0
2024,49.2,4.63,male,white,0,0,0,0,emergency_shelter,0,0,0,0,0,0,0,0,0
2024,19.6,2.38,male,white,0,0,0,0,emergency_shelter,1,0,0,0,0,0,0,0,1
2024,51.2,2.85,male,white,0,0,0,0,emergency_shelter,0,0,0,0,0,0,0,1,1
2024,47.6,1.26,male,white,0,0,0,0,emergency_shelter,0,0,0,0,0,0,0,0,0
2024,69.0,0.58,male,white,0,0,0,0,emergency_shelter,0,0,0,0,0,0,0,1,0
2024,65.5,1.81,male,white,0,0,0,0,emergency_shelter,0,0,0,0,0,1,0,0,0
2024,29.1,1.99,male,white,0,0,0,0,emergency_shelter,0,0,0,0,0,0,0,1,0
2024,57.5,1.8,male,white,0,0,0,0,emergency_shelter,0,0,0,0,0,0,0,0,0
2024,35.7,4.69,male,white,0,0,0,0,emergency_shelter,0,0,0,1,0,0,0,0,0
2024,44.5,0.73,male,white,0,0,0,0,emergency_shelter,0,0,0,0,0,1,1,0,0
2024,64.3,0.06,male,white,0,0,0,0,emergency_shelter,0,0,0,0,0,0,0,0,1
2024,29.6,3.83,male,white,0,0,0,0,emergency_shelter,0,0,0,0,0,0,0,1,0
2024,41.0,0.28,male,white,0,0,0,0,emergency_shelter,0,0,0,1,0,0,0,1,0
2024,15.0,1.91,male,white,0,0,0,0,emergency_shelter,1,0,0,0,0,1,1,0,0
2024,52.7,3.3,male,white,0,0,0,0,respite,0,0,1,1,0,0,0,0,0
2024,69.7,0.59,male,white,0,0,0,0,emergency_shelter,0,0,0,0,0,0,0,0,1
2024,48.3,2.84,male,white,0,0,0,0,respite,0,0,0,1,0,0,1,1,0
2024,59.4,0.65,male,white,0,0,0,0,emergency_shelter,0,0,0,0,0,0,0,0,0
2024,56.2,2.53,male,white,0,0,0,0,respite,0,0,0,0,0,0,0,0,0
2024,30.3,0.12,male,white,0,0,0,0,respite,0,0,0,1,0,1,1,1,0
2024,44.8,1.7,male,white,0,0,0,0,respite,0,0,0,0,0,0,0,1,0
2024,47.1,1.81,male,white,0,0,0,0,emergency_shelter,0,0,0,1,0,0,0,1,0
2024,23.9,1.08,male,white,0,0,0,0,respite,1,0,1,0,0,0,0,1,0
2024,60.5,1.86,male,white,0,0,0,0,emergency_shelter,0,0,1,0,0,0,0,1,0
2024,33.2,4.11,male,white,0,0,0,0,emergency_shelter,0,0,0,1,0,0,0,1,0
2024,37.2,2.12,male,white,0,0,0,0,emergency_shelter,0,0,0,0,0,0,0,0,1
2024,36.5,5.2,male,white,0,0,0,0,emergency_shelter,0,0,0,0,0,0,0,1,0
2024,40.8,0.95,male,white,0,0,0,0,emergency_shelter,0,0,0,1,1,1,0,1,0
2024,81.2,1.2,male,white,0,0,0,0,emergency_shelter,0,0,1,0,0,0,0,0,0
2024,31.7,0.49,male,white,0,0,0,0,respite,0,0,0,1,0,0,0,0,0
2024,18.6,6.79,male,white,0,0,0,0,emergency_shelter,1,0,0,0,0,0,0,0,0
2024,42.5,0.09,male,white,0,0,0,0,respite,0,0,0,1,0,1,0,1,0
2024,28.2,0.71,male,white,0,0,0,0,emergency_shelter,0,0,0,0,0,0,0,0,0
2024,34.5,0.57,male,white,0,0,0,0,emergency_shelter,0,0,0,0,1,0,0,1,0
2024,48.9,0.78,male,white,0,0,0,0,emergency_shelter,0,0,0,1,0,0,0,0,0
2024,32.4,3.98,male,other,1,1,0,1,emergency_shelter,0,0,0,0,1,0,0,1,0
2024,37.0,0.08,male,other,1,1,0,0,emergency_shelter,0,0,0,0,0,0,0,1,0
2024,53.8,3.23,male,other,1,0,1,1,outdoor,0,0,0,0,0,0,0,1,0
2024,47.5,5.54,male,other,1,0,1,0,outdoor,0,0,0,0,0,0,0,0,0
2024,44.7,1.55,male,other,1,0,0,1,other,0,0,1,0,1,0,0,0,0
2024,55.1,2.65,male,other,1,0,0,1,emergency_shelter,0,0,1,0,0,0,0,0,0
2024,50.7,1.48,male,other,1,0,0,1,emergency_shelter,0,0,0,1,0,0,0,1,0
2024,67.4,3.32,male,other,1,0,0,1,emergency_shelter,0,0,1,1,0,0,1,1,0
2024,45.2,3.72,male,other,1,0,0,1,emergency_shelter,0,0,0,0,0,0,1,0,0
2024,52.3,24.39,male,other,1,0,0,1,emergency_shelter,0,0,0,0,0,0,0,0,0
2024,41.5,2.7,male,other,1,0,0,1,emergency_shelter,0,0,0,0,0,0,0,1,0
2024,47.8,3.99,male,other,1,0,0,1,respite,0,0,0,0,0,0,0,0,0
2024,48.5,13.94,male,other,1,0,0,1,emergency_shelter,0,0,1,1,0,0,0,0,0
2024,37.0,2.18,male,other,1,0,0,1,respite,0,0,1,0,0,0,0,0,0
2024,34.2,5.45,male,other,1,0,0,1,other,0,0,0,1,0,1,0,0,1
2024,52.2,7.28,male,other,1,0,0,1,emergency_shelter,0,0,0,0,1,0,0,1,0
2024,49.6,2.23,male,other,1,0,0,1,emergency_shelter,0,0,0,0,0,0,0,1,0
2024,63.8,1.51,male,other,1,0,0,1,emergency_shelter,0,0,0,0,0,0,0,0,0
2024,43.3,3.37,male,other,1,0,0,1,emergency_shelter,0,0,0,0,0,0,0,0,0
2024,29.3,2.37,male,other,1,0,0,1,emergency_shelter,0,0,0,0,0,0,0,1,1
2024,43.4,1.92,male,other,1,0,0,1,emergency_shelter,0,0,0,0,0,0,0,0,1
2024,54.0,30.0,male,other,1,0,0,1,emergency_shelter,0,0,0,0,0,0,0,0,0
2024,15.0,3.37,male,other,1,0,0,1,emergency_shelter,1,0,0,0,0,0,1,1,0
2024,43.1,11.59,male,other,1,0,0,1,emergency_shelter,0,0,0,0,1,1,0,1,0
2024,52.6,1.62,male,other,1,0,0,1,other,0,0,0,0,1,0,0,1,0
2024,43.5,0.56,male,other,1,0,0,0,emergency_shelter,0,0,1,1,0,0,0,0,0
2024,27.3,4.0,male,other,0,1,1,1,outdoor,0,0,0,0,1,0,1,1,0
2024,55.1,1.53,male,other,0,1,1,0,outdoor,0,0,0,1,0,0,0,0,0
2024,48.5,1.0,male,other,0,1,0,1,emergency_shelter,0,0,0,0,0,0,0,1,0
2024,42.3,6.15,male,other,0,1,0,1,emergency_shelter,0,0,0,0,0,1,0,1,1
2024,39.2,6.19,male,other,0,1,0,1,other,0,0,0,0,0,1,1,1,1
2024,29.4,2.92,male,other,0,1,0,1,other,0,0,0,1,0,0,0,1,0
2024,70.5,2.29,male,other,0,1,0,1,emergency_shelter,0,0,1,0,1,1,0,0,0
2024,28.8,10.7,male,other,0,1,0,1,emergency_shelter,0,0,0,0,1,1,1,0,0
2024,31.3,8.13,male,other,0,1,0,1,emergency_shelter,0,0,0,0,0,0,0,1,0
2024,40.5,30.0,male,other,0,1,0,1,emergency_shelter,0,0,0,0,0,0,0,1,0
2024,41.7,2.45,male,other,0,1,0,1,emergency_shelter,0,0,0,1,0,0,0,1,0
2024,51.7,16.46,male,other,0,1,0,1,emergency_shelter,0,0,1,0,0,0,0,0,1
2024,33.8,1.25,male,other,0,1,0,1,emergency_shelter,0,0,0,0,0,0,0,0,0
2024,15.4,2.7,male,other,0,1,0,1,emergency_shelter,1,0,1,0,0,1,0,1,1
2024,40.0,3.07,male,other,0,1,0,1,respite,0,0,0,0,0,0,0,0,0
2024,40.9,2.89,male,other,0,1,0,1,emergency_shelter,0,0,1,1,1,0,0,0,0
2024,39.8,4.69,male,other,0,1,0,1,respite,0,0,0,0,0,0,0,0,0
2024,39.6,1.53,male,other,0,1,0,1,respite,0,0,0,1,1,0,1,1,0
2024,38.3,12.31,male,other,0,1,0,1,emergency_shelter,0,0,0,0,0,0,0,1,0
2024,24.7,3.83,male,other,0,1,0,1,emergency_shelter,1,0,0,0,1,0,0,1,0
2024,63.7,16.11,male,other,0,1,0,1,emergency_shelter,0,0,1,0,1,0,0,1,0
2024,62.9,1.01,male,other,0,1,0,1,emergency_shelter,0,0,0,0,0,0,0,0,0
2024,62.8,4.76,male,other,0,1,0,1,emergency_shelter,0,0,0,0,0,0,0,1,0
2024,26.6,2.7,male,other,0,1,0,1,emergency_shelter,0,0,0,0,0,0,0,0,0
2024,48.9,3.39,male,other,0,1,0,1,respite,0,0,0,0,0,0,0,1,0
2024,37.3,6.92,male,other,0,1,0,1,other,0,0,0,0,1,1,0,1,0
2024,36.6,1.75,male,other,0,1,0,1,emergency_shelter,0,0,0,1,1,1,1,1,0
2024,30.2,1.66,male,other,0,1,0,1,emergency_shelter,0,0,0,1,0,0,0,1,0
2024,79.2,5.99,male,other,0,1,0,1,respite,0,0,0,0,0,1,0,0,1
2024,39.8,3.54,male,other,0,1,0,1,emergency_shelter,0,0,0,0,0,0,0,0,0
2024,30.3,1.78,male,other,0,1,0,1,emergency_shelter,0,0,0,0,0,0,0,0,0
2024,45.2,3.22,male,other,0,1,0,1,respite,0,0,1,1,0,0,0,0,0
2024,53.9,3.03,male,other,0,1,0,1,emergency_shelter,0,0,0,0,0,0,0,1,0
2024,41.3,5.76,male,other,0,1,0,1,emergency_shelter,0,0,0,1,0,0,0,0,0
2024,46.7,1.01,male,other,0,1,0,1,respite,0,0,0,0,0,0,0,1,1
2024,57.3,4.21,male,other,0,1,0,1,emergency_shelter,0,0,0,0,0,1,0,0,0
2024,29.9,4.44,male,other,0,1,0,1,emergency_shelter,0,0,0,0,0,1,0,1,1
2024,45.7,6.96,male,other,0,1,0,1,emergency_shelter,0,0,1,0,0,0,0,0,0
2024,34.3,14.34,male,other,0,1,0,1,emergency_shelter,0,0,0,0,0,0,0,1,0
2024,32.4,2.89,male,other,0,1,0,1,emergency_shelter,0,0,0,1,1,0,0,0,0
2024,67.8,2.29,male,other,0,1,0,1,respite,0,0,0,0,0,0,1,1,0
2024,42.0,1.3,male,other,0,1,0,1,emergency_shelter,0,0,1,1,1,1,0,0,0
2024,28.4,2.26,male,other,0,1,0,1,emergency_shelter,0,0,0,0,0,1,0,0,1
2024,41.7,1.19,male,other,0,1,0,1,emergency_shelter,0,0,0,0,0,0,1,1,0
2024,26.3,8.81,male,other,0,1,0,1,emergency_shelter,0,0,0,0,0,1,0,1,0
2024,40.2,8.98,male,other,0,1,0,1,respite,0,0,0,0,0,1,0,1,1
2024,33.7,2.73,male,other,0,1,0,1,emergency_shelter,0,0,0,0,0,0,0,0,0
2024,50.4,1.89,male,other,0,1,0,1,emergency_shelter,0,0,0,0,0,0,0,0,0
2024,70.4,1.35,male,other,0,1,0,1,emergency_shelter,0,0,0,0,0,0,0,0,0
2024,40.8,11.25,male,other,0,1,0,1,emergency_shelter,0,0,0,1,0,0,0,1,0
2024,34.3,13.22,male,other,0,1,0,1,emergency_shelter,0,0,0,1,0,0,0,0,0
2024,44.5,1.92,male,other,0,1,0,1,emergency_shelter,0,0,0,0,0,0,0,0,0
2024,64.1,4.65,male,other,0,1,0,1,other,0,0,0,0,0,1,0,1,0
2024,50.5,1.88,male,other,0,1,0,1,emergency_shelter,0,0,0,0,1,1,0,0,1
2024,41.3,1.74,male,other,0,1,0,1,emergency_shelter,0,0,0,0,0,0,0,0,0
2024,15.0,1.06,male,other,0,1,0,1,other,1,0,0,0,0,0,0,0,0
2024,42.5,4.1,male,other,0,1,0,1,emergency_shelter,0,0,0,0,0,1,1,1,1
2024,54.1,1.46,male,other,0,1,0,1,emergency_shelter,0,0,0,0,0,0,0,0,1
2024,56.6,1.03,male,other,0,1,0,1,emergency_shelter,0,0,0,0,0,0,0,1,0
2024,61.6,1.31,male,other,0,1,0,1,emergency_shelter,0,0,0,0,0,0,0,0,0
2024,33.8,2.14,male,other,0,1,0,1,emergency_shelter,0,0,0,0,0,0,0,0,0
2024,37.6,5.36,male,other,0,1,0,1,other,0,0,0,0,1,0,0,0,0
2024,41.6,1.65,male,other,0,1,0,1,other,0,0,1,0,0,0,0,1,1
2024,53.2,14.17,male,other,0,1,0,1,emergency_shelter,0,0,1,1,1,0,0,0,0
2024,39.6,2.02,male,other,0,1,0,1,emergency_shelter,0,0,1,0,1,0,0,0,0
2024,50.6,2.23,male,other,0,1,0,1,emergency_shelter,0,0,0,1,0,1,0,1,1
2024,37.9,1.71,male,other,0,1,0,1,emergency_shelter,0,0,0,0,0,0,0,0,0
2024,33.4,1.86,male,other,0,1,0,1,emergency_shelter,0,0,0,0,1,0,0,0,0
2024,58.8,1.21,male,other,0,1,0,1,emergency_shelter,0,0,0,1,0,0,0,0,0
2024,47.6,2.05,male,other,0,1,0,1,respite,0,0,0,0,0,0,0,0,0
2024,53.7,11.81,male,other,0,1,0,1,emergency_shelter,0,0,0,0,0,1,0,1,0
2024,40.3,5.7,male,other,0,1,0,1,emergency_shelter,0,0,0,0,1,0,0,0,0
2024,54.5,13.02,male,other,0,1,0,1,emergency_shelter,0,0,1,0,1,1,0,0,0
2024,28.4,1.31,male,other,0,1,0,1,emergency_shelter,0,0,1,1,0,0,0,1,0
2024,30.6,3.0,male,other,0,1,0,1,emergency_shelter,0,0,0,0,1,1,0,1,1
2024,56.4,1.76,male,other,0,1,0,1,emergency_shelter,0,0,1,0,0,0,0,1,0
2024,42.3,6.37,male,other,0,1,0,1,emergency_shelter,0,0,0,0,0,0,1,1,0
2024,39.8,30.0,male,other,0,1,0,1,emergency_shelter,0,0,0,0,0,1,0,0,0
2024,30.4,9.34,male,other,0,1,0,1,other,0,0,0,1,0,0,0,0,0
2024,54.5,1.1,male,other,0,1,0,1,emergency_shelter,0,0,0,0,0,0,0,0,0
2024,69.3,2.16,male,other,0,1,0,1,respite,0,0,0,0,0,0,0,1,1
2024,51.7,1.08,male,other,0,1,0,1,emergency_shelter,0,0,0,0,0,0,0,1,0
2024,36.9,1.11,male,other,0,1,0,1,emergency_shelter,0,0,0,1,0,0,1,0,1
2024,62.6,1.23,male,other,0,1,0,1,respite,0,0,1,0,0,0,0,1,1
2024,48.3,1.96,male,other,0,1,0,1,emergency_shelter,0,0,0,0,0,0,0,1,0
2024,37.2,2.09,male,other,0,1,0,1,other,0,0,0,0,0,0,0,0,0
2024,61.1,2.63,male,other,0,1,0,1,emergency_shelter,0,0,0,0,0,0,1,1,0
2024,40.7,2.65,male,other,0,1,0,1,emergency_shelter,0,0,0,1,0,0,0,0,1
2024,23.0,7.7,male,other,0,1,0,1,emergency_shelter,1,0,0,1,0,1,0,1,1
2024,38.8,1.43,male,other,0,1,0,1,emergency_shelter,0,0,0,0,0,0,0,1,0
2024,50.7,1.49,male,other,0,1,0,1,respite,0,0,0,1,0,0,0,1,0
2024,33.2,4.71,male,other,0,1,0,1,emergency_shelter,0,0,0,0,0,0,0,0,0
2024,17.0,4.04,male,other,0,1,0,1,emergency_shelter,1,0,0,0,0,0,0,0,0
2024,63.8,1.47,male,other,0,1,0,1,emergency_shelter,0,0,1,0,0,0,1,1,0
2024,85.0,11.31,male,other,0,1,0,1,emergency_shelter,0,0,0,0,0,0,0,0,1
2024,36.6,2.22,male,other,0,1,0,1,emergency_shelter,0,0,0,0,0,1,0,0,0
2024,34.4,2.43,male,other,0,1,0,1,emergency_shelter,0,0,0,0,0,0,0,0,0
2024,24.4,2.75,male,other,0,1,0,1,emergency_shelter,1,0,0,0,0,1,0,0,1
2024,31.7,2.19,male,other,0,1,0,1,emergency_shelter,0,0,0,0,0,0,0,0,0
2024,21.8,3.89,male,other,0,1,0,1,emergency_shelter,1,0,0,0,0,0,1,1,0
2024,25.0,2.55,male,other,0,1,0,1,emergency_shelter,1,0,0,1,1,0,0,0,0
2024,43.3,1.89,male,other,0,1,0,1,emergency_shelter,0,0,0,0,0,0,0,0,0
2024,21.1,16.14,male,other,0,1,0,1,emergency_shelter,1,0,0,1,0,0,0,1,0
2024,22.7,2.11,male,other,0,1,0,1,emergency_shelter,1,0,0,0,0,0,0,1,0
2024,46.1,5.9,male,other,0,1,0,1,emergency_shelter,0,0,0,0,1,1,1,1,1
2024,34.6,2.32,male,other,0,1,0,1,other,0,0,0,0,0,0,0,0,0
2024,48.2,2.85,male,other,0,1,0,1,respite,0,0,0,0,0,1,0,1,0
2024,38.4,1.79,male,other,0,1,0,1,other,0,0,0,0,1,1,1,1,1
2024,40.6,7.14,male,other,0,1,0,1,emergency_shelter,0,0,0,0,0,0,0,0,0
2024,54.2,6.75,male,other,0,1,0,1,respite,0,0,0,1,0,0,0,1,0
2024,35.6,1.06,male,other,0,1,0,1,emergency_shelter,0,0,0,0,1,1,1,0,0
2024,53.2,1.17,male,other,0,1,0,1,emergency_shelter,0,0,0,0,0,0,0,1,0
2024,37.4,18.98,male,other,0,1,0,1,emergency_shelter,0,0,0,0,0,1,0,1,0
2024,31.7,14.3,male,other,0,1,0,1,emergency_shelter,0,0,0,0,0,0,0,1,0
2024,28.2,3.4,male,other,0,1,0,1,emergency_shelter,0,0,0,0,0,0,0,1,0
2024,20.0,3.29,male,other,0,1,0,1,emergency_shelter,1,0,0,0,0,0,0,1,0
2024,25.9,9.21,male,other,0,1,0,1,emergency_shelter,0,0,1,0,1,1,0,0,0
2024,18.4,1.42,male,other,0,1,0,1,emergency_shelter,1,0,0,1,0,1,0,0,1
2024,29.3,5.11,male,other,0,1,0,1,respite,0,0,0,0,0,0,0,0,0
2024,54.7,3.15,male,other,0,1,0,1,emergency_shelter,0,0,0,0,0,0,1,0,0
2024,43.1,6.9,male,other,0,1,0,1,emergency_shelter,0,0,0,0,0,1,1,0,0
2024,37.8,1.08,male,other,0,1,0,1,emergency_shelter,0,0,0,0,1,0,0,0,1
2024,33.6,4.28,male,other,0,1,0,1,emergency_shelter,0,0,0,0,0,1,0,1,0
2024,42.1,3.88,male,other,0,1,0,1,emergency_shelter,0,0,0,0,0,0,0,0,0
2024,43.7,10.62,male,other,0,1,0,1,respite,0,0,0,0,1,1,0,1,0
2024,27.6,5.49,male,other,0,1,0,1,emergency_shelter,0,0,0,1,1,1,0,1,0
2024,49.7,13.46,male,other,0,1,0,1,emergency_shelter,0,0,0,0,0,0,0,0,0
2024,38.7,14.14,male,other,0,1,0,1,emergency_shelter,0,0,0,0,0,0,0,0,0
2024,47.4,2.67,male,other,0,1,0,1,emergency_shelter,0,0,0,0,0,0,0,0,0
2024,42.8,1.41,male,other,0,1,0,1,other,0,0,0,0,0,0,0,1,1
2024,23.4,4.77,male,other,0,1,0,1,emergency_shelter,1,0,0,0,0,0,0,1,1
2024,61.4,12.89,male,other,0,1,0,1,emergency_shelter,0,0,0,0,0,0,0,0,0
2024,43.1,1.21,male,other,0,1,0,1,emergency_shelter,0,0,0,0,0,0,1,0,1
2024,38.1,3.89,male,other,0,1,0,1,respite,0,0,0,0,0,0,0,1,0
2024,51.4,1.34,male,other,0,1,0,1,emergency_shelter,0,0,0,0,0,0,0,1,0
2024,27.0,1.07,male,other,0,1,0,1,emergency_shelter,0,0,0,0,1,0,0,1,1
2024,21.2,5.54,male,other,0,1,0,1,emergency_shelter,1,0,0,0,0,0,0,0,0
2024,51.0,5.58,male,other,0,1,0,1,emergency_shelter,0,0,0,0,0,0,0,1,1
2024,59.3,4.38,male,other,0,1,0,1,emergency_shelter,0,0,0,1,0,0,1,1,0
2024,47.2,11.78,male,other,0,1,0,1,emergency_shelter,0,0,1,0,1,0,0,0,0
2024,54.5,1.23,male,other,0,1,0,1,emergency_shelter,0,0,0,1,0,0,0,0,0
2024,25.5,1.31,male,other,0,1,0,1,emergency_shelter,0,0,0,0,1,0,1,1,0
2024,38.2,12.17,male,other,0,1,0,1,other,0,0,0,1,0,0,0,1,0
2024,34.0,3.38,male,other,0,1,0,1,respite,0,0,0,0,0,0,0,1,1
2024,57.6,1.95,male,other,0,1,0,1,emergency_shelter,0,0,0,0,0,0,1,0,0
2024,50.2,6.77,male,other,0,1,0,1,respite,0,0,0,0,0,0,0,0,0
2024,57.7,14.9,male,other,0,1,0,1,emergency_shelter,0,0,0,0,0,0,0,0,0
2024,34.6,5.73,male,other,0,1,0,1,emergency_shelter,0,0,0,0,0,0,0,0,0
2024,27.4,8.39,male,other,0,1,0,1,emergency_shelter,0,0,1,0,0,0,0,1,0
2024,61.8,1.99,male,other,0,1,0,1,emergency_shelter,0,0,0,0,0,0,0,0,0
2024,43.6,2.02,male,other,0,1,0,1,other,0,0,0,1,0,0,1,1,0
2024,58.1,12.13,male,other,0,1,0,1,respite,0,0,0,1,1,0,0,0,0
2024,42.3,4.56,male,other,0,1,0,1,emergency_shelter,0,0,0,0,0,0,0,0,0
2024,74.1,1.78,male,other,0,1,0,1,emergency_shelter,0,0,1,0,0,0,0,1,0
2024,59.7,3.56,male,other,0,1,0,1,other,0,0,0,0,1,0,0,0,0
2024,41.0,5.66,male,other,0,1,0,1,emergency_shelter,0,0,1,0,1,0,0,0,0
2024,43.5,1.71,male,other,0,1,0,1,emergency_shelter,0,0,0,0,0,1,0,0,0
2024,43.6,5.13,male,other,0,1,0,1,emergency_shelter,0,0,0,0,0,1,0,0,0
2024,27.3,1.12,male,other,0,1,0,1,respite,0,0,0,1,0,0,0,1,0
2024,36.5,2.09,male,other,0,1,0,1,emergency_shelter,0,0,0,0,0,0,0,0,0
2024,35.4,5.44,male,other,0,1,0,1,emergency_shelter,0,0,1,0,0,0,0,0,0
2024,46.5,1.46,male,other,0,1,0,1,emergency_shelter,0,0,0,0,0,0,0,0,0
2024,31.8,1.73,male,other,0,1,0,1,emergency_shelter,0,0,0,0,0,0,0,0,0
2024,41.1,13.36,male,other,0,1,0,1,emergency_shelter,0,0,0,0,1,0,1,1,0
2024,38.1,5.45,male,other,0,1,0,1,emergency_shelter,0,0,0,1,0,0,0,0,0
2024,44.3,3.34,male,other,0,1,0,1,respite,0,0,0,0,0,0,0,0,0
2024,63.8,1.68,male,other,0,1,0,1,emergency_shelter,0,0,0,0,0,0,1,0,0
2024,58.6,2.28,male,other,0,1,0,1,respite,0,0,0,0,0,0,0,0,0
2024,24.9,4.07,male,other,0,1,0,1,emergency_shelter,1,0,1,0,0,1,0,0,0
2024,42.5,1.48,male,other,0,1,0,1,emergency_shelter,0,0,1,1,0,0,1,1,0
2024,39.0,3.2,male,other,0,1,0,1,emergency_shelter,0,0,0,0,0,0,0,0,1
2024,34.2,2.68,male,other,0,1,0,1,emergency_shelter,0,0,0,0,0,1,0,0,0
2024,73.4,3.16,male,other,0,1,0,1,emergency_shelter,0,0,0,0,0,0,0,1,0
2024,32.9,0.06,male,other,0,1,0,0,emergency_shelter,0,0,0,0,0,0,0,0,0
2024,30.7,1.41,male,other,0,1,0,0,respite,0,0,0,0,0,0,0,1,0
2024,33.8,0.05,male,other,0,1,0,0,other,0,0,0,1,0,0,0,0,0
2024,17.8,0.49,male,other,0,1,0,0,emergency_shelter,1,0,0,1,0,0,1,0,0
2024,23.2,1.11,male,other,0,1,0,0,emergency_shelter,1,0,0,1,0,0,0,0,0
2024,49.4,3.88,male,other,0,1,0,0,emergency_shelter,0,0,0,0,0,0,0,0,1
2024,61.7,0.22,male,other,0,1,0,0,emergency_shelter,0,0,0,0,0,0,0,0,0
2024,41.0,0.3,male,other,0,1,0,0,emergency_shelter,0,0,0,0,0,0,1,0,1
2024,30.4,1.77,male,other,0,1,0,0,emergency_shelter,0,0,0,0,0,0,0,1,1
2024,15.0,0.75,male,other,0,1,0,0,emergency_shelter,1,0,0,1,0,0,0,0,0
2024,64.1,1.56,male,other,0,1,0,0,emergency_shelter,0,0,0,0,0,1,1,0,0
2024,21.5,8.0,male,other,0,1,0,0,emergency_shelter,1,0,0,0,0,1,1,1,0
2024,19.6,6.93,male,other,0,1,0,0,emergency_shelter,1,0,0,0,0,0,0,0,0
2024,36.1,0.7,male,other,0,1,0,0,emergency_shelter,0,0,0,0,0,0,0,1,0
2024,39.6,1.12,male,other,0,1,0,0,respite,0,0,0,0,0,0,1,0,1
2024,40.4,3.76,male,other,0,1,0,0,emergency_shelter,0,0,0,0,0,0,0,0,0
2024,28.3,0.15,male,other,0,1,0,0,emergency_shelter,0,0,0,0,0,0,0,0,0
2024,46.1,0.96,male,other,0,1,0,0,other,0,0,0,1,0,0,0,0,0
2024,32.9,0.76,male,other,0,1,0,0,emergency_shelter,0,0,0,1,0,0,0,1,0
2024,33.3,0.56,male,other,0,1,0,0,emergency_shelter,0,0,0,1,0,0,0,1,0
2024,36.3,8.0,male,other,0,1,0,0,emergency_shelter,0,0,0,0,0,0,0,1,0
2024,30.8,2.12,male,other,0,1,0,0,emergency_shelter,0,0,0,0,0,0,0,0,0
2024,22.7,0.79,male,other,0,1,0,0,emergency_shelter,1,0,0,0,0,0,0,1,0
2024,23.6,2.83,male,other,0,1,0,0,emergency_shelter,1,0,0,0,0,1,0,0,0
2024,24.8,1.08,male,other,0,1,0,0,emergency_shelter,1,0,0,1,0,0,0,1,0
2024,46.6,3.3,male,other,0,1,0,0,emergency_shelter,0,0,0,0,1,1,0,0,0
2024,45.8,0.5,male,other,0,1,0,0,emergency_shelter,0,0,0,0,0,0,0,1,0
2024,36.5,0.4,male,other,0,1,0,0,emergency_shelter,0,0,0,0,0,0,0,1,1
2024,37.2,0.45,male,other,0,1,0,0,emergency_shelter,0,0,0,0,0,0,0,0,0
2024,56.6,1.24,male,other,0,1,0,0,respite,0,0,0,0,0,0,0,0,0
2024,47.4,0.55,male,other,0,1,0,0,emergency_shelter,0,0,0,1,0,1,0,1,0
2024,62.1,0.25,male,other,0,1,0,0,emergency_shelter,0,0,0,0,0,0,0,1,0
2024,32.2,8.0,male,other,0,1,0,0,emergency_shelter,0,0,0,0,0,0,0,0,0
2024,23.9,3.69,male,other,0,1,0,0,emergency_shelter,1,0,0,1,0,0,1,0,0
2024,54.2,1.61,male,other,0,1,0,0,other,0,0,0,0,0,0,0,0,0
2024,39.9,3.55,male,other,0,1,0,0,respite,0,0,0,0,0,0,0,0,0
2024,29.0,4.38,male,other,0,1,0,0,emergency_shelter,0,0,0,0,0,0,0,0,0
2024,47.1,1.8,male,other,0,1,0,0,emergency_shelter,0,0,0,0,0,1,0,0,0
2024,30.4,1.17,male,other,0,1,0,0,emergency_shelter,0,0,0,0,0,1,0,0,0
2024,49.9,3.42,male,other,0,1,0,0,emergency_shelter,0,0,1,0,0,0,1,0,0
2024,47.0,1.34,male,other,0,1,0,0,respite,0,0,0,1,0,0,0,1,0
2024,37.1,0.22,male,other,0,1,0,0,emergency_shelter,0,0,1,1,0,0,0,0,0
2024,16.6,0.73,male,other,0,1,0,0,emergency_shelter,1,0,0,1,0,0,0,1,0
2024,27.3,0.94,male,other,0,1,0,0,emergency_shelter,0,0,0,0,1,0,0,0,0
2024,61.5,4.38,male,other,0,1,0,0,emergency_shelter,0,0,0,0,0,0,0,1,0
2024,64.7,1.72,male,other,0,1,0,0,emergency_shelter,0,0,0,1,0,0,1,1,0
2024,76.5,3.33,male,other,0,1,0,0,emergency_shelter,0,0,0,1,0,0,0,0,0
2024,45.8,2.27,male,other,0,1,0,0,emergency_shelter,0,0,0,0,0,1,0,1,0
2024,25.0,0.59,male,other,0,1,0,0,emergency_shelter,1,0,0,0,1,0,0,0,0
2024,59.0,2.03,male,other,0,1,0,0,emergency_shelter,0,0,0,0,0,0,0,0,0
2024,36.5,0.35,male,other,0,1,0,0,emergency_shelter,0,0,0,0,1,0,0,0,0
2024,30.7,0.84,male,other,0,1,0,0,emergency_shelter,0,0,0,1,0,1,0,1,0
2024,44.9,2.62,male,other,0,1,0,0,emergency_shelter,0,0,0,0,1,0,1,1,1
2024,66.8,1.51,male,other,0,1,0,0,emergency_shelter,0,0,0,0,0,0,0,0,0
2024,38.8,2.79,male,other,0,1,0,0,emergency_shelter,0,0,0,0,0,0,0,0,0
2024,40.5,0.47,male,other,0,1,0,0,emergency_shelter,0,0,0,0,0,0,0,0,1
2024,18.8,2.22,male,other,0,1,0,0,emergency_shelter,1,0,0,0,0,0,1,0,0
2024,41.7,0.36,male,other,0,1,0,0,emergency_shelter,0,0,0,0,0,0,0,0,0
2024,49.6,1.26,male,other,0,1,0,0,emergency_shelter,0,0,0,0,0,0,0,1,0
2024,39.0,0.91,male,other,0,1,0,0,emergency_shelter,0,0,0,0,0,1,0,0,0
2024,40.0,1.3,male,other,0,1,0,0,emergency_shelter,0,0,1,1,0,0,0,1,1
2024,43.4,0.23,male,other,0,1,0,0,other,0,0,0,0,1,1,0,1,0
2024,25.5,0.72,male,other,0,1,0,0,other,0,0,0,0,0,0,0,1,0
2024,15.0,1.76,male,other,0,1,0,0,other,1,0,0,0,0,0,0,0,0
2024,38.8,1.31,male,other,0,1,0,0,emergency_shelter,0,0,1,1,0,0,1,0,0
2024,37.1,1.27,male,other,0,1,0,0,emergency_shelter,0,0,0,1,0,1,0,0,0
2024,48.2,1.14,male,other,0,1,0,0,emergency_shelter,0,0,0,0,0,0,0,0,0
2024,73.8,4.61,male,other,0,1,0,0,respite,0,0,1,0,0,0,0,0,0
2024,58.4,4.36,male,other,0,1,0,0,other,0,0,0,0,1,0,0,1,1
2024,15.0,0.71,male,other,0,1,0,0,emergency_shelter,1,0,0,0,0,0,0,0,0
2024,75.5,0.69,male,other,0,1,0,0,emergency_shelter,0,0,0,0,0,0,0,1,0
2024,49.5,1.3,male,other,0,1,0,0,emergency_shelter,0,0,0,0,0,0,0,0,0
2024,36.5,0.16,male,other,0,1,0,0,emergency_shelter,0,0,0,0,0,1,1,0,0
2024,60.9,0.58,male,other,0,1,0,0,emergency_shelter,0,0,0,1,0,1,0,0,1
2024,15.0,0.42,male,other,0,1,0,0,respite,1,0,0,0,0,0,0,0,0
2024,32.6,0.4,male,other,0,1,0,0,emergency_shelter,0,0,0,1,0,0,0,1,0
2024,43.0,1.63,male,other,0,1,0,0,emergency_shelter,0,0,0,1,0,0,0,1,0
2024,41.2,0.78,male,other,0,1,0,0,other,0,0,0,0,0,0,1,0,0
2024,61.4,0.3,male,other,0,1,0,0,emergency_shelter,0,0,0,0,0,0,0,1,0
2024,56.8,3.5,male,other,0,1,0,0,emergency_shelter,0,0,1,0,1,0,1,1,1
2024,49.8,3.32,male,other,0,1,0,0,emergency_shelter,0,0,0,1,0,0,0,1,1
2024,36.4,3.17,male,other,0,1,0,0,emergency_shelter,0,0,0,1,0,1,0,0,1
2024,53.7,0.79,male,other,0,1,0,0,emergency_shelter,0,0,0,0,0,0,1,1,0
2024,31.9,0.09,male,other,0,1,0,0,emergency_shelter,0,0,0,0,0,0,0,1,1
2024,51.0,0.18,male,other,0,1,0,0,emergency_shelter,0,0,1,0,0,0,1,1,0
2024,30.0,0.52,male,other,0,1,0,0,emergency_shelter,0,0,0,0,1,1,0,1,1
2024,44.4,0.4,male,other,0,1,0,0,emergency_shelter,0,0,1,0,1,1,0,0,0
2024,19.9,3.31,male,other,0,1,0,0,emergency_shelter,1,0,0,0,0,0,0,0,0
2024,54.7,6.87,male,other,0,1,0,0,emergency_shelter,0,0,0,0,0,0,0,0,0
2024,34.0,2.71,male,other,0,1,0,0,emergency_shelter,0,0,0,0,0,0,0,0,0
2024,21.1,2.09,male,other,0,1,0,0,emergency_shelter,1,0,0,1,0,1,0,0,0
2024,26.7,1.42,male,other,0,1,0,0,emergency_shelter,0,0,0,1,0,0,1,1,0
2024,35.9,2.35,male,other,0,1,0,0,emergency_shelter,0,0,0,0,1,0,0,0,1
2024,27.5,4.7,male,other,0,1,0,0,emergency_shelter,0,0,0,0,1,0,0,0,0
2024,50.3,1.47,male,other,0,1,0,0,emergency_shelter,0,0,0,1,0,0,0,0,0
2024,36.3,0.27,male,other,0,1,0,0,emergency_shelter,0,0,0,0,0,0,0,0,0
2024,53.3,0.29,male,other,0,1,0,0,other,0,0,1,0,1,1,0,1,1
2024,36.3,1.4,male,other,0,1,0,0,respite,0,0,0,0,0,0,0,1,0
2024,50.3,0.65,male,other,0,1,0,0,emergency_shelter,0,0,0,0,0,0,0,0,0
2024,40.4,3.86,male,other,0,1,0,0,emergency_shelter,0,0,0,1,0,0,0,1,1
2024,36.6,1.51,male,other,0,1,0,0,emergency_shelter,0,0,1,0,0,0,1,0,0
2024,25.7,1.81,male,other,0,1,0,0,emergency_shelter,0,0,0,0,0,0,0,1,1
2024,41.2,0.05,male,other,0,1,0,0,emergency_shelter,0,0,0,0,0,0,0,0,0
2024,50.5,1.11,male,other,0,1,0,0,emergency_shelter,0,0,0,1,0,0,0,1,0
2024,30.6,0.9,male,other,0,1,0,0,respite,0,0,0,0,0,0,0,0,0
2024,40.1,1.96,male,other,0,1,0,0,other,0,0,0,0,1,0,1,0,0
2024,32.5,0.77,male,other,0,1,0,0,emergency_shelter,0,0,0,0,0,0,0,0,0
2024,67.3,6.01,male,other,0,1,0,0,emergency_shelter,0,0,0,1,0,0,0,1,1
2024,44.6,1.77,male,other,0,1,0,0,emergency_shelter,0,0,0,0,0,0,0,0,0
2024,26.2,8.57,male,other,0,0,1,1,outdoor,0,0,0,0,0,1,0,0,0
2024,39.8,2.63,male,other,0,0,1,1,outdoor,0,0,0,1,1,0,0,1,0
2024,32.8,2.51,male,other,0,0,1,1,outdoor,0,0,1,1,0,0,1,1,0
2024,53.0,20.44,male,other,0,0,1,1,outdoor,0,0,0,0,0,0,0,1,1
2024,46.0,5.63,male,other,0,0,1,1,outdoor,0,0,0,0,0,0,0,0,0
2024,27.6,4.64,male,other,0,0,1,1,outdoor,0,0,0,0,0,1,0,0,0
2024,53.7,7.3,male,other,0,0,1,1,outdoor,0,0,0,0,0,0,0,0,0
2024,69.1,3.92,male,other,0,0,1,1,outdoor,0,0,0,1,1,0,0,0,0
2024,32.0,1.49,male,other,0,0,1,1,outdoor,0,0,0,1,0,0,0,0,1
2024,47.8,2.17,male,other,0,0,1,1,outdoor,0,0,0,0,1,0,1,1,1
2024,15.0,3.89,male,other,0,0,1,1,outdoor,1,0,0,1,0,0,0,0,0
2024,38.1,1.05,male,other,0,0,1,1,outdoor,0,0,1,0,0,0,0,0,0
2024,47.6,2.87,male,other,0,0,1,1,outdoor,0,0,0,0,0,1,0,1,0
2024,41.3,7.24,male,other,0,0,1,1,outdoor,0,0,1,0,0,0,0,0,0
2024,44.8,1.51,male,other,0,0,1,1,outdoor,0,0,0,0,0,1,0,0,0
2024,32.3,1.18,male,other,0,0,1,1,outdoor,0,0,1,1,0,0,0,0,0
2024,60.9,10.35,male,other,0,0,1,1,outdoor,0,0,1,0,1,1,0,0,0
2024,37.5,4.59,male,other,0,0,1,1,outdoor,0,0,0,0,1,0,1,1,1
2024,26.0,1.55,male,other,0,0,1,1,outdoor,0,0,0,1,0,0,1,0,0
2024,42.7,8.95,male,other,0,0,1,1,outdoor,0,0,0,1,0,0,0,0,0
2024,56.2,5.18,male,other,0,0,1,1,outdoor,0,0,0,1,0,0,1,1,0
2024,51.0,2.25,male,other,0,0,1,1,outdoor,0,0,0,0,1,0,0,1,0
2024,36.0,2.48,male,other,0,0,1,1,outdoor,0,0,0,0,0,1,0,0,0
2024,68.1,1.48,male,other,0,0,1,1,outdoor,0,0,0,0,0,1,1,0,1
2024,42.2,10.31,male,other,0,0,1,1,outdoor,0,0,1,0,0,0,0,0,0
2024,19.3,3.43,male,other,0,0,1,1,outdoor,1,0,0,0,0,0,0,1,0
2024,51.6,3.88,male,other,0,0,1,1,outdoor,0,0,0,0,0,0,1,0,0
2024,41.3,13.77,male,other,0,0,1,1,outdoor,0,0,0,0,0,0,0,0,1
2024,42.2,1.04,male,other,0,0,1,1,outdoor,0,0,0,1,0,0,0,0,0
2024,55.7,1.19,male,other,0,0,1,1,outdoor,0,0,0,0,0,0,0,1,0
2024,39.6,1.5,male,other,0,0,1,1,outdoor,0,0,0,0,0,0,0,0,0
2024,39.2,1.08,male,other,0,0,1,1,outdoor,0,0,0,1,0,0,0,0,0
2024,25.7,5.18,male,other,0,0,1,1,outdoor,0,0,0,0,0,0,0,1,0
2024,35.8,4.82,male,other,0,0,1,1,outdoor,0,0,0,0,0,1,0,0,0
2024,46.7,1.68,male,other,0,0,1,1,outdoor,0,0,0,0,0,1,0,0,0
2024,35.0,1.46,male,other,0,0,1,1,outdoor,0,0,0,1,0,1,0,1,0
2024,19.9,1.44,male,other,0,0,1,1,outdoor,1,0,0,0,0,0,0,0,1
2024,52.4,27.82,male,other,0,0,1,1,outdoor,0,0,0,0,0,0,0,0,0
2024,52.9,5.8,male,other,0,0,1,1,outdoor,0,0,0,0,0,0,0,0,0
2024,53.0,4.19,male,other,0,0,1,1,outdoor,0,0,0,0,0,0,0,0,0
2024,30.3,2.19,male,other,0,0,1,1,outdoor,0,0,0,0,0,0,0,0,0
2024,42.9,2.84,male,other,0,0,1,1,outdoor,0,0,0,1,0,0,0,0,0
2024,46.6,1.26,male,other,0,0,1,1,outdoor,0,0,0,1,0,0,0,0,0
2024,51.6,30.0,male,other,0,0,1,1,outdoor,0,0,0,0,1,0,0,0,0
2024,51.9,7.22,male,other,0,0,1,1,outdoor,0,0,0,1,0,0,0,0,0
2024,23.5,4.64,male,other,0,0,1,1,outdoor,1,0,0,0,0,0,1,0,0
2024,67.3,4.22,male,other,0,0,1,1,outdoor,0,0,0,0,0,0,0,1,0
2024,26.3,3.39,male,other,0,0,1,1,outdoor,0,0,0,0,0,0,0,0,0
2024,20.4,1.88,male,other,0,0,1,1,outdoor,1,0,0,0,1,1,1,1,0
2024,15.0,1.75,male,other,0,0,1,1,outdoor,1,0,0,0,1,0,0,1,0
2024,53.0,3.81,male,other,0,0,1,1,outdoor,0,0,0,0,0,0,0,0,0
2024,63.5,1.2,male,other,0,0,1,1,outdoor,0,0,0,0,0,0,0,0,0
2024,34.4,1.21,male,other,0,0,1,1,outdoor,0,0,0,0,1,0,0,0,0
2024,18.5,3.92,male,other,0,0,1,1,outdoor,1,0,0,1,0,1,1,0,0
2024,55.5,18.51,male,other,0,0,1,1,outdoor,0,0,0,0,0,0,0,0,0
2024,25.1,17.57,male,other,0,0,1,1,outdoor,0,0,0,0,0,0,0,0,1
2024,51.9,1.03,male,other,0,0,1,1,outdoor,0,0,0,0,0,1,1,1,0
2024,30.3,1.31,male,other,0,0,1,1,outdoor,0,0,0,1,0,0,0,0,0
2024,37.1,4.17,male,other,0,0,1,1,outdoor,0,0,0,0,1,1,0,1,0
2024,47.7,11.07,male,other,0,0,1,1,outdoor,0,0,0,1,0,0,0,0,0
2024,47.8,28.36,male,other,0,0,1,1,outdoor,0,0,0,0,0,0,0,0,0
2024,44.7,11.88,male,other,0,0,1,1,outdoor,0,0,0,0,0,0,0,0,0
2024,63.8,5.51,male,other,0,0,1,1,outdoor,0,0,0,0,0,0,0,1,0
2024,67.2,1.64,male,other,0,0,1,1,outdoor,0,0,0,0,0,0,0,0,0
2024,68.3,1.21,male,other,0,0,1,1,outdoor,0,0,0,0,1,1,1,0,0
2024,40.8,1.13,male,other,0,0,1,1,outdoor,0,0,0,1,0,0,0,0,0
2024,44.7,4.52,male,other,0,0,1,1,outdoor,0,0,0,0,0,0,1,0,0
2024,62.5,1.1,male,other,0,0,1,1,outdoor,0,0,0,0,0,0,0,1,0
2024,34.1,6.8,male,other,0,0,1,1,outdoor,0,0,0,0,0,1,0,1,0
2024,37.2,6.18,male,other,0,0,1,1,outdoor,0,0,0,1,0,0,0,0,0
2024,43.5,1.23,male,other,0,0,1,1,outdoor,0,0,0,0,1,0,0,1,1
2024,43.0,16.43,male,other,0,0,1,1,outdoor,0,0,0,0,0,0,1,1,0
2024,39.2,3.54,male,other,0,0,1,1,outdoor,0,0,0,0,0,0,0,0,0
2024,30.1,16.14,male,other,0,0,1,1,outdoor,0,0,1,0,0,0,0,0,0
2024,55.2,15.77,male,other,0,0,1,1,outdoor,0,0,0,0,1,0,0,1,0
2024,37.8,1.63,male,other,0,0,1,1,outdoor,0,0,0,1,1,0,0,1,0
2024,45.4,2.5,male,other,0,0,1,1,outdoor,0,0,0,0,0,0,0,0,0
2024,43.1,1.4,male,other,0,0,1,1,outdoor,0,0,0,0,0,0,0,0,0
2024,52.7,7.81,male,other,0,0,1,1,outdoor,0,0,0,1,0,0,0,1,0
2024,49.6,3.38,male,other,0,0,1,1,outdoor,0,0,0,0,0,1,0,0,0
2024,39.7,20.29,male,other,0,0,1,1,outdoor,0,0,0,0,1,1,0,1,0
2024,37.4,1.67,male,other,0,0,1,1,outdoor,0,0,0,0,0,0,0,0,0
2024,41.7,5.7,male,other,0,0,1,1,outdoor,0,0,0,0,0,0,0,1,0
2024,27.7,30.0,male,other,0,0,1,1,outdoor,0,0,0,0,1,1,1,0,0
2024,32.0,5.3,male,other,0,0,1,1,outdoor,0,0,1,1,1,0,0,0,0
2024,50.7,1.19,male,other,0,0,1,1,outdoor,0,0,0,0,0,0,0,0,0
2024,47.4,4.23,male,other,0,0,1,1,outdoor,0,0,0,0,0,0,0,1,1
2024,29.7,1.57,male,other,0,0,1,1,outdoor,0,0,0,0,0,0,0,1,0
2024,41.6,1.08,male,other,0,0,1,1,outdoor,0,0,0,0,0,0,1,0,0
2024,21.4,2.25,male,other,0,0,1,1,outdoor,1,0,0,0,0,0,0,1,1
2024,45.1,1.92,male,other,0,0,1,1,outdoor,0,0,0,0,0,1,0,0,0
2024,38.5,8.28,male,other,0,0,1,1,outdoor,0,0,0,0,0,0,0,0,0
2024,72.6,2.46,male,other,0,0,1,1,outdoor,0,0,0,0,0,0,0,0,0
2024,51.5,6.65,male,other,0,0,1,1,outdoor,0,0,0,0,0,0,0,0,1
2024,29.9,1.04,male,other,0,0,1,1,outdoor,0,0,0,1,0,0,0,0,0
2024,29.7,1.04,male,other,0,0,1,1,outdoor,0,0,0,0,0,0,0,0,0
2024,52.2,1.08,male,other,0,0,1,1,outdoor,0,0,0,0,0,0,0,0,0
2024,55.5,1.72,male,other,0,0,1,1,outdoor,0,0,0,0,0,0,1,1,0
2024,69.3,2.47,male,other,0,0,1,1,outdoor,0,0,0,0,0,0,0,0,0
2024,59.4,4.47,male,other,0,0,1,1,outdoor,0,0,0,0,1,0,0,0,0
2024,49.9,30.0,male,other,0,0,1,1,outdoor,0,0,0,0,0,0,0,1,0
2024,63.2,2.35,male,other,0,0,1,1,outdoor,0,0,0,0,0,0,0,0,1
2024,44.3,1.16,male,other,0,0,1,1,outdoor,0,0,0,0,0,0,0,0,0
2024,43.7,1.62,male,other,0,0,1,1,outdoor,0,0,0,0,0,0,0,1,0
2024,26.3,15.31,male,other,0,0,1,1,outdoor,0,0,0,0,0,0,0,0,0
2024,64.4,5.91,male,other,0,0,1,1,outdoor,0,0,0,0,0,0,1,1,1
2024,45.1,8.33,male,other,0,0,1,1,outdoor,0,0,0,0,0,0,0,0,0
2024,41.9,1.37,male,other,0,0,1,1,outdoor,0,0,0,1,0,0,0,0,0
2024,32.1,1.41,male,other,0,0,1,1,outdoor,0,0,0,0,0,0,0,0,0
2024,60.4,1.33,male,other,0,0,1,1,outdoor,0,0,0,0,0,0,0,1,0
2024,57.0,11.64,male,other,0,0,1,1,outdoor,0,0,0,0,0,0,0,1,0
2024,30.6,1.68,male,other,0,0,1,1,outdoor,0,0,0,0,0,0,0,1,0
2024,50.4,4.95,male,other,0,0,1,1,outdoor,0,0,0,0,0,0,0,0,0
2024,54.4,3.49,male,other,0,0,1,1,outdoor,0,0,0,1,0,0,0,0,0
2024,25.8,3.76,male,other,0,0,1,1,outdoor,0,0,0,0,0,0,0,0,0
2024,52.2,1.62,male,other,0,0,1,1,outdoor,0,0,0,0,0,0,0,0,0
2024,49.4,4.84,male,other,0,0,1,1,outdoor,0,0,0,0,0,1,0,0,1
2024,52.0,1.12,male,other,0,0,1,1,outdoor,0,0,0,0,0,0,0,0,0
2024,71.0,30.0,male,other,0,0,1,1,outdoor,0,0,1,0,0,0,0,0,0
2024,84.7,1.07,male,other,0,0,1,1,outdoor,0,0,0,1,0,0,0,1,0
2024,60.5,1.14,male,other,0,0,1,1,outdoor,0,0,0,0,0,0,0,0,0
2024,46.9,2.2,male,other,0,0,1,1,outdoor,0,0,0,0,0,0,0,0,0
2024,52.2,10.12,male,other,0,0,1,1,outdoor,0,0,0,1,1,1,0,1,0
2024,49.3,1.88,male,other,0,0,1,1,outdoor,0,0,0,0,0,0,1,1,0
2024,76.2,3.12,male,other,0,0,1,1,outdoor,0,0,0,0,0,0,0,1,0
2024,45.2,1.05,male,other,0,0,1,1,outdoor,0,0,0,0,0,0,0,0,0
2024,37.4,1.23,male,other,0,0,1,1,outdoor,0,0,0,0,0,0,0,0,0
2024,50.9,4.47,male,other,0,0,1,1,outdoor,0,0,0,0,0,0,0,0,0
2024,72.5,1.62,male,other,0,0,1,1,outdoor,0,0,0,1,0,0,0,1,0
2024,29.7,5.81,male,other,0,0,1,1,outdoor,0,0,0,0,1,0,1,0,0
2024,33.8,8.16,male,other,0,0,1,1,outdoor,0,0,1,1,0,0,1,0,0
2024,33.1,11.19,male,other,0,0,1,1,outdoor,0,0,0,0,1,0,1,0,0
2024,26.5,1.4,male,other,0,0,1,1,outdoor,0,0,0,0,0,0,0,0,0
2024,29.9,3.0,male,other,0,0,1,1,outdoor,0,0,0,0,1,1,0,0,0
2024,56.4,25.38,male,other,0,0,1,1,outdoor,0,0,0,1,0,0,0,0,0
2024,46.3,7.72,male,other,0,0,1,1,outdoor,0,0,0,0,0,1,0,0,0
2024,25.1,1.35,male,other,0,0,1,1,outdoor,0,0,0,0,0,0,0,0,0
2024,52.8,3.37,male,other,0,0,1,1,outdoor,0,0,0,0,0,0,0,0,1
2024,48.1,18.98,male,other,0,0,1,1,outdoor,0,0,0,1,0,0,0,0,0
2024,56.6,2.89,male,other,0,0,1,1,outdoor,0,0,0,0,0,0,0,0,0
2024,34.8,10.43,male,other,0,0,1,1,outdoor,0,0,1,0,1,0,1,0,0
2024,26.1,3.31,male,other,0,0,1,1,outdoor,0,0,0,0,0,0,0,0,0
2024,52.8,1.31,male,other,0,0,1,1,outdoor,0,0,0,0,0,0,0,0,0
2024,54.8,1.45,male,other,0,0,1,1,outdoor,0,0,0,0,0,0,0,0,1
2024,27.8,1.13,male,other,0,0,1,1,outdoor,0,0,0,0,0,1,0,0,0
2024,46.6,1.62,male,other,0,0,1,1,outdoor,0,0,0,0,1,0,1,1,1
2024,34.6,14.82,male,other,0,0,1,1,outdoor,0,0,0,0,0,0,0,1,1
2024,56.8,5.06,male,other,0,0,1,1,outdoor,0,0,0,0,0,0,0,1,0
2024,52.5,6.79,male,other,0,0,1,1,outdoor,0,0,0,0,0,1,0,0,0
2024,60.3,4.65,male,other,0,0,1,1,outdoor,0,0,0,1,0,0,0,1,0
2024,31.5,2.54,male,other,0,0,1,1,outdoor,0,0,0,0,0,0,0,1,0
2024,33.6,1.71,male,other,0,0,1,1,outdoor,0,0,0,0,0,0,0,1,0
2024,38.0,19.62,male,other,0,0,1,1,outdoor,0,0,0,1,0,0,0,0,0
2024,35.8,3.48,male,other,0,0,1,1,outdoor,0,0,0,0,0,0,0,1,0
2024,48.4,3.19,male,other,0,0,1,1,outdoor,0,0,0,0,0,0,0,0,0
2024,28.2,30.0,male,other,0,0,1,1,outdoor,0,0,0,1,1,0,0,0,0
2024,64.5,2.52,male,other,0,0,1,1,outdoor,0,0,0,0,0,1,0,0,0
2024,67.6,11.43,male,other,0,0,1,1,outdoor,0,0,0,0,0,0,0,0,0
2024,58.8,12.0,male,other,0,0,1,1,outdoor,0,0,1,0,0,0,0,0,0
2024,50.2,1.77,male,other,0,0,1,1,outdoor,0,0,0,0,0,1,1,0,0
2024,41.5,1.27,male,other,0,0,1,1,outdoor,0,0,1,0,0,0,0,0,0
2024,45.9,30.0,male,other,0,0,1,1,outdoor,0,0,0,1,0,0,0,0,0
2024,32.6,2.79,male,other,0,0,1,1,outdoor,0,0,0,0,0,1,0,0,0
2024,45.4,1.01,male,other,0,0,1,1,outdoor,0,0,0,0,0,0,0,0,0
2024,47.9,3.34,male,other,0,0,1,1,outdoor,0,0,0,0,0,0,0,0,1
2024,31.7,4.62,male,other,0,0,1,1,outdoor,0,0,0,0,0,0,0,0,0
2024,65.9,7.85,male,other,0,0,1,1,outdoor,0,0,0,0,0,1,1,0,0
2024,42.1,23.99,male,other,0,0,1,1,outdoor,0,0,0,0,0,0,0,1,0
2024,28.8,17.72,male,other,0,0,1,1,outdoor,0,0,0,0,0,0,0,0,0
2024,40.4,23.14,male,other,0,0,1,1,outdoor,0,0,0,0,0,0,0,1,0
2024,34.8,1.09,male,other,0,0,1,1,outdoor,0,0,0,1,0,0,0,0,1
2024,31.5,6.17,male,other,0,0,1,1,outdoor,0,0,0,0,0,0,0,0,0
2024,65.2,1.74,male,other,0,0,1,1,outdoor,0,0,0,0,1,1,1,0,0
2024,43.4,1.59,male,other,0,0,1,1,outdoor,0,0,1,0,0,1,0,0,0
2024,57.7,8.71,male,other,0,0,1,1,outdoor,0,0,0,0,0,0,0,0,0
2024,49.0,2.73,male,other,0,0,1,1,outdoor,0,0,0,0,0,0,0,0,0
2024,49.9,17.95,male,other,0,0,1,1,outdoor,0,0,0,0,0,1,0,1,1
2024,43.0,1.12,male,other,0,0,1,1,outdoor,0,0,0,0,0,1,0,1,0
2024,35.1,0.31,male,other,0,0,1,0,outdoor,0,0,0,1,0,1,0,1,0
2024,44.5,0.36,male,other,0,0,1,0,outdoor,0,0,0,0,0,1,1,1,0
2024,38.9,2.34,male,other,0,0,1,0,outdoor,0,0,0,0,1,0,0,0,1
2024,21.8,0.85,male,other,0,0,1,0,outdoor,1,0,0,0,0,1,1,0,0
2024,35.6,0.83,male,other,0,0,1,0,outdoor,0,0,0,0,0,0,0,0,0
2024,15.0,5.44,male,other,0,0,1,0,outdoor,1,0,1,0,0,0,0,1,0
2024,42.7,0.95,male,other,0,0,1,0,outdoor,0,0,1,1,1,1,0,1,1
2024,47.1,4.2,male,other,0,0,1,0,outdoor,0,0,0,0,1,0,0,0,0
2024,28.4,0.57,male,other,0,0,1,0,outdoor,0,0,0,1,0,1,0,1,0
2024,32.6,0.82,male,other,0,0,1,0,outdoor,0,0,0,1,1,1,0,0,0
2024,21.5,0.81,male,other,0,0,1,0,outdoor,1,0,0,0,0,0,1,0,0
2024,15.0,1.26,male,other,0,0,1,0,outdoor,1,0,0,1,0,0,0,1,0
2024,19.1,1.4,male,other,0,0,1,0,outdoor,1,0,0,0,0,0,0,0,0
2024,49.4,0.46,male,other,0,0,1,0,outdoor,0,0,0,0,0,1,0,0,0
2024,35.8,2.52,male,other,0,0,1,0,outdoor,0,0,0,0,0,0,0,0,0
2024,43.2,1.1,male,other,0,0,1,0,outdoor,0,0,0,0,0,0,0,0,0
2024,68.8,0.05,male,other,0,0,1,0,outdoor,0,0,0,1,0,0,0,1,1
2024,54.2,1.43,male,other,0,0,1,0,outdoor,0,0,0,0,0,0,0,1,0
2024,47.8,2.56,male,other,0,0,1,0,outdoor,0,0,0,0,0,0,1,1,0
2024,33.4,0.46,male,other,0,0,1,0,outdoor,0,0,0,0,0,1,0,1,0
2024,62.1,0.06,male,other,0,0,1,0,outdoor,0,0,0,1,0,0,1,0,0
2024,57.5,2.63,male,other,0,0,1,0,outdoor,0,0,0,0,0,0,0,1,0
2024,52.7,5.99,male,other,0,0,1,0,outdoor,0,0,0,0,0,0,0,0,0
2024,40.2,0.13,male,other,0,0,1,0,outdoor,0,0,0,0,0,0,0,1,0
2024,27.3,4.45,male,other,0,0,1,0,outdoor,0,0,0,1,0,0,0,1,0
2024,61.5,0.71,male,other,0,0,1,0,outdoor,0,0,0,0,0,1,0,1,0
2024,52.4,4.54,male,other,0,0,1,0,outdoor,0,0,0,0,0,0,1,1,0
2024,37.4,1.67,male,other,0,0,1,0,outdoor,0,0,0,0,0,0,1,0,0
2024,36.4,3.54,male,other,0,0,1,0,outdoor,0,0,0,0,0,0,0,0,0
2024,23.1,2.47,male,other,0,0,1,0,outdoor,1,0,0,1,0,0,0,0,0
2024,50.9,0.05,male,other,0,0,1,0,outdoor,0,0,0,0,0,0,0,0,0
2024,42.6,0.11,male,other,0,0,1,0,outdoor,0,0,0,1,0,0,0,1,0
2024,45.8,1.19,male,other,0,0,1,0,outdoor,0,0,0,0,0,0,0,1,1
2024,53.3,0.22,male,other,0,0,1,0,outdoor,0,0,0,1,0,1,1,0,0
2024,50.3,0.99,male,other,0,0,1,0,outdoor,0,0,0,0,0,0,0,1,0
2024,28.0,4.95,male,other,0,0,1,0,outdoor,0,0,0,0,1,1,0,0,0
2024,40.5,0.56,male,other,0,0,1,0,outdoor,0,0,0,0,0,0,0,0,0
2024,46.0,1.07,male,other,0,0,1,0,outdoor,0,0,0,0,0,0,0,0,0
2024,47.1,0.78,male,other,0,0,1,0,outdoor,0,0,1,0,0,1,0,1,0
2024,18.0,1.59,male,other,0,0,1,0,outdoor,1,0,0,0,0,1,1,1,0
2024,26.1,0.34,male,other,0,0,1,0,outdoor,0,0,0,1,0,1,0,1,0
2024,49.4,0.48,male,other,0,0,1,0,outdoor,0,0,1,0,1,1,0,0,1
2024,49.2,3.13,male,other,0,0,1,0,outdoor,0,0,0,0,0,0,1,0,0
2024,62.8,2.67,male,other,0,0,1,0,outdoor,0,0,1,0,0,0,0,1,0
2024,18.5,2.49,male,other,0,0,1,0,outdoor,1,0,0,1,0,0,0,0,0
2024,52.8,2.36,male,other,0,0,1,0,outdoor,0,0,0,0,1,0,0,0,0
2024,45.5,0.98,male,other,0,0,1,0,outdoor,0,0,0,0,0,0,0,0,0
2024,25.5,2.09,male,other,0,0,1,0,outdoor,0,0,0,1,1,1,0,1,1
2024,15.5,0.78,male,other,0,0,1,0,outdoor,1,0,0,0,0,1,0,0,0
2024,53.4,0.17,male,other,0,0,1,0,outdoor,0,0,0,1,0,1,1,0,0
2024,26.5,0.8,male,other,0,0,1,0,outdoor,0,0,0,0,1,1,1,1,0
2024,21.8,0.28,male,other,0,0,1,0,outdoor,1,0,0,1,0,1,0,1,0
2024,46.6,0.79,male,other,0,0,1,0,outdoor,0,0,0,0,0,0,0,0,0
2024,40.1,0.56,male,other,0,0,1,0,outdoor,0,0,0,0,0,0,0,1,1
2024,48.3,1.46,male,other,0,0,1,0,outdoor,0,0,0,1,0,0,0,1,0
2024,46.3,0.72,male,other,0,0,1,0,outdoor,0,0,0,1,0,0,0,0,0
2024,85.0,1.96,male,other,0,0,1,0,outdoor,0,0,0,1,0,0,0,0,0
2024,50.4,1.15,male,other,0,0,1,0,outdoor,0,0,0,0,0,0,0,0,0
2024,49.5,4.03,male,other,0,0,1,0,outdoor,0,0,0,1,1,0,0,1,1
2024,27.9,0.15,male,other,0,0,1,0,outdoor,0,0,0,0,1,0,0,0,0
2024,62.1,1.86,male,other,0,0,1,0,outdoor,0,0,0,0,0,0,1,1,1
2024,33.2,1.79,male,other,0,0,1,0,outdoor,0,0,0,0,0,0,0,0,0
2024,27.5,4.81,male,other,0,0,1,0,outdoor,0,0,0,0,1,1,0,0,1
2024,37.3,0.74,male,other,0,0,1,0,outdoor,0,0,0,0,0,1,0,0,0
2024,46.4,0.58,male,other,0,0,1,0,outdoor,0,0,0,0,0,0,0,1,0
2024,33.8,0.3,male,other,0,0,1,0,outdoor,0,0,0,0,0,0,0,0,1
2024,28.0,0.49,male,other,0,0,1,0,outdoor,0,0,0,0,0,1,0,0,0
2024,27.7,1.12,male,other,0,0,1,0,outdoor,0,0,0,0,0,1,0,1,0
2024,43.1,2.91,male,other,0,0,1,0,outdoor,0,0,0,0,0,0,0,0,0
2024,48.1,0.54,male,other,0,0,1,0,outdoor,0,0,0,1,0,0,0,0,0
2024,49.2,0.27,male,other,0,0,1,0,outdoor,0,0,0,1,0,0,0,1,0
2024,18.5,0.51,male,other,0,0,1,0,outdoor,1,0,0,0,1,0,0,0,0
2024,28.6,0.17,male,other,0,0,1,0,outdoor,0,0,0,0,0,1,0,1,0
2024,53.3,4.18,male,other,0,0,1,0,outdoor,0,0,0,1,0,0,0,0,0
2024,34.3,3.3,male,other,0,0,1,0,outdoor,0,0,0,0,0,0,0,0,0
2024,43.1,0.59,male,other,0,0,1,0,outdoor,0,0,0,0,0,1,0,0,0
2024,77.0,0.45,male,other,0,0,1,0,outdoor,0,0,0,0,0,0,0,0,0
2024,15.0,3.77,male,other,0,0,1,0,outdoor,1,0,0,0,0,0,0,0,0
2024,38.4,0.05,male,other,0,0,1,0,outdoor,0,0,0,0,0,0,1,1,0
2024,50.1,1.47,male,other,0,0,1,0,outdoor,0,0,0,0,0,0,0,1,0
2024,26.5,3.96,male,other,0,0,1,0,outdoor,0,0,0,0,0,0,0,0,1
2024,38.3,1.14,male,other,0,0,1,0,outdoor,0,0,0,0,0,0,0,1,0
2024,23.4,0.05,male,other,0,0,1,0,outdoor,1,0,0,0,0,0,0,1,1
2024,48.3,0.4,male,other,0,0,1,0,outdoor,0,0,0,0,0,0,0,0,0
2024,30.8,4.09,male,other,0,0,1,0,outdoor,0,0,0,0,0,0,0,0,0
2024,34.2,0.05,male,other,0,0,1,0,outdoor,0,0,0,1,0,0,0,1,0
2024,52.8,0.8,male,other,0,0,1,0,outdoor,0,0,1,1,0,0,0,0,0
2024,48.0,2.5,male,other,0,0,1,0,outdoor,0,0,0,1,0,0,0,0,0
2024,53.9,2.91,male,other,0,0,1,0,outdoor,0,0,1,0,0,0,0,0,0
2024,64.8,1.04,male,other,0,0,1,0,outdoor,0,0,0,1,0,0,0,1,1
2024,41.3,0.42,male,other,0,0,1,0,outdoor,0,0,0,0,0,0,0,0,0
2024,69.9,1.46,male,other,0,0,1,0,outdoor,0,0,0,0,0,1,1,1,0
2024,42.9,0.49,male,other,0,0,1,0,outdoor,0,0,0,1,0,0,0,1,0
2024,58.7,0.47,male,other,0,0,1,0,outdoor,0,0,0,0,0,0,0,0,0
2024,39.8,2.64,male,other,0,0,1,0,outdoor,0,0,0,0,0,0,1,1,1
2024,52.0,0.27,male,other,0,0,1,0,outdoor,0,0,0,0,1,1,0,0,0
2024,34.3,0.05,male,other,0,0,1,0,outdoor,0,0,0,0,0,0,0,0,0
2024,59.0,0.66,male,other,0,0,1,0,outdoor,0,0,0,1,0,0,0,1,1
2024,56.3,1.08,male,other,0,0,1,0,outdoor,0,0,0,1,1,0,0,0,1
2024,37.2,1.95,male,other,0,0,1,0,outdoor,0,0,0,0,1,0,1,0,0
2024,42.4,2.43,male,other,0,0,1,0,outdoor,0,0,0,0,1,0,1,1,0
2024,27.0,1.74,male,other,0,0,1,0,outdoor,0,0,0,0,0,0,0,1,0
2024,53.3,1.58,male,other,0,0,1,0,outdoor,0,0,0,1,0,1,1,0,0
2024,52.0,1.75,male,other,0,0,1,0,outdoor,0,0,0,1,0,0,0,0,0
2024,23.0,0.51,male,other,0,0,1,0,outdoor,1,0,0,1,0,0,0,0,0
2024,70.6,0.77,male,other,0,0,1,0,outdoor,0,0,0,1,0,0,0,0,0
2024,45.8,1.53,male,other,0,0,1,0,outdoor,0,0,0,1,1,1,0,1,0
2024,37.0,0.11,male,other,0,0,1,0,outdoor,0,0,0,1,1,0,0,1,0
2024,57.0,0.56,male,other,0,0,1,0,outdoor,0,0,0,0,0,0,0,0,0
2024,32.9,0.83,male,other,0,0,1,0,outdoor,0,0,0,0,0,0,0,1,0
2024,58.5,1.22,male,other,0,0,1,0,outdoor,0,0,1,0,1,0,0,1,0
2024,23.8,1.07,male,other,0,0,1,0,outdoor,1,0,0,0,0,0,1,0,1
2024,37.1,2.03,male,other,0,0,1,0,outdoor,0,0,1,1,1,0,1,0,0
2024,39.0,1.03,male,other,0,0,1,0,outdoor,0,0,0,1,0,0,0,0,1
2024,32.6,3.75,male,other,0,0,1,0,outdoor,0,0,0,0,0,0,0,1,0
2024,29.9,0.77,male,other,0,0,1,0,outdoor,0,0,0,0,1,1,0,1,1
2024,41.2,17.49,male,other,0,0,0,1,emergency_shelter,0,0,0,0,0,0,0,0,0
2024,43.3,4.97,male,other,0,0,0,1,emergency_shelter,0,0,0,0,0,0,0,0,0
2024,54.1,3.96,male,other,0,0,0,1,emergency_shelter,0,0,0,0,1,0,0,0,0
2024,37.6,1.2,male,other,0,0,0,1,emergency_shelter,0,0,0,0,0,0,0,0,0
2024,26.5,6.59,male,other,0,0,0,1,emergency_shelter,0,0,0,0,0,0,0,1,0
2024,32.0,5.66,male,other,0,0,0,1,emergency_shelter,0,0,0,0,0,0,0,0,0
2024,31.9,4.91,male,other,0,0,0,1,respite,0,0,0,0,0,0,1,1,0
2024,44.4,1.92,male,other,0,0,0,1,emergency_shelter,0,0,0,1,0,0,0,0,0
2024,16.7,25.26,male,other,0,0,0,1,emergency_shelter,1,0,0,0,0,0,0,0,0
2024,47.5,2.18,male,other,0,0,0,1,emergency_shelter,0,0,0,0,1,1,0,1,0
2024,61.0,1.47,male,other,0,0,0,1,emergency_shelter,0,0,0,0,1,1,1,1,1
2024,36.1,30.0,male,other,0,0,0,1,emergency_shelter,0,0,0,0,0,0,0,0,0
2024,34.1,6.98,male,other,0,0,0,1,other,0,0,0,0,0,0,0,1,1
2024,70.8,2.72,male,other,0,0,0,1,emergency_shelter,0,0,1,0,0,0,0,0,0
2024,63.8,21.98,male,other,0,0,0,1,other,0,0,0,0,0,0,0,0,0
2024,49.2,1.26,male,other,0,0,0,1,emergency_shelter,0,0,0,0,0,0,1,0,0
2024,32.8,1.25,male,other,0,0,0,1,emergency_shelter,0,0,0,0,0,0,0,1,1
2024,51.4,5.59,male,other,0,0,0,1,emergency_shelter,0,0,0,1,0,0,0,0,0
2024,29.1,1.56,male,other,0,0,0,1,emergency_shelter,0,0,0,0,0,0,1,0,0
2024,24.7,18.05,male,other,0,0,0,1,emergency_shelter,1,0,0,0,0,0,0,0,0
2024,49.6,10.59,male,other,0,0,0,1,emergency_shelter,0,0,0,0,1,0,0,0,1
2024,36.5,2.1,male,other,0,0,0,1,emergency_shelter,0,0,0,0,0,0,1,1,0
2024,15.0,14.3,male,other,0,0,0,1,emergency_shelter,1,0,0,1,0,1,0,1,1
2024,51.4,1.12,male,other,0,0,0,1,emergency_shelter,0,0,0,0,0,0,0,1,0
2024,63.7,3.8,male,other,0,0,0,1,emergency_shelter,0,0,0,0,1,0,1,0,0
2024,52.5,21.89,male,other,0,0,0,1,emergency_shelter,0,0,0,1,0,1,0,0,0
2024,36.3,11.52,male,other,0,0,0,1,respite,0,0,0,0,0,0,0,0,0
2024,15.0,2.36,male,other,0,0,0,1,emergency_shelter,1,0,0,0,0,0,0,0,0
2024,45.3,1.58,male,other,0,0,0,1,emergency_shelter,0,0,0,0,0,1,0,0,0
2024,34.0,1.68,male,other,0,0,0,1,emergency_shelter,0,0,0,1,0,1,0,1,0
2024,30.6,3.48,male,other,0,0,0,1,emergency_shelter,0,0,0,1,0,1,0,1,0
2024,16.0,4.33,male,other,0,0,0,1,emergency_shelter,1,0,0,0,0,0,0,0,0
2024,69.5,1.09,male,other,0,0,0,1,emergency_shelter,0,0,0,0,1,0,0,0,0
2024,27.9,2.71,male,other,0,0,0,1,other,0,0,0,0,0,1,0,0,0
2024,17.7,10.05,male,other,0,0,0,1,emergency_shelter,1,0,0,1,0,1,1,1,1
2024,67.0,2.92,male,other,0,0,0,1,emergency_shelter,0,0,0,1,1,0,0,1,0
2024,43.7,1.53,male,other,0,0,0,1,emergency_shelter,0,0,0,0,0,0,1,1,0
2024,41.5,28.55,male,other,0,0,0,1,emergency_shelter,0,0,0,0,0,1,1,0,0
2024,47.6,1.92,male,other,0,0,0,1,emergency_shelter,0,0,0,0,0,0,0,1,0
2024,49.3,8.64,male,other,0,0,0,1,emergency_shelter,0,0,0,0,0,0,0,0,0
2024,46.2,1.62,male,other,0,0,0,1,emergency_shelter,0,0,0,0,0,0,0,0,1
2024,22.1,2.77,male,other,0,0,0,1,emergency_shelter,1,0,0,1,0,0,0,1,0
2024,21.1,3.27,male,other,0,0,0,1,emergency_shelter,1,0,0,0,0,0,0,0,0
2024,33.0,3.35,male,other,0,0,0,1,other,0,0,0,1,0,1,0,1,1
2024,36.1,3.49,male,other,0,0,0,1,emergency_shelter,0,0,0,0,0,0,0,1,0
2024,38.2,1.74,male,other,0,0,0,1,emergency_shelter,0,0,0,0,0,0,0,0,1
2024,46.4,3.49,male,other,0,0,0,1,emergency_shelter,0,0,0,1,0,0,0,0,0
2024,39.3,3.2,male,other,0,0,0,1,emergency_shelter,0,0,0,0,0,0,0,0,0
2024,33.7,1.68,male,other,0,0,0,1,other,0,0,0,1,0,0,0,0,0
2024,48.8,30.0,male,other,0,0,0,1,emergency_shelter,0,0,0,1,0,0,0,1,0
2024,53.2,12.24,male,other,0,0,0,1,other,0,0,1,1,0,0,0,0,0
2024,31.9,14.17,male,other,0,0,0,1,emergency_shelter,0,0,1,0,0,0,1,0,0
2024,24.1,5.65,male,other,0,0,0,1,emergency_shelter,1,0,0,0,1,1,0,1,0
2024,45.8,1.49,male,other,0,0,0,1,emergency_shelter,0,0,0,1,0,0,0,1,0
2024,37.3,4.0,male,other,0,0,0,1,respite,0,0,1,0,0,0,0,0,0
2024,54.9,9.61,male,other,0,0,0,1,emergency_shelter,0,0,0,1,1,0,0,0,0
2024,29.4,1.11,male,other,0,0,0,1,other,0,0,1,0,0,0,0,1,0
2024,26.4,3.31,male,other,0,0,0,1,emergency_shelter,0,0,0,1,0,0,0,1,0
2024,34.4,2.6,male,other,0,0,0,1,emergency_shelter,0,0,0,0,0,0,0,0,0
2024,50.5,1.69,male,other,0,0,0,1,emergency_shelter,0,0,0,0,0,0,0,0,1
2024,38.3,2.49,male,other,0,0,0,1,emergency_shelter,0,0,0,0,0,1,0,1,0
2024,42.0,30.0,male,other,0,0,0,1,emergency_shelter,0,0,0,0,0,0,0,1,0
2024,36.3,6.42,male,other,0,0,0,1,respite,0,0,0,0,0,1,0,0,1
2024,57.5,2.07,male,other,0,0,0,1,emergency_shelter,0,0,0,0,0,0,0,0,0
2024,50.0,4.43,male,other,0,0,0,1,emergency_shelter,0,0,0,0,0,0,0,1,0
2024,21.9,1.83,male,other,0,0,0,1,emergency_shelter,1,0,0,1,0,0,0,1,0
2024,55.9,4.5,male,other,0,0,0,1,emergency_shelter,0,0,0,0,0,1,0,1,0
2024,51.5,15.11,male,other,0,0,0,1,emergency_shelter,0,0,0,1,0,0,0,1,0
2024,58.4,3.88,male,other,0,0,0,1,emergency_shelter,0,0,0,0,0,0,0,1,0
2024,35.8,6.66,male,other,0,0,0,1,emergency_shelter,0,0,0,0,0,0,0,0,1
2024,30.1,2.98,male,other,0,0,0,1,emergency_shelter,0,0,0,0,0,0,0,1,1
2024,42.1,3.56,male,other,0,0,0,1,emergency_shelter,0,0,0,1,0,0,0,1,1
2024,45.5,5.83,male,other,0,0,0,1,emergency_shelter,0,0,0,0,0,1,0,0,1
2024,59.8,9.21,male,other,0,0,0,1,emergency_shelter,0,0,0,0,0,1,0,0,0
2024,52.1,5.2,male,other,0,0,0,1,emergency_shelter,0,0,0,1,0,0,0,1,0
2024,45.3,30.0,male,other,0,0,0,1,emergency_shelter,0,0,0,0,0,0,0,0,0
2024,41.4,9.54,male,other,0,0,0,1,emergency_shelter,0,0,0,0,0,0,0,0,0
2024,43.4,7.88,male,other,0,0,0,1,emergency_shelter,0,0,0,0,1,1,0,1,0
2024,37.7,10.87,male,other,0,0,0,1,emergency_shelter,0,0,0,0,0,0,0,0,0
2024,52.7,1.98,male,other,0,0,0,1,emergency_shelter,0,0,0,0,0,1,1,1,1
2024,22.9,2.83,male,other,0,0,0,1,respite,1,0,1,1,0,0,0,1,0
2024,43.4,3.96,male,other,0,0,0,1,emergency_shelter,0,0,0,0,0,0,0,0,0
2024,57.9,3.05,male,other,0,0,0,1,emergency_shelter,0,0,0,1,1,0,1,0,0
2024,27.3,11.01,male,other,0,0,0,1,emergency_shelter,0,0,0,1,0,0,0,0,0
2024,70.5,1.07,male,other,0,0,0,1,emergency_shelter,0,0,1,0,1,0,0,1,0
2024,28.2,1.68,male,other,0,0,0,1,emergency_shelter,0,0,0,0,0,0,0,0,0
2024,36.2,13.6,male,other,0,0,0,1,emergency_shelter,0,0,0,0,0,0,0,1,0
2024,57.6,1.17,male,other,0,0,0,1,emergency_shelter,0,0,1,0,1,1,1,0,1
2024,63.6,1.75,male,other,0,0,0,1,emergency_shelter,0,0,0,0,0,0,0,0,0
2024,48.2,2.34,male,other,0,0,0,1,other,0,0,0,0,0,0,0,1,0
2024,47.9,7.1,male,other,0,0,0,1,respite,0,0,0,0,1,0,0,0,0
2024,68.3,3.92,male,other,0,0,0,1,emergency_shelter,0,0,0,0,0,0,0,0,0
2024,24.1,28.43,male,other,0,0,0,1,emergency_shelter,1,0,0,0,0,0,0,0,1
2024,19.1,1.75,male,other,0,0,0,1,emergency_shelter,1,0,0,0,0,1,0,0,0
2024,16.3,12.76,male,other,0,0,0,1,emergency_shelter,1,0,0,0,0,1,0,1,0
2024,31.3,1.99,male,other,0,0,0,1,emergency_shelter,0,0,1,0,0,1,0,1,0
2024,33.2,1.83,male,other,0,0,0,1,emergency_shelter,0,0,0,0,1,0,0,0,0
2024,48.6,3.34,male,other,0,0,0,1,emergency_shelter,0,0,1,0,0,0,0,1,0
2024,57.3,1.2,male,other,0,0,0,1,emergency_shelter,0,0,0,0,0,0,0,0,0
2024,56.0,2.53,male,other,0,0,0,1,emergency_shelter,0,0,0,0,0,1,1,1,1
2024,55.5,2.36,male,other,0,0,0,1,emergency_shelter,0,0,0,0,0,0,0,0,0
2024,29.8,1.49,male,other,0,0,0,1,respite,0,0,1,0,1,0,1,0,0
2024,48.6,11.89,male,other,0,0,0,1,respite,0,0,0,0,0,0,0,1,1
2024,33.0,2.54,male,other,0,0,0,1,emergency_shelter,0,0,0,0,0,0,0,0,1
2024,51.6,30.0,male,other,0,0,0,1,emergency_shelter,0,0,0,0,0,0,0,0,1
2024,43.8,15.53,male,other,0,0,0,1,emergency_shelter,0,0,0,1,0,0,0,1,0
2024,55.6,1.62,male,other,0,0,0,1,emergency_shelter,0,0,0,0,0,0,0,0,0
2024,76.5,3.39,male,other,0,0,0,1,other,0,0,0,1,0,1,0,0,0
2024,42.8,4.39,male,other,0,0,0,1,emergency_shelter,0,0,0,0,0,1,0,0,0
2024,27.8,9.5,male,other,0,0,0,1,emergency_shelter,0,0,0,0,0,1,1,0,1
2024,20.4,13.98,male,other,0,0,0,1,emergency_shelter,1,0,0,1,0,0,0,1,0
2024,30.7,4.68,male,other,0,0,0,1,emergency_shelter,0,0,0,0,0,0,0,0,0
2024,58.2,1.1,male,other,0,0,0,1,emergency_shelter,0,0,0,1,0,0,0,0,0
2024,50.0,3.2,male,other,0,0,0,1,other,0,0,0,0,1,0,0,1,0
2024,46.5,13.9,male,other,0,0,0,1,emergency_shelter,0,0,0,0,1,1,0,0,0
2024,48.6,6.22,male,other,0,0,0,1,emergency_shelter,0,0,0,1,0,1,1,0,0
2024,53.3,12.6,male,other,0,0,0,1,other,0,0,0,1,0,0,0,1,0
2024,21.4,5.45,male,other,0,0,0,1,emergency_shelter,1,0,1,0,0,0,0,0,0
2024,57.0,1.12,male,other,0,0,0,1,respite,0,0,0,0,0,0,1,0,0
2024,48.7,30.0,male,other,0,0,0,1,emergency_shelter,0,0,0,0,0,0,0,0,0
2024,23.1,18.2,male,other,0,0,0,1,other,1,0,1,0,0,0,0,1,0
2024,47.9,1.38,male,other,0,0,0,1,emergency_shelter,0,0,1,0,0,0,0,0,1
2024,25.0,1.33,male,other,0,0,0,1,other,0,0,0,0,0,0,0,1,0
2024,50.4,3.7,male,other,0,0,0,1,emergency_shelter,0,0,0,0,0,0,0,1,1
2024,44.9,7.27,male,other,0,0,0,1,emergency_shelter,0,0,0,0,1,0,0,1,0
2024,29.1,2.51,male,other,0,0,0,1,emergency_shelter,0,0,0,0,0,0,0,0,0
2024,49.0,1.41,male,other,0,0,0,1,emergency_shelter,0,0,0,0,0,0,0,0,0
2024,54.6,3.44,male,other,0,0,0,1,emergency_shelter,0,0,0,0,0,0,0,0,0
2024,35.2,2.26,male,other,0,0,0,1,other,0,0,1,1,1,0,1,0,1
2024,54.2,2.34,male,other,0,0,0,1,emergency_shelter,0,0,0,0,0,1,1,1,0
2024,39.3,4.98,male,other,0,0,0,1,emergency_shelter,0,0,0,0,0,0,0,1,0
2024,55.5,13.97,male,other,0,0,0,1,emergency_shelter,0,0,0,1,1,1,0,1,1
2024,41.9,3.9,male,other,0,0,0,1,respite,0,0,0,1,0,0,1,1,0
2024,59.7,5.69,male,other,0,0,0,1,emergency_shelter,0,0,0,0,0,0,0,1,0
2024,30.4,5.21,male,other,0,0,0,1,other,0,0,0,0,0,0,0,1,0
2024,30.8,3.82,male,other,0,0,0,1,emergency_shelter,0,0,0,1,0,1,0,1,0
2024,32.2,2.13,male,other,0,0,0,1,emergency_shelter,0,0,0,0,0,0,0,1,0
2024,45.0,2.49,male,other,0,0,0,1,emergency_shelter,0,0,0,1,0,0,0,0,0
2024,41.1,2.15,male,other,0,0,0,1,emergency_shelter,0,0,0,0,0,1,1,0,0
2024,47.2,18.11,male,other,0,0,0,1,emergency_shelter,0,0,0,1,0,0,0,0,0
2024,26.9,9.86,male,other,0,0,0,1,emergency_shelter,0,0,0,0,0,0,0,0,0
2024,33.2,4.12,male,other,0,0,0,1,emergency_shelter,0,0,0,0,0,0,0,0,0
2024,61.0,17.26,male,other,0,0,0,1,emergency_shelter,0,0,0,0,0,0,0,0,0
2024,48.4,14.05,male,other,0,0,0,1,other,0,0,0,0,0,0,0,0,0
2024,52.0,20.05,male,other,0,0,0,1,emergency_shelter,0,0,0,0,0,0,0,1,0
2024,39.7,1.73,male,other,0,0,0,1,emergency_shelter,0,0,0,1,1,0,0,0,0
2024,47.4,6.29,male,other,0,0,0,1,emergency_shelter,0,0,0,0,0,0,0,0,0
2024,36.6,4.48,male,other,0,0,0,1,emergency_shelter,0,0,0,0,0,0,0,1,0
2024,17.3,6.67,male,other,0,0,0,1,emergency_shelter,1,0,0,0,0,0,0,0,0
2024,57.7,1.9,male,other,0,0,0,1,emergency_shelter,0,0,0,0,0,0,0,0,0
2024,45.8,5.82,male,other,0,0,0,1,other,0,0,0,0,0,1,0,1,0
2024,33.0,2.69,male,other,0,0,0,1,respite,0,0,0,0,0,0,0,1,0
2024,43.3,10.25,male,other,0,0,0,1,emergency_shelter,0,0,0,0,0,1,0,1,0
2024,36.7,8.52,male,other,0,0,0,1,emergency_shelter,0,0,0,1,0,0,0,0,1
2024,64.2,1.69,male,other,0,0,0,1,emergency_shelter,0,0,0,1,0,1,0,0,0
2024,52.6,1.58,male,other,0,0,0,1,respite,0,0,0,0,0,0,0,0,0
2024,27.2,6.3,male,other,0,0,0,1,emergency_shelter,0,0,0,0,0,0,1,1,0
2024,25.3,3.82,male,other,0,0,0,1,emergency_shelter,0,0,0,0,1,0,0,0,1
2024,46.7,3.89,male,other,0,0,0,1,emergency_shelter,0,0,0,0,0,0,0,0,1
2024,45.1,7.15,male,other,0,0,0,1,emergency_shelter,0,0,0,0,0,0,0,0,0
2024,50.5,11.49,male,other,0,0,0,1,emergency_shelter,0,0,0,1,1,0,1,0,1
2024,41.2,1.8,male,other,0,0,0,1,emergency_shelter,0,0,0,0,0,0,0,0,0
2024,34.2,3.87,male,other,0,0,0,1,emergency_shelter,0,0,0,0,0,1,0,0,0
2024,50.4,9.98,male,other,0,0,0,1,emergency_shelter,0,0,1,1,1,0,0,1,0
2024,51.6,12.81,male,other,0,0,0,1,emergency_shelter,0,0,0,0,0,0,0,1,1
2024,60.8,2.01,male,other,0,0,0,1,emergency_shelter,0,0,0,0,0,0,0,0,0
2024,53.5,1.3,male,other,0,0,0,1,respite,0,0,0,1,0,1,1,1,0
2024,31.5,1.77,male,other,0,0,0,1,emergency_shelter,0,0,0,1,1,0,0,0,0
2024,46.8,24.83,male,other,0,0,0,1,emergency_shelter,0,0,0,0,0,0,0,0,0
2024,39.2,3.05,male,other,0,0,0,1,emergency_shelter,0,0,0,0,0,0,0,0,0
2024,30.0,2.74,male,other,0,0,0,1,respite,0,0,0,0,0,1,0,0,0
2024,18.2,1.04,male,other,0,0,0,1,emergency_shelter,1,0,0,0,0,0,0,0,0
2024,74.7,1.14,male,other,0,0,0,1,respite,0,0,0,0,0,0,0,0,0
2024,35.4,5.35,male,other,0,0,0,1,emergency_shelter,0,0,1,0,0,0,0,0,0
2024,41.5,4.25,male,other,0,0,0,1,emergency_shelter,0,0,0,0,0,1,0,1,0
2024,46.3,4.08,male,other,0,0,0,1,other,0,0,1,0,0,0,0,0,0
2024,44.8,1.32,male,other,0,0,0,1,emergency_shelter,0,0,0,0,0,1,0,0,0
2024,15.0,2.34,male,other,0,0,0,1,emergency_shelter,1,0,0,0,1,1,1,1,0
2024,40.9,9.2,male,other,0,0,0,1,emergency_shelter,0,0,0,0,0,1,0,0,0
2024,68.0,1.55,male,other,0,0,0,1,emergency_shelter,0,0,0,0,0,0,0,1,0
2024,40.3,13.69,male,other,0,0,0,1,emergency_shelter,0,0,0,0,0,0,0,0,0
2024,66.1,1.36,male,other,0,0,0,1,emergency_shelter,0,0,0,0,0,0,0,0,1
2024,43.7,1.53,male,other,0,0,0,1,emergency_shelter,0,0,0,0,0,0,0,0,0
2024,38.3,3.17,male,other,0,0,0,1,emergency_shelter,0,0,0,0,0,0,0,1,0
2024,45.3,24.76,male,other,0,0,0,1,emergency_shelter,0,0,1,0,0,0,0,0,0
2024,43.8,2.22,male,other,0,0,0,1,respite,0,0,0,0,0,0,0,1,0
2024,43.4,5.18,male,other,0,0,0,1,emergency_shelter,0,0,0,0,0,0,0,1,0
2024,35.1,4.23,male,other,0,0,0,1,other,0,0,0,0,0,0,0,1,0
2024,24.1,1.46,male,other,0,0,0,1,emergency_shelter,1,0,0,1,0,0,1,0,0
2024,51.1,1.84,male,other,0,0,0,1,emergency_shelter,0,0,0,0,0,0,0,1,0
2024,44.6,20.58,male,other,0,0,0,1,emergency_shelter,0,0,0,0,0,0,0,0,0
2024,66.5,1.58,male,other,0,0,0,1,emergency_shelter,0,0,0,1,0,1,0,0,0
2024,42.8,5.83,male,other,0,0,0,1,emergency_shelter,0,0,0,0,0,0,0,1,0
2024,22.0,30.0,male,other,0,0,0,1,emergency_shelter,1,0,0,0,0,1,0,0,0
2024,47.7,1.35,male,other,0,0,0,1,emergency_shelter,0,0,0,0,1,0,0,0,0
2024,44.3,2.62,male,other,0,0,0,1,emergency_shelter,0,0,0,0,0,0,0,0,0
2024,37.2,1.74,male,other,0,0,0,1,emergency_shelter,0,0,0,0,0,0,0,0,1
2024,51.9,1.73,male,other,0,0,0,1,emergency_shelter,0,0,0,0,0,0,0,1,0
2024,50.2,1.35,male,other,0,0,0,1,emergency_shelter,0,0,0,0,0,0,0,1,0
2024,26.5,5.05,male,other,0,0,0,1,emergency_shelter,0,0,0,0,0,0,0,0,0
2024,36.7,6.98,male,other,0,0,0,1,emergency_shelter,0,0,0,0,0,0,0,1,1
2024,58.6,5.49,male,other,0,0,0,1,other,0,0,0,0,1,1,0,0,0
2024,29.5,19.42,male,other,0,0,0,1,respite,0,0,0,0,0,0,0,0,0
2024,40.8,1.44,male,other,0,0,0,1,emergency_shelter,0,0,0,0,0,1,1,1,0
2024,46.4,2.17,male,other,0,0,0,1,emergency_shelter,0,0,0,0,0,0,0,1,0
2024,27.1,2.3,male,other,0,0,0,1,emergency_shelter,0,0,0,0,0,0,0,1,0
2024,41.9,1.77,male,other,0,0,0,1,emergency_shelter,0,0,0,0,0,0,0,0,0
2024,41.4,1.43,male,other,0,0,0,1,other,0,0,0,0,0,0,0,0,0
2024,38.7,3.24,male,other,0,0,0,1,emergency_shelter,0,0,0,0,0,1,1,0,0
2024,21.8,10.27,male,other,0,0,0,1,emergency_shelter,1,0,0,1,0,1,0,0,0
2024,43.2,28.4,male,other,0,0,0,1,emergency_shelter,0,0,0,0,0,1,0,0,0
2024,34.6,1.39,male,other,0,0,0,1,emergency_shelter,0,0,1,0,0,0,0,1,0
2024,58.2,9.7,male,other,0,0,0,1,emergency_shelter,0,0,0,0,0,0,0,0,0
2024,49.1,9.76,male,other,0,0,0,1,emergency_shelter,0,0,0,0,0,0,0,1,1
2024,32.4,2.56,male,other,0,0,0,1,emergency_shelter,0,0,0,0,0,0,0,1,0
2024,37.7,1.32,male,other,0,0,0,1,emergency_shelter,0,0,0,1,1,1,0,1,0
2024,45.0,30.0,male,other,0,0,0,1,emergency_shelter,0,0,0,0,0,0,0,0,0
2024,37.7,5.14,male,other,0,0,0,1,emergency_shelter,0,0,0,0,0,0,0,0,0
2024,22.0,30.0,male,other,0,0,0,1,emergency_shelter,1,0,0,0,0,0,0,0,0
2024,47.3,3.21,male,other,0,0,0,1,emergency_shelter,0,0,1,1,0,0,0,1,1
2024,50.6,2.59,male,other,0,0,0,1,emergency_shelter,0,0,0,0,0,0,0,0,0
2024,53.6,1.83,male,other,0,0,0,1,emergency_shelter,0,0,0,0,0,0,0,0,0
2024,56.4,30.0,male,other,0,0,0,1,emergency_shelter,0,0,0,0,0,0,0,0,0
2024,31.6,1.86,male,other,0,0,0,1,emergency_shelter,0,0,1,0,1,0,1,1,1
2024,54.2,1.06,male,other,0,0,0,1,emergency_shelter,0,0,0,1,1,0,1,1,0
2024,27.2,3.46,male,other,0,0,0,1,emergency_shelter,0,0,0,0,0,0,0,1,0
2024,48.2,2.48,male,other,0,0,0,1,emergency_shelter,0,0,0,0,0,0,0,0,0
2024,33.3,1.9,male,other,0,0,0,1,emergency_shelter,0,0,0,0,0,1,1,0,0
2024,49.1,4.83,male,other,0,0,0,1,emergency_shelter,0,0,0,1,0,0,0,0,0
2024,22.1,2.41,male,other,0,0,0,1,emergency_shelter,1,0,0,0,0,0,0,0,0
2024,50.8,2.64,male,other,0,0,0,1,emergency_shelter,0,0,0,0,0,0,0,1,0
2024,32.2,1.06,male,other,0,0,0,1,respite,0,0,0,0,0,0,0,0,0
2024,50.0,4.24,male,other,0,0,0,1,emergency_shelter,0,0,0,1,0,0,0,1,0
2024,48.5,1.36,male,other,0,0,0,1,emergency_shelter,0,0,0,0,0,0,0,0,0
2024,48.6,1.7,male,other,0,0,0,1,emergency_shelter,0,0,0,1,0,0,0,0,0
2024,43.9,6.28,male,other,0,0,0,1,emergency_shelter,0,0,0,1,0,0,0,1,0
2024,26.9,2.14,male,other,0,0,0,1,emergency_shelter,0,0,1,0,1,1,1,0,0
2024,64.1,1.5,male,other,0,0,0,1,emergency_shelter,0,0,0,0,0,0,1,0,0
2024,41.4,4.1,male,other,0,0,0,1,emergency_shelter,0,0,0,0,0,0,0,0,0
2024,41.4,1.7,male,other,0,0,0,1,emergency_shelter,0,0,0,0,0,1,0,1,0
2024,62.6,1.94,male,other,0,0,0,1,emergency_shelter,0,0,1,0,1,0,1,0,1
2024,30.8,4.64,male,other,0,0,0,1,emergency_shelter,0,0,1,0,0,0,0,1,0
2024,42.6,6.82,male,other,0,0,0,1,emergency_shelter,0,0,0,0,0,0,0,1,0
2024,45.6,6.81,male,other,0,0,0,1,emergency_shelter,0,0,0,0,0,0,1,0,0
2024,40.0,3.2,male,other,0,0,0,1,emergency_shelter,0,0,0,0,0,0,0,0,0
2024,47.1,2.99,male,other,0,0,0,1,emergency_shelter,0,0,0,0,0,0,0,0,0
2024,35.1,8.24,male,other,0,0,0,1,emergency_shelter,0,0,0,0,0,0,0,0,0
2024,42.3,1.61,male,other,0,0,0,1,emergency_shelter,0,0,0,0,0,1,1,0,0
2024,45.1,1.47,male,other,0,0,0,1,emergency_shelter,0,0,1,0,0,1,0,0,0
2024,62.4,5.29,male,other,0,0,0,1,emergency_shelter,0,0,0,0,0,0,0,0,0
2024,66.4,2.68,male,other,0,0,0,1,respite,0,0,0,0,0,1,0,0,0
2024,45.6,6.13,male,other,0,0,0,1,other,0,0,0,0,0,1,0,1,0
2024,60.0,1.87,male,other,0,0,0,1,emergency_shelter,0,0,1,1,1,1,0,1,0
2024,33.1,2.2,male,other,0,0,0,1,emergency_shelter,0,0,0,0,1,1,0,1,0
2024,74.8,15.17,male,other,0,0,0,1,emergency_shelter,0,0,0,1,0,0,0,1,1
2024,39.8,2.76,male,other,0,0,0,1,emergency_shelter,0,0,0,1,0,0,0,0,0
2024,42.8,4.26,male,other,0,0,0,1,emergency_shelter,0,0,0,0,0,0,0,1,0
2024,50.7,1.31,male,other,0,0,0,1,emergency_shelter,0,0,0,0,0,1,0,0,0
2024,55.2,1.56,male,other,0,0,0,1,emergency_shelter,0,0,0,0,0,0,0,0,0
2024,40.8,1.1,male,other,0,0,0,1,emergency_shelter,0,0,0,1,0,1,1,1,0
2024,15.1,2.78,male,other,0,0,0,1,emergency_shelter,1,0,0,0,1,0,0,1,0
2024,52.4,30.0,male,other,0,0,0,1,emergency_shelter,0,0,0,0,0,0,0,0,0
2024,30.5,12.9,male,other,0,0,0,1,emergency_shelter,0,0,0,0,0,0,0,0,0
2024,54.1,4.8,male,other,0,0,0,1,emergency_shelter,0,0,0,0,0,1,0,0,0
2024,53.8,11.91,male,other,0,0,0,1,other,0,0,0,0,0,0,0,0,0
2024,45.9,4.3,male,other,0,0,0,1,emergency_shelter,0,0,0,0,0,1,0,0,0
2024,55.9,2.44,male,other,0,0,0,1,emergency_shelter,0,0,0,0,0,0,0,0,1
2024,36.4,1.54,male,other,0,0,0,1,emergency_shelter,0,0,0,1,1,1,1,0,0
2024,62.5,5.1,male,other,0,0,0,1,emergency_shelter,0,0,0,1,0,1,0,0,0
2024,45.5,1.61,male,other,0,0,0,1,emergency_shelter,0,0,1,0,0,0,0,1,0
2024,40.6,2.73,male,other,0,0,0,1,emergency_shelter,0,0,0,1,0,0,0,1,0
2024,59.2,9.82,male,other,0,0,0,1,emergency_shelter,0,0,0,0,0,0,0,0,0
2024,33.9,1.39,male,other,0,0,0,1,other,0,0,0,1,0,0,0,1,0
2024,15.0,1.39,male,other,0,0,0,1,respite,1,0,0,0,0,0,0,1,0
2024,25.8,1.74,male,other,0,0,0,1,emergency_shelter,0,0,0,0,0,0,0,0,0
2024,63.3,3.83,male,other,0,0,0,1,respite,0,0,0,0,0,0,0,0,0
2024,46.7,1.85,male,other,0,0,0,1,emergency_shelter,0,0,0,0,0,0,0,1,0
2024,45.6,3.38,male,other,0,0,0,1,emergency_shelter,0,0,0,1,0,0,0,0,0
2024,56.0,2.08,male,other,0,0,0,1,emergency_shelter,0,0,0,1,0,0,0,1,0
2024,47.4,3.4,male,other,0,0,0,1,emergency_shelter,0,0,0,0,0,0,0,0,0
2024,39.4,1.97,male,other,0,0,0,1,emergency_shelter,0,0,0,0,0,0,0,0,0
2024,37.1,30.0,male,other,0,0,0,1,respite,0,0,0,1,0,1,1,1,0
2024,26.8,3.29,male,other,0,0,0,1,emergency_shelter,0,0,0,0,0,0,1,0,0
2024,28.3,6.91,male,other,0,0,0,1,other,0,0,0,0,0,0,0,0,1
2024,45.7,5.94,male,other,0,0,0,1,emergency_shelter,0,0,0,0,0,0,0,0,0
2024,41.1,3.27,male,other,0,0,0,1,emergency_shelter,0,0,1,0,0,0,0,1,0
2024,50.1,1.8,male,other,0,0,0,1,emergency_shelter,0,0,0,0,0,0,1,1,0
2024,42.0,3.44,male,other,0,0,0,1,respite,0,0,0,0,0,1,0,0,0
2024,28.3,5.57,male,other,0,0,0,1,emergency_shelter,0,0,0,0,0,0,0,0,0
2024,46.7,3.03,male,other,0,0,0,1,emergency_shelter,0,0,0,0,0,0,0,0,0
2024,45.8,1.23,male,other,0,0,0,1,emergency_shelter,0,0,0,0,0,1,0,0,0
2024,43.5,1.05,male,other,0,0,0,1,emergency_shelter,0,0,0,0,0,0,0,0,0
2024,45.4,2.21,male,other,0,0,0,1,emergency_shelter,0,0,0,0,0,0,0,0,0
2024,70.8,1.46,male,other,0,0,0,1,emergency_shelter,0,0,0,0,0,0,1,0,0
2024,26.5,16.37,male,other,0,0,0,1,emergency_shelter,0,0,0,0,0,1,0,0,0
2024,29.8,1.55,male,other,0,0,0,1,emergency_shelter,0,0,0,0,0,0,0,0,0
2024,19.4,2.59,male,other,0,0,0,1,emergency_shelter,1,0,0,0,0,0,0,0,1
2024,44.5,6.17,male,other,0,0,0,1,emergency_shelter,0,0,0,1,0,0,0,0,0
2024,16.1,9.34,male,other,0,0,0,1,respite,1,0,0,0,1,0,0,0,0
2024,46.4,3.17,male,other,0,0,0,1,emergency_shelter,0,0,0,1,0,0,0,1,0
2024,42.4,1.57,male,other,0,0,0,1,emergency_shelter,0,0,0,0,0,0,0,0,0
2024,35.2,1.94,male,other,0,0,0,1,emergency_shelter,0,0,0,0,0,0,0,0,0
2024,49.8,2.74,male,other,0,0,0,1,other,0,0,0,1,0,0,1,1,0
2024,47.4,2.41,male,other,0,0,0,1,emergency_shelter,0,0,0,0,0,0,0,1,0
2024,65.7,2.32,male,other,0,0,0,1,emergency_shelter,0,0,0,0,0,0,0,0,0
2024,51.8,1.4,male,other,0,0,0,1,respite,0,0,0,0,0,0,0,0,0
2024,42.4,17.42,male,other,0,0,0,1,emergency_shelter,0,0,0,0,0,0,0,0,0
2024,15.0,1.08,male,other,0,0,0,1,emergency_shelter,1,0,0,1,0,1,0,1,0
2024,56.2,2.89,male,other,0,0,0,1,emergency_shelter,0,0,0,0,0,1,0,0,0
2024,56.4,30.0,male,other,0,0,0,1,emergency_shelter,0,0,0,0,0,1,0,1,0
2024,61.8,5.21,male,other,0,0,0,1,emergency_shelter,0,0,0,1,0,0,0,1,1
2024,15.0,2.36,male,other,0,0,0,1,respite,1,0,1,0,0,0,1,0,0
2024,46.1,1.44,male,other,0,0,0,1,emergency_shelter,0,0,0,0,0,0,0,0,0
2024,52.5,30.0,male,other,0,0,0,1,emergency_shelter,0,0,0,0,0,0,0,0,0
2024,60.1,1.04,male,other,0,0,0,1,emergency_shelter,0,0,0,0,0,0,0,1,0
2024,51.7,5.57,male,other,0,0,0,1,emergency_shelter,0,0,0,0,0,0,0,0,1
2024,44.1,13.45,male,other,0,0,0,1,emergency_shelter,0,0,0,0,0,0,1,0,0
2024,29.0,1.07,male,other,0,0,0,1,emergency_shelter,0,0,0,0,0,1,0,1,0
2024,41.6,6.46,male,other,0,0,0,1,emergency_shelter,0,0,0,0,0,0,0,0,0
2024,48.7,30.0,male,other,0,0,0,1,emergency_shelter,0,0,0,0,0,0,0,0,1
2024,54.2,4.9,male,other,0,0,0,1,emergency_shelter,0,0,1,0,0,0,0,1,1
2024,21.0,2.72,male,other,0,0,0,1,respite,1,0,0,0,0,0,0,0,0
2024,47.4,12.95,male,other,0,0,0,1,emergency_shelter,0,0,0,0,1,0,0,0,0
2024,22.6,3.85,male,other,0,0,0,1,emergency_shelter,1,0,0,1,0,0,0,1,0
2024,47.0,7.06,male,other,0,0,0,1,emergency_shelter,0,0,0,0,0,0,0,1,0
2024,27.2,4.22,male,other,0,0,0,1,emergency_shelter,0,0,0,0,1,1,0,0,0
2024,23.0,1.11,male,other,0,0,0,1,emergency_shelter,1,0,0,1,0,1,1,0,0
2024,68.6,1.69,male,other,0,0,0,1,emergency_shelter,0,0,1,1,1,0,1,0,1
2024,23.9,1.22,male,other,0,0,0,1,emergency_shelter,1,0,0,1,0,0,1,0,0
2024,34.3,1.31,male,other,0,0,0,1,respite,0,0,0,0,0,0,1,1,1
2024,42.9,1.04,male,other,0,0,0,1,emergency_shelter,0,0,0,0,0,0,0,1,0
2024,15.0,2.76,male,other,0,0,0,1,emergency_shelter,1,0,0,0,0,0,0,0,0
2024,54.2,1.56,male,other,0,0,0,1,emergency_shelter,0,0,0,0,1,0,0,1,0
2024,33.4,11.54,male,other,0,0,0,1,emergency_shelter,0,0,0,0,0,0,0,0,0
2024,29.0,7.08,male,other,0,0,0,1,emergency_shelter,0,0,0,1,0,0,0,1,0
2024,56.2,4.06,male,other,0,0,0,1,emergency_shelter,0,0,0,0,1,1,0,0,1
2024,24.5,3.26,male,other,0,0,0,1,emergency_shelter,1,0,0,0,0,1,0,0,0
2024,49.5,1.87,male,other,0,0,0,1,emergency_shelter,0,0,0,1,0,1,0,0,0
2024,43.6,3.15,male,other,0,0,0,1,emergency_shelter,0,0,0,0,1,0,0,0,0
2024,44.0,4.92,male,other,0,0,0,1,emergency_shelter,0,0,1,0,1,1,0,0,0
2024,42.4,8.05,male,other,0,0,0,1,emergency_shelter,0,0,0,0,0,0,0,0,0
2024,45.0,1.23,male,other,0,0,0,1,emergency_shelter,0,0,0,1,1,0,0,1,0
2024,15.0,6.1,male,other,0,0,0,1,emergency_shelter,1,0,0,1,0,0,0,0,0
2024,31.0,6.89,male,other,0,0,0,1,emergency_shelter,0,0,0,0,0,0,0,0,0
2024,30.4,3.9,male,other,0,0,0,1,emergency_shelter,0,0,0,1,0,0,0,0,0
2024,58.7,1.7,male,other,0,0,0,1,emergency_shelter,0,0,0,1,0,0,1,1,1
2024,45.5,3.7,male,other,0,0,0,1,emergency_shelter,0,0,0,0,0,0,0,0,0
2024,43.4,3.37,male,other,0,0,0,1,respite,0,0,0,0,0,0,0,0,1
2024,69.2,3.15,male,other,0,0,0,1,emergency_shelter,0,0,0,0,1,0,1,0,0
2024,15.0,3.04,male,other,0,0,0,1,emergency_shelter,1,0,1,0,0,0,0,0,0
2024,63.0,1.33,male,other,0,0,0,1,emergency_shelter,0,0,0,0,0,0,0,0,0
2024,43.4,1.58,male,other,0,0,0,1,emergency_shelter,0,0,0,0,0,0,0,0,1
2024,32.7,1.28,male,other,0,0,0,1,emergency_shelter,0,0,0,0,0,0,0,1,0
2024,35.8,1.81,male,other,0,0,0,1,emergency_shelter,0,0,0,0,0,0,0,1,0
2024,36.3,1.9,male,other,0,0,0,1,emergency_shelter,0,0,1,1,1,0,0,1,0
2024,61.2,2.56,male,other,0,0,0,0,other,0,0,0,0,0,0,0,1,0
2024,49.8,0.85,male,other,0,0,0,0,respite,0,0,0,0,0,0,0,1,0
2024,27.8,1.41,male,other,0,0,0,0,emergency_shelter,0,0,0,1,0,0,1,1,1
2024,32.5,0.29,male,other,0,0,0,0,other,0,0,0,1,0,1,0,1,0
2024,43.2,0.12,male,other,0,0,0,0,emergency_shelter,0,0,0,0,0,0,0,0,0
2024,47.9,3.39,male,other,0,0,0,0,emergency_shelter,0,0,0,0,0,1,1,0,0
2024,43.1,0.64,male,other,0,0,0,0,emergency_shelter,0,0,0,0,0,0,0,1,0
2024,38.2,0.69,male,other,0,0,0,0,emergency_shelter,0,0,0,0,0,0,0,0,0
2024,29.9,3.36,male,other,0,0,0,0,emergency_shelter,0,0,0,1,1,0,1,1,1
2024,52.7,1.97,male,other,0,0,0,0,emergency_shelter,0,0,0,0,0,0,0,1,0
2024,57.2,2.26,male,other,0,0,0,0,emergency_shelter,0,0,0,0,0,0,0,0,0
2024,32.1,1.83,male,other,0,0,0,0,emergency_shelter,0,0,1,1,1,1,1,0,1
2024,33.6,0.18,male,other,0,0,0,0,emergency_shelter,0,0,0,0,0,0,0,0,0
2024,49.8,5.07,male,other,0,0,0,0,emergency_shelter,0,0,0,0,0,0,0,1,0
2024,42.6,3.84,male,other,0,0,0,0,emergency_shelter,0,0,0,0,0,1,1,1,0
2024,48.4,0.43,male,other,0,0,0,0,emergency_shelter,0,0,0,0,0,0,0,0,0
2024,44.0,2.61,male,other,0,0,0,0,emergency_shelter,0,0,0,1,0,0,0,1,0
2024,45.5,0.84,male,other,0,0,0,0,emergency_shelter,0,0,0,0,0,0,0,1,0
2024,34.5,1.84,male,other,0,0,0,0,emergency_shelter,0,0,0,0,1,0,1,1,0
2024,15.0,0.29,male,other,0,0,0,0,emergency_shelter,1,0,0,0,0,0,0,1,0
2024,42.9,1.24,male,other,0,0,0,0,emergency_shelter,0,0,0,0,1,1,1,1,1
2024,49.9,0.22,male,other,0,0,0,0,emergency_shelter,0,0,0,0,0,1,0,0,0
2024,44.2,1.23,male,other,0,0,0,0,emergency_shelter,0,0,0,0,0,0,0,0,0
2024,29.8,0.45,male,other,0,0,0,0,other,0,0,0,1,0,1,0,0,0
2024,32.1,0.96,male,other,0,0,0,0,emergency_shelter,0,0,0,0,0,0,0,0,0
2024,74.6,1.76,male,other,0,0,0,0,emergency_shelter,0,0,0,0,1,0,0,0,0
2024,45.2,3.35,male,other,0,0,0,0,emergency_shelter,0,0,0,0,0,0,0,0,1
2024,15.0,0.29,male,other,0,0,0,0,emergency_shelter,1,0,0,0,1,0,0,0,1
2024,32.2,3.58,male,other,0,0,0,0,emergency_shelter,0,0,0,1,0,0,0,1,1
2024,37.2,0.79,male,other,0,0,0,0,emergency_shelter,0,0,1,1,0,0,0,1,1
2024,22.9,2.97,male,other,0,0,0,0,emergency_shelter,1,0,0,0,0,0,0,0,0
2024,38.4,1.15,male,other,0,0,0,0,emergency_shelter,0,0,0,0,0,0,0,1,0
2024,33.3,3.17,male,other,0,0,0,0,emergency_shelter,0,0,0,0,0,0,0,1,0
2024,43.0,1.74,male,other,0,0,0,0,emergency_shelter,0,0,0,1,1,1,1,0,1
2024,36.2,1.14,male,other,0,0,0,0,emergency_shelter,0,0,0,0,0,0,0,1,1
2024,30.4,0.6,male,other,0,0,0,0,emergency_shelter,0,0,0,0,0,1,0,0,0
2024,35.5,5.55,male,other,0,0,0,0,emergency_shelter,0,0,0,0,0,1,0,0,0
2024,52.1,2.58,male,other,0,0,0,0,emergency_shelter,0,0,0,0,0,0,0,0,0
2024,41.1,0.77,male,other,0,0,0,0,emergency_shelter,0,0,0,0,0,0,0,0,0
2024,37.2,0.29,male,other,0,0,0,0,emergency_shelter,0,0,0,0,0,1,0,1,1
2024,45.2,2.42,male,other,0,0,0,0,emergency_shelter,0,0,0,0,0,0,0,1,1
2024,40.2,7.36,male,other,0,0,0,0,emergency_shelter,0,0,0,0,0,0,0,0,0
2024,24.7,0.52,male,other,0,0,0,0,emergency_shelter,1,0,0,1,0,0,0,1,0
2024,49.8,3.96,male,other,0,0,0,0,emergency_shelter,0,0,1,0,0,0,0,0,0
2024,31.5,0.21,male,other,0,0,0,0,respite,0,0,0,0,0,0,1,1,0
2024,35.4,4.87,male,other,0,0,0,0,emergency_shelter,0,0,0,0,0,0,0,0,0
2024,19.0,2.19,male,other,0,0,0,0,emergency_shelter,1,0,0,0,0,0,0,1,0
2024,51.7,0.68,male,other,0,0,0,0,emergency_shelter,0,0,0,0,0,0,0,1,0
2024,42.0,0.58,male,other,0,0,0,0,emergency_shelter,0,0,0,0,0,1,0,1,1
2024,44.2,1.65,male,other,0,0,0,0,emergency_shelter,0,0,0,1,0,0,0,1,1
2024,51.6,1.44,male,other,0,0,0,0,emergency_shelter,0,0,0,0,0,0,0,0,0
2024,51.7,4.02,male,other,0,0,0,0,emergency_shelter,0,0,0,0,0,0,0,0,0
2024,30.4,2.33,male,other,0,0,0,0,emergency_shelter,0,0,0,0,0,0,0,0,0
2024,40.4,1.24,male,other,0,0,0,0,emergency_shelter,0,0,0,1,0,0,1,1,0
2024,39.0,4.2,male,other,0,0,0,0,emergency_shelter,0,0,0,0,0,0,0,1,0
2024,37.7,1.44,male,other,0,0,0,0,emergency_shelter,0,0,0,1,0,0,0,0,0
2024,29.0,3.03,male,other,0,0,0,0,other,0,0,0,0,0,0,0,0,0
2024,60.2,2.94,male,other,0,0,0,0,emergency_shelter,0,0,0,0,0,0,1,1,0
2024,54.4,4.03,male,other,0,0,0,0,emergency_shelter,0,0,0,0,0,0,1,0,0
2024,46.4,0.11,male,other,0,0,0,0,other,0,0,1,1,0,1,1,1,1
2024,59.2,1.4,male,other,0,0,0,0,emergency_shelter,0,0,1,0,0,0,0,0,0
2024,46.9,1.01,male,other,0,0,0,0,emergency_shelter,0,0,0,0,0,0,0,0,0
2024,36.0,1.08,male,other,0,0,0,0,emergency_shelter,0,0,0,1,1,1,0,0,0
2024,34.3,0.99,male,other,0,0,0,0,emergency_shelter,0,0,0,0,0,0,0,1,1
2024,45.6,2.91,male,other,0,0,0,0,emergency_shelter,0,0,0,0,0,0,0,0,0
2024,20.9,0.61,male,other,0,0,0,0,emergency_shelter,1,0,0,0,0,1,0,0,0
2024,52.4,0.99,male,other,0,0,0,0,emergency_shelter,0,0,1,1,0,0,0,0,0
2024,17.4,0.36,male,other,0,0,0,0,emergency_shelter,1,0,0,0,0,0,0,1,0
2024,55.7,0.46,male,other,0,0,0,0,emergency_shelter,0,0,0,0,0,0,0,1,0
2024,47.2,1.73,male,other,0,0,0,0,emergency_shelter,0,0,0,0,0,0,0,1,0
2024,67.5,0.2,male,other,0,0,0,0,emergency_shelter,0,0,0,0,0,0,0,0,0
2024,42.8,0.33,male,other,0,0,0,0,emergency_shelter,0,0,1,0,0,0,0,0,0
2024,49.4,1.2,male,other,0,0,0,0,emergency_shelter,0,0,0,0,0,0,0,0,0
2024,50.0,0.07,male,other,0,0,0,0,emergency_shelter,0,0,0,1,0,0,1,0,0
2024,27.8,0.22,male,other,0,0,0,0,emergency_shelter,0,0,0,0,1,0,0,0,0
2024,25.3,3.18,male,other,0,0,0,0,respite,0,0,0,0,0,0,0,0,0
2024,27.2,2.99,male,other,0,0,0,0,emergency_shelter,0,0,0,1,0,0,0,0,0
2024,39.8,0.68,male,other,0,0,0,0,other,0,0,0,0,0,0,0,1,0
2024,40.1,0.68,male,other,0,0,0,0,emergency_shelter,0,0,0,0,0,1,0,1,0
2024,40.7,4.41,male,other,0,0,0,0,emergency_shelter,0,0,0,0,0,0,1,1,0
2024,47.2,0.05,male,other,0,0,0,0,respite,0,0,0,1,0,1,1,0,0
2024,29.8,1.39,male,other,0,0,0,0,respite,0,0,1,0,1,0,0,0,0
2024,52.0,1.46,male,other,0,0,0,0,emergency_shelter,0,0,0,1,0,0,0,0,0
2024,46.3,2.48,male,other,0,0,0,0,emergency_shelter,0,0,0,0,0,0,0,0,0
2024,62.4,4.85,male,other,0,0,0,0,emergency_shelter,0,0,0,0,0,0,0,1,1
2024,46.3,0.7,male,other,0,0,0,0,respite,0,0,0,1,0,1,1,1,0
2024,39.3,0.92,male,other,0,0,0,0,emergency_shelter,0,0,0,0,0,1,0,0,0
2024,70.3,1.78,male,other,0,0,0,0,respite,0,0,0,0,1,0,0,0,0
2024,39.1,5.47,male,other,0,0,0,0,emergency_shelter,0,0,0,0,0,0,0,0,0
2024,44.3,3.54,male,other,0,0,0,0,emergency_shelter,0,0,0,1,0,0,0,0,0
2024,46.3,1.76,male,other,0,0,0,0,emergency_shelter,0,0,0,0,0,0,0,0,0
2024,53.3,3.11,male,other,0,0,0,0,respite,0,0,0,0,0,0,0,0,0
2024,41.4,0.14,male,other,0,0,0,0,respite,0,0,0,1,0,1,0,0,0
2024,79.0,0.76,male,other,0,0,0,0,emergency_shelter,0,0,0,0,1,0,0,0,0
2024,32.2,0.05,male,other,0,0,0,0,emergency_shelter,0,0,0,0,0,0,0,1,0
2024,61.1,0.31,male,other,0,0,0,0,emergency_shelter,0,0,1,0,0,0,0,0,0
2024,19.8,1.59,male,other,0,0,0,0,emergency_shelter,1,0,0,0,0,0,1,0,0
2024,26.5,3.47,male,other,0,0,0,0,emergency_shelter,0,0,0,0,0,0,0,0,0
2024,18.4,1.6,male,other,0,0,0,0,emergency_shelter,1,0,0,0,0,0,0,0,0
2024,27.3,1.75,male,other,0,0,0,0,respite,0,0,0,0,0,0,0,1,0
2024,17.3,0.18,male,other,0,0,0,0,emergency_shelter,1,0,1,1,1,1,1,1,0
2024,41.7,1.75,male,other,0,0,0,0,emergency_shelter,0,0,0,0,0,0,1,1,0
2024,27.7,0.97,male,other,0,0,0,0,emergency_shelter,0,0,1,0,1,0,1,0,0
2024,61.4,1.69,male,other,0,0,0,0,emergency_shelter,0,0,0,1,0,0,0,1,0
2024,47.3,0.63,male,other,0,0,0,0,other,0,0,0,0,0,0,0,0,0
2024,41.2,1.39,male,other,0,0,0,0,respite,0,0,0,0,1,1,0,0,1
2024,44.0,0.88,male,other,0,0,0,0,emergency_shelter,0,0,0,0,0,0,0,0,1
2024,49.3,1.31,male,other,0,0,0,0,emergency_shelter,0,0,0,0,0,1,0,1,0
2024,56.9,0.25,male,other,0,0,0,0,emergency_shelter,0,0,0,0,0,0,0,0,0
2024,33.3,0.81,male,other,0,0,0,0,emergency_shelter,0,0,0,0,0,0,0,0,1
2024,30.7,0.75,male,other,0,0,0,0,emergency_shelter,0,0,0,1,0,1,1,1,0
2024,46.0,2.13,male,other,0,0,0,0,emergency_shelter,0,0,0,0,0,0,0,0,0
2024,62.2,1.96,male,other,0,0,0,0,respite,0,0,1,0,1,1,0,1,0
2024,21.2,3.83,male,other,0,0,0,0,emergency_shelter,1,0,1,0,0,0,1,1,0
2024,45.8,1.6,male,other,0,0,0,0,other,0,0,0,0,0,0,0,0,0
2024,58.3,0.6,male,other,0,0,0,0,emergency_shelter,0,0,0,1,0,0,0,0,0
2024,48.9,2.45,male,other,0,0,0,0,respite,0,0,0,0,0,0,0,0,1
2024,44.9,1.1,male,other,0,0,0,0,emergency_shelter,0,0,0,0,0,0,0,0,0
2024,47.8,0.34,male,other,0,0,0,0,emergency_shelter,0,0,0,0,0,1,1,0,0
2024,65.5,2.2,male,other,0,0,0,0,emergency_shelter,0,0,0,0,0,0,0,0,0
2024,51.4,0.23,male,other,0,0,0,0,respite,0,0,0,1,0,0,0,1,0
2024,18.5,0.31,male,other,0,0,0,0,emergency_shelter,1,0,0,0,0,0,0,0,0
2024,39.1,2.28,male,other,0,0,0,0,emergency_shelter,0,0,0,0,0,0,0,0,0
2024,41.5,2.35,male,other,0,0,0,0,respite,0,0,0,0,0,1,0,0,0
2024,54.6,2.5,male,other,0,0,0,0,emergency_shelter,0,0,0,0,0,0,0,1,1
2024,41.4,0.56,male,other,0,0,0,0,emergency_shelter,0,0,1,0,0,0,1,1,1
2024,40.5,3.22,male,other,0,0,0,0,emergency_shelter,0,0,0,0,0,0,0,1,0
2024,40.8,2.05,male,other,0,0,0,0,emergency_shelter,0,0,0,0,1,1,1,0,0
2024,43.6,2.87,male,other,0,0,0,0,emergency_shelter,0,0,1,1,0,1,0,1,1
2024,38.9,1.97,male,other,0,0,0,0,emergency_shelter,0,0,0,0,0,0,0,0,0
2024,34.4,1.39,male,other,0,0,0,0,emergency_shelter,0,0,0,1,0,0,0,1,0
2024,38.2,0.19,male,other,0,0,0,0,emergency_shelter,0,0,0,0,1,1,1,1,0
2024,44.5,1.99,male,other,0,0,0,0,emergency_shelter,0,0,0,0,0,0,0,0,0
2024,48.9,1.88,male,other,0,0,0,0,emergency_shelter,0,0,0,1,0,0,0,0,0
2024,78.5,0.6,male,other,0,0,0,0,respite,0,0,0,1,0,1,0,0,1
2024,21.6,2.13,male,other,0,0,0,0,emergency_shelter,1,0,0,0,0,0,0,0,0
2024,48.5,1.28,male,other,0,0,0,0,other,0,0,0,1,0,0,0,0,0
2024,60.9,1.31,male,other,0,0,0,0,emergency_shelter,0,0,0,0,0,0,0,1,0
2024,29.4,0.73,male,other,0,0,0,0,emergency_shelter,0,0,0,0,1,1,0,0,0
2024,49.8,0.2,male,other,0,0,0,0,emergency_shelter,0,0,0,0,0,0,0,1,0
2024,35.1,0.39,male,other,0,0,0,0,emergency_shelter,0,0,1,0,0,1,0,0,1
2024,33.0,2.34,male,other,0,0,0,0,emergency_shelter,0,0,0,0,1,0,0,1,0
2024,30.0,0.51,male,other,0,0,0,0,emergency_shelter,0,0,0,0,0,0,0,1,0
2024,39.0,0.05,male,other,0,0,0,0,respite,0,0,0,0,0,0,0,1,0
2024,38.4,8.0,male,other,0,0,0,0,emergency_shelter,0,0,0,0,1,0,0,0,0
2024,50.8,0.38,male,other,0,0,0,0,emergency_shelter,0,0,1,1,0,1,0,1,0
2024,20.0,1.7,male,other,0,0,0,0,respite,1,0,0,0,1,1,0,0,1
2024,52.1,4.19,male,other,0,0,0,0,emergency_shelter,0,0,0,0,0,0,0,0,0
2024,51.8,1.46,male,other,0,0,0,0,emergency_shelter,0,0,1,0,0,0,0,0,1
2024,44.6,2.57,male,other,0,0,0,0,emergency_shelter,0,0,0,0,0,0,0,0,1
2024,72.3,5.99,male,other,0,0,0,0,emergency_shelter,0,0,0,0,0,0,1,1,0
2024,57.5,3.15,male,other,0,0,0,0,emergency_shelter,0,0,0,1,0,0,0,0,0
2024,33.2,1.31,male,other,0,0,0,0,emergency_shelter,0,0,0,0,0,1,1,1,1
2024,23.6,0.72,male,other,0,0,0,0,emergency_shelter,1,0,0,0,0,1,0,1,0
2024,30.6,1.05,male,other,0,0,0,0,emergency_shelter,0,0,0,0,0,0,0,0,0
2024,32.1,2.95,male,other,0,0,0,0,emergency_shelter,0,0,0,0,0,0,0,0,0
2024,15.0,3.07,male,other,0,0,0,0,emergency_shelter,1,0,0,0,0,0,0,0,0
2024,47.2,2.99,male,other,0,0,0,0,emergency_shelter,0,0,0,0,0,0,0,0,0
2024,21.8,1.46,male,other,0,0,0,0,other,1,0,0,0,0,1,1,0,0
2024,43.5,1.04,male,other,0,0,0,0,emergency_shelter,0,0,0,0,0,0,0,0,1
2024,53.4,0.6,male,other,0,0,0,0,emergency_shelter,0,0,0,0,0,0,0,1,0
2024,59.8,0.05,male,other,0,0,0,0,emergency_shelter,0,0,0,0,0,1,0,1,0
2024,36.7,2.31,male,other,0,0,0,0,emergency_shelter,0,0,0,0,0,0,1,1,0
2024,30.2,0.52,male,other,0,0,0,0,emergency_shelter,0,0,0,0,0,0,0,0,0
2024,58.9,0.64,male,other,0,0,0,0,emergency_shelter,0,0,0,0,1,0,0,1,0
2024,61.3,2.97,male,other,0,0,0,0,emergency_shelter,0,0,0,0,1,1,0,0,0
2024,49.8,0.09,male,other,0,0,0,0,other,0,0,0,0,0,0,0,1,0
2024,30.5,4.2,male,other,0,0,0,0,emergency_shelter,0,0,0,1,0,0,0,1,0
2024,21.8,0.05,male,other,0,0,0,0,emergency_shelter,1,0,0,0,0,0,0,0,0
2024,55.9,4.48,male,other,0,0,0,0,emergency_shelter,0,0,0,0,0,0,0,0,0
2024,39.4,0.97,male,other,0,0,0,0,emergency_shelter,0,0,1,0,1,1,0,0,1
2024,57.6,0.17,male,other,0,0,0,0,other,0,0,0,0,0,0,0,0,0
2024,30.9,1.79,male,other,0,0,0,0,emergency_shelter,0,0,0,0,0,0,0,0,0
2024,55.8,3.62,male,other,0,0,0,0,emergency_shelter,0,0,1,0,0,0,0,1,1
2024,59.9,0.92,male,other,0,0,0,0,emergency_shelter,0,0,0,0,0,0,0,0,0
2024,36.8,1.88,male,other,0,0,0,0,other,0,0,0,0,0,0,0,0,0
2024,44.6,6.21,male,other,0,0,0,0,emergency_shelter,0,0,0,0,0,1,0,0,0
2024,24.0,0.44,male,other,0,0,0,0,emergency_shelter,1,0,1,0,1,1,0,0,0
2024,24.3,2.75,male,other,0,0,0,0,emergency_shelter,1,0,0,0,1,1,1,0,0
2024,44.7,0.56,male,other,0,0,0,0,emergency_shelter,0,0,0,0,0,0,0,1,0
2024,32.7,0.89,male,other,0,0,0,0,emergency_shelter,0,0,0,1,1,0,0,0,0
2024,43.6,0.53,male,other,0,0,0,0,emergency_shelter,0,0,1,1,1,0,0,0,0
2024,42.5,0.94,male,other,0,0,0,0,emergency_shelter,0,0,1,0,0,1,0,0,0
2024,49.4,0.05,male,other,0,0,0,0,other,0,0,0,1,1,1,0,0,0
2024,47.6,0.58,male,other,0,0,0,0,emergency_shelter,0,0,0,0,0,0,0,0,0
2024,53.1,0.94,male,other,0,0,0,0,emergency_shelter,0,0,0,0,0,0,0,1,0
2024,43.4,1.6,male,other,0,0,0,0,emergency_shelter,0,0,0,0,0,0,0,1,0
2024,44.5,1.62,male,other,0,0,0,0,other,0,0,0,0,0,1,0,1,0
2024,40.2,1.4,male,other,0,0,0,0,emergency_shelter,0,0,1,1,0,0,0,1,0
2024,54.9,0.55,male,other,0,0,0,0,emergency_shelter,0,0,0,0,0,0,0,0,0
2024,66.0,4.71,male,other,0,0,0,0,other,0,0,0,0,0,1,0,0,0
2024,50.7,0.8,male,other,0,0,0,0,respite,0,0,0,0,0,1,0,0,1
2024,47.2,0.39,male,other,0,0,0,0,emergency_shelter,0,0,0,0,0,0,0,0,1
2024,37.2,1.29,male,other,0,0,0,0,other,0,0,0,1,0,0,0,1,1
2024,43.6,2.21,male,other,0,0,0,0,emergency_shelter,0,0,0,1,1,1,0,0,0
2024,34.7,0.05,male,other,0,0,0,0,emergency_shelter,0,0,0,0,0,0,0,0,0
2024,31.6,0.52,male,other,0,0,0,0,emergency_shelter,0,0,0,0,0,0,0,0,1
2024,37.5,2.79,male,other,0,0,0,0,emergency_shelter,0,0,0,0,0,0,0,1,0
2024,65.3,1.13,male,other,0,0,0,0,emergency_shelter,0,0,0,1,0,0,0,1,0
2024,39.0,0.84,male,other,0,0,0,0,emergency_shelter,0,0,0,0,0,0,0,1,0
2024,63.0,4.28,male,other,0,0,0,0,emergency_shelter,0,0,0,0,0,0,0,0,0
2024,26.6,0.15,male,other,0,0,0,0,respite,0,0,0,0,0,0,0,0,0
2024,42.2,1.53,male,other,0,0,0,0,respite,0,0,1,1,1,0,0,1,0
2024,50.3,0.67,male,other,0,0,0,0,emergency_shelter,0,0,0,0,0,0,0,0,1
2024,51.0,0.12,male,other,0,0,0,0,respite,0,0,0,0,0,1,0,0,0
2024,25.1,0.38,male,other,0,0,0,0,emergency_shelter,0,0,0,0,1,0,0,0,0
2024,23.2,1.58,male,other,0,0,0,0,emergency_shelter,1,0,0,0,0,0,1,1,0
2024,48.9,0.05,male,other,0,0,0,0,emergency_shelter,0,0,0,1,0,0,0,0,0
2024,32.5,1.44,male,other,0,0,0,0,other,0,0,0,0,0,1,0,0,0
2024,49.1,5.03,male,other,0,0,0,0,emergency_shelter,0,0,0,0,0,0,0,0,0
2024,60.3,2.54,male,other,0,0,0,0,other,0,0,0,0,1,0,0,0,0
2024,31.0,0.68,male,other,0,0,0,0,emergency_shelter,0,0,0,1,0,1,0,1,1
2024,32.9,0.24,male,other,0,0,0,0,emergency_shelter,0,0,0,1,0,0,0,0,0
2024,15.0,1.0,male,other,0,0,0,0,emergency_shelter,1,0,0,1,0,0,0,1,0
2024,51.4,0.8,male,other,0,0,0,0,emergency_shelter,0,0,1,0,0,0,1,0,0
2024,70.1,5.71,male,other,0,0,0,0,emergency_shelter,0,0,1,0,0,0,0,0,0
2024,22.8,7.35,male,other,0,0,0,0,emergency_shelter,1,0,0,0,0,1,1,1,0
2024,57.6,0.85,male,other,0,0,0,0,emergency_shelter,0,0,0,0,0,0,0,0,0
2024,58.9,0.26,male,other,0,0,0,0,emergency_shelter,0,0,0,0,0,0,0,0,0
2024,51.2,3.86,male,other,0,0,0,0,emergency_shelter,0,0,0,0,0,0,0,1,0
2024,31.8,2.52,male,other,0,0,0,0,emergency_shelter,0,0,1,1,0,0,1,0,0
2024,36.8,1.15,male,other,0,0,0,0,respite,0,0,0,0,0,1,1,0,0
2024,48.0,0.73,male,other,0,0,0,0,emergency_shelter,0,0,0,0,0,0,0,0,0
2024,47.6,0.95,male,other,0,0,0,0,emergency_shelter,0,0,0,0,0,0,0,0,0
2024,36.7,3.71,male,other,0,0,0,0,emergency_shelter,0,0,0,0,1,0,0,0,0
2024,46.7,0.33,male,other,0,0,0,0,emergency_shelter,0,0,0,0,0,1,0,1,0
2024,35.2,2.63,male,other,0,0,0,0,emergency_shelter,0,0,0,0,0,1,0,0,0
2024,38.7,0.05,male,other,0,0,0,0,emergency_shelter,0,0,0,0,0,1,0,0,0
2024,37.4,4.05,male,other,0,0,0,0,emergency_shelter,0,0,0,1,0,0,1,1,0
2024,55.6,1.11,male,other,0,0,0,0,emergency_shelter,0,0,0,0,0,0,0,1,0
2024,20.2,0.41,male,other,0,0,0,0,emergency_shelter,1,0,0,1,0,0,1,1,0
2024,49.3,0.05,male,other,0,0,0,0,emergency_shelter,0,0,0,0,0,0,0,0,0
2024,45.3,1.31,male,other,0,0,0,0,emergency_shelter,0,0,1,0,1,0,0,1,1
2024,15.0,0.45,male,other,0,0,0,0,emergency_shelter,1,0,0,0,0,0,1,0,0
2024,52.4,1.6,male,other,0,0,0,0,other,0,0,1,0,1,0,0,1,0
2024,54.2,0.53,male,other,0,0,0,0,emergency_shelter,0,0,0,0,0,0,0,1,0
2024,34.6,0.15,male,other,0,0,0,0,respite,0,0,0,0,0,0,0,0,0
2024,47.0,1.13,male,other,0,0,0,0,emergency_shelter,0,0,0,0,0,0,0,1,0
2024,44.0,1.33,male,other,0,0,0,0,emergency_shelter,0,0,0,1,0,0,0,0,0
2024,71.5,0.96,male,other,0,0,0,0,emergency_shelter,0,0,0,0,0,0,0,0,0
2024,47.3,0.98,male,other,0,0,0,0,other,0,0,1,0,0,0,0,0,0
2024,41.7,1.43,male,other,0,0,0,0,emergency_shelter,0,0,0,0,0,0,0,1,0
2024,55.6,1.2,male,other,0,0,0,0,emergency_shelter,0,0,0,0,0,1,0,1,0
2024,62.7,0.23,male,other,0,0,0,0,emergency_shelter,0,0,0,0,1,0,0,1,0
2024,69.2,0.35,male,other,0,0,0,0,emergency_shelter,0,0,0,0,0,0,0,1,0
2024,31.9,0.24,male,other,0,0,0,0,emergency_shelter,0,0,0,0,0,0,0,0,0
2024,46.3,1.89,male,other,0,0,0,0,respite,0,0,0,0,1,0,1,1,1
2024,31.5,1.2,male,other,0,0,0,0,emergency_shelter,0,0,1,0,1,1,1,1,1
2024,72.7,0.9,male,other,0,0,0,0,emergency_shelter,0,0,0,0,0,0,0,0,0
2024,40.9,2.56,male,other,0,0,0,0,emergency_shelter,0,0,0,1,0,1,0,0,0
2024,53.6,0.63,male,other,0,0,0,0,other,0,0,1,0,0,0,0,0,0
2024,37.9,1.34,male,other,0,0,0,0,emergency_shelter,0,0,0,0,1,0,0,1,0
2024,47.2,0.12,male,other,0,0,0,0,respite,0,0,0,0,0,0,0,0,0
2024,15.0,2.18,male,other,0,0,0,0,emergency_shelter,1,0,0,0,0,0,0,0,1
2024,54.8,1.9,male,other,0,0,0,0,emergency_shelter,0,0,0,0,0,0,0,1,0
2024,58.5,2.59,male,other,0,0,0,0,emergency_shelter,0,0,0,0,0,0,1,0,0
2024,31.9,3.45,male,other,0,0,0,0,respite,0,0,0,0,0,0,0,0,0
2024,15.0,2.27,male,other,0,0,0,0,emergency_shelter,1,0,0,0,0,0,0,0,1
2024,61.0,2.98,male,other,0,0,0,0,emergency_shelter,0,0,0,0,0,0,0,0,0
2024,59.2,0.68,male,other,0,0,0,0,emergency_shelter,0,0,1,0,0,0,1,1,0
2024,51.3,0.67,male,other,0,0,0,0,emergency_shelter,0,0,0,0,0,1,0,0,1
2024,37.6,4.62,male,other,0,0,0,0,emergency_shelter,0,0,0,0,0,0,0,0,0
2024,36.3,3.94,male,other,0,0,0,0,emergency_shelter,0,0,0,0,0,0,0,0,0
2024,58.9,1.27,male,other,0,0,0,0,emergency_shelter,0,0,0,0,0,0,1,0,0
2024,35.7,0.73,male,other,0,0,0,0,emergency_shelter,0,0,0,0,1,1,0,1,0
2024,42.4,3.22,male,other,0,0,0,0,emergency_shelter,0,0,1,1,0,0,0,0,0
2024,40.2,0.63,male,other,0,0,0,0,emergency_shelter,0,0,0,0,0,0,0,0,0
2024,44.8,0.27,male,other,0,0,0,0,emergency_shelter,0,0,0,0,0,0,0,1,0
2024,38.7,1.63,male,other,0,0,0,0,emergency_shelter,0,0,0,0,0,0,0,0,0
2024,40.4,0.07,male,other,0,0,0,0,emergency_shelter,0,0,0,0,0,0,0,0,0
2024,65.3,0.76,male,other,0,0,0,0,emergency_shelter,0,0,0,0,0,0,0,0,0
2024,47.6,2.64,male,other,0,0,0,0,emergency_shelter,0,0,0,1,0,0,0,0,0
2024,45.6,0.56,male,other,0,0,0,0,emergency_shelter,0,0,0,0,0,0,1,1,0
2024,51.7,4.29,male,other,0,0,0,0,respite,0,0,0,0,0,0,0,0,0
2024,24.6,4.99,male,other,0,0,0,0,emergency_shelter,1,0,0,0,0,1,0,1,0
2024,54.5,2.71,male,other,0,0,0,0,emergency_shelter,0,0,1,1,1,1,0,0,0
2024,44.5,7.03,male,other,0,0,0,0,emergency_shelter,0,0,1,0,1,1,0,1,0
2024,31.6,1.21,male,other,0,0,0,0,other,0,0,1,0,0,1,1,0,0
2024,38.9,1.35,male,other,0,0,0,0,emergency_shelter,0,0,0,0,1,0,0,0,0
2024,47.7,2.89,male,other,0,0,0,0,respite,0,0,0,0,0,1,0,0,0
2024,41.4,1.09,male,other,0,0,0,0,emergency_shelter,0,0,0,1,0,0,0,0,0
2024,55.4,0.84,male,other,0,0,0,0,emergency_shelter,0,0,0,0,0,0,0,1,0
2024,29.7,1.53,male,other,0,0,0,0,emergency_shelter,0,0,0,0,0,0,0,0,0
2024,24.5,1.72,male,other,0,0,0,0,emergency_shelter,1,0,0,0,0,0,0,1,0
2024,29.6,2.22,male,other,0,0,0,0,emergency_shelter,0,0,0,0,0,0,0,0,1
2024,34.5,1.77,male,other,0,0,0,0,emergency_shelter,0,0,0,0,0,0,0,0,0
2024,42.1,2.19,male,other,0,0,0,0,respite,0,0,0,0,0,1,0,0,0
2024,35.6,1.8,male,other,0,0,0,0,emergency_shelter,0,0,0,0,0,0,0,0,0
2024,23.6,1.05,male,other,0,0,0,0,emergency_shelter,1,0,0,1,0,0,0,1,1
2024,21.3,0.23,male,other,0,0,0,0,emergency_shelter,1,0,1,0,0,0,0,0,0
2024,22.3,2.46,male,other,0,0,0,0,emergency_shelter,1,0,0,0,0,0,0,0,0
2024,36.2,0.05,male,other,0,0,0,0,emergency_shelter,0,0,0,0,0,0,0,0,0
2024,31.9,6.01,female,black,1,1,1,1,outdoor,0,0,0,1,0,0,1,1,0
2024,24.7,0.49,female,black,1,1,1,0,outdoor,1,0,0,0,0,0,0,1,0
2024,42.5,1.12,female,black,1,1,0,1,emergency_shelter,0,0,0,0,0,0,0,0,0
2024,30.7,1.39,female,black,1,1,0,0,emergency_shelter,0,0,0,0,0,0,0,1,1
2024,23.5,4.43,female,black,1,0,1,1,outdoor,1,0,0,0,0,0,0,0,0
2024,51.7,3.31,female,black,1,0,0,0,respite,0,0,0,0,1,1,0,1,0
2024,45.8,0.27,female,black,0,0,0,0,emergency_shelter,0,0,0,0,1,0,0,0,0
2024,15.0,1.39,female,white,1,1,1,1,outdoor,1,0,0,0,1,0,0,0,0
2024,40.8,0.54,female,white,1,1,1,0,outdoor,0,0,0,1,0,0,1,1,0
2024,43.0,1.34,female,white,1,1,0,1,emergency_shelter,0,0,0,0,0,0,0,0,0
2024,44.1,2.86,female,white,1,1,0,1,emergency_shelter,0,0,0,0,0,0,0,0,0
2024,34.3,8.36,female,white,1,1,0,1,respite,0,0,0,0,0,0,0,1,0
2024,65.8,1.43,female,white,1,1,0,1,respite,0,0,0,0,0,0,1,1,0
2024,53.5,21.95,female,white,1,1,0,1,emergency_shelter,0,0,0,0,0,0,0,0,0
2024,55.8,14.27,female,white,1,1,0,1,emergency_shelter,0,0,0,0,0,0,0,0,1
2024,41.8,2.72,female,white,1,1,0,1,emergency_shelter,0,0,0,1,0,1,0,1,0
2024,50.4,1.02,female,white,1,1,0,1,emergency_shelter,0,0,0,0,0,1,0,1,0
2024,30.7,8.31,female,white,1,1,0,1,emergency_shelter,0,0,0,0,0,0,0,0,0
2024,52.6,13.52,female,white,1,1,0,1,emergency_shelter,0,0,0,0,0,0,0,0,0
2024,40.4,1.55,female,white,1,1,0,1,emergency_shelter,0,0,1,0,0,0,0,1,0
2024,28.9,17.89,female,white,1,1,0,1,emergency_shelter,0,0,1,1,0,0,0,1,0
2024,42.9,17.55,female,white,1,1,0,1,emergency_shelter,0,0,0,0,0,1,0,1,0
2024,39.1,3.12,female,white,1,1,0,1,emergency_shelter,0,0,0,0,0,0,0,1,1
2024,75.8,8.62,female,white,1,1,0,1,emergency_shelter,0,0,0,1,0,1,0,0,0
2024,49.3,2.92,female,white,1,1,0,1,emergency_shelter,0,0,0,0,0,0,0,1,0
2024,65.3,3.96,female,white,1,1,0,1,emergency_shelter,0,0,1,0,0,0,0,0,0
2024,59.1,2.17,female,white,1,1,0,1,emergency_shelter,0,0,0,0,0,0,0,0,0
2024,43.8,1.49,female,white,1,1,0,1,emergency_shelter,0,0,0,0,0,0,0,0,0
2024,37.0,6.99,female,white,1,1,0,1,emergency_shelter,0,0,0,0,0,0,0,0,0
2024,18.9,1.0,female,white,1,1,0,1,emergency_shelter,1,0,0,1,0,0,0,0,1
2024,31.0,4.13,female,white,1,1,0,1,emergency_shelter,0,0,0,0,0,0,1,0,0
2024,52.5,12.18,female,white,1,1,0,1,emergency_shelter,0,0,0,0,1,0,0,1,0
2024,39.0,1.73,female,white,1,1,0,1,emergency_shelter,0,0,0,0,0,0,0,0,1
2024,48.5,2.24,female,white,1,1,0,1,emergency_shelter,0,0,0,0,0,0,0,0,0
2024,15.0,4.22,female,white,1,1,0,1,emergency_shelter,1,0,0,0,0,0,0,0,0
2024,49.6,1.83,female,white,1,1,0,1,emergency_shelter,0,0,0,1,0,1,0,1,0
2024,58.6,11.01,female,white,1,1,0,1,emergency_shelter,0,0,1,0,0,0,0,0,0
2024,18.4,2.42,female,white,1,1,0,1,emergency_shelter,1,0,0,0,1,1,0,1,0
2024,48.4,4.15,female,white,1,1,0,1,respite,0,0,0,0,0,0,0,0,1
2024,62.0,1.75,female,white,1,1,0,1,respite,0,0,1,0,1,1,1,0,0
2024,66.8,1.11,female,white,1,1,0,1,respite,0,0,0,1,0,0,1,0,0
2024,36.2,1.54,female,white,1,1,0,1,emergency_shelter,0,0,0,1,1,0,0,1,0
2024,54.2,1.13,female,white,1,1,0,1,respite,0,0,0,0,0,0,0,0,0
2024,63.3,3.1,female,white,1,1,0,1,respite,0,0,0,1,0,0,0,0,0
2024,48.9,4.21,female,white,1,1,0,1,emergency_shelter,0,0,0,0,0,0,0,0,0
2024,61.2,1.12,female,white,1,1,0,1,emergency_shelter,0,0,0,0,1,1,1,1,1
2024,42.7,1.26,female,white,1,1,0,1,emergency_shelter,0,0,0,0,0,0,0,1,0
2024,48.8,3.23,female,white,1,1,0,1,emergency_shelter,0,0,0,1,0,1,0,1,1
2024,34.5,8.66,female,white,1,1,0,1,emergency_shelter,0,0,0,0,1,1,0,1,1
2024,40.9,4.73,female,white,1,1,0,1,respite,0,0,0,1,0,0,0,1,0
2024,49.3,1.31,female,white,1,1,0,1,respite,0,0,1,0,1,1,0,0,0
2024,33.5,14.17,female,white,1,1,0,1,other,0,0,0,1,0,0,0,0,0
2024,40.1,18.1,female,white,1,1,0,1,emergency_shelter,0,0,0,0,0,0,0,1,0
2024,53.9,2.2,female,white,1,1,0,1,emergency_shelter,0,0,0,1,0,0,0,0,0
2024,72.0,4.57,female,white,1,1,0,1,emergency_shelter,0,0,0,0,0,1,0,0,0
2024,15.0,3.29,female,white,1,1,0,1,emergency_shelter,1,0,0,0,0,0,0,0,1
2024,70.9,23.7,female,white,1,1,0,1,emergency_shelter,0,0,0,0,0,0,0,0,0
2024,39.6,3.42,female,white,1,1,0,1,emergency_shelter,0,0,0,0,0,0,1,0,0
2024,56.7,30.0,female,white,1,1,0,1,emergency_shelter,0,0,1,1,0,0,0,1,0
2024,59.5,1.64,female,white,1,1,0,1,emergency_shelter,0,0,0,0,0,0,0,0,0
2024,65.1,2.31,female,white,1,1,0,1,emergency_shelter,0,0,1,0,0,0,1,1,0
2024,33.0,8.02,female,white,1,1,0,1,other,0,0,1,0,0,0,0,0,0
2024,40.1,8.1,female,white,1,1,0,1,emergency_shelter,0,0,0,0,0,0,0,0,0
2024,42.5,6.63,female,white,1,1,0,1,emergency_shelter,0,0,1,0,1,1,1,1,0
2024,38.2,11.81,female,white,1,1,0,1,other,0,0,0,0,0,0,0,1,0
2024,61.7,5.98,female,white,1,1,0,1,emergency_shelter,0,0,0,0,0,0,0,1,0
2024,42.2,4.85,female,white,1,1,0,1,emergency_shelter,0,0,0,0,0,0,0,1,0
2024,20.6,3.02,female,white,1,1,0,1,emergency_shelter,1,0,0,0,0,0,0,0,0
2024,34.4,3.09,female,white,1,1,0,1,emergency_shelter,0,0,0,0,0,0,0,0,0
2024,21.1,2.66,female,white,1,1,0,1,emergency_shelter,1,0,0,1,0,0,0,1,0
2024,40.0,4.63,female,white,1,1,0,1,respite,0,0,0,0,0,0,0,1,0
2024,52.6,2.66,female,white,1,1,0,1,emergency_shelter,0,0,0,1,0,0,0,1,0
2024,34.1,1.45,female,white,1,1,0,1,emergency_shelter,0,0,0,0,0,0,0,0,0
2024,37.6,1.31,female,white,1,1,0,1,emergency_shelter,0,0,0,0,0,1,0,1,0
2024,39.4,19.39,female,white,1,1,0,1,emergency_shelter,0,0,0,0,0,0,0,1,0
2024,45.2,1.07,female,white,1,1,0,1,emergency_shelter,0,0,0,1,0,0,0,1,0
2024,50.5,1.31,female,white,1,1,0,1,emergency_shelter,0,0,0,1,1,0,0,1,1
2024,54.5,2.93,female,white,1,1,0,1,emergency_shelter,0,0,0,0,1,0,0,0,0
2024,74.8,1.9,female,white,1,1,0,1,emergency_shelter,0,0,0,1,1,0,0,0,0
2024,45.0,2.66,female,white,1,1,0,1,emergency_shelter,0,0,0,0,0,0,0,0,0
2024,53.5,1.35,female,white,1,1,0,1,emergency_shelter,0,0,0,1,0,0,0,1,0
2024,21.0,1.39,female,white,1,1,0,1,emergency_shelter,1,0,1,0,1,0,0,0,0
2024,37.9,8.72,female,white,1,1,0,1,emergency_shelter,0,0,0,0,0,0,0,1,0
2024,39.4,7.33,female,white,1,1,0,1,emergency_shelter,0,0,0,0,1,0,0,1,0
2024,29.0,1.3,female,white,1,1,0,1,emergency_shelter,0,0,0,0,0,0,0,1,0
2024,35.7,5.34,female,white,1,1,0,1,respite,0,0,0,0,0,0,0,0,0
2024,41.7,4.48,female,white,1,1,0,1,emergency_shelter,0,0,1,0,0,0,0,0,0
2024,36.2,6.2,female,white,1,1,0,1,other,0,0,0,0,0,1,0,0,0
2024,79.7,3.14,female,white,1,1,0,1,emergency_shelter,0,0,0,0,1,0,0,1,1
2024,50.4,1.93,female,white,1,1,0,1,other,0,0,0,0,0,0,0,1,0
2024,71.2,5.27,female,white,1,1,0,1,emergency_shelter,0,0,0,0,0,0,0,0,0
2024,64.1,2.45,female,white,1,1,0,1,emergency_shelter,0,0,0,0,1,1,0,1,0
2024,34.3,1.72,female,white,1,1,0,1,respite,0,0,0,0,0,0,0,1,0
2024,43.8,2.68,female,white,1,1,0,1,emergency_shelter,0,0,1,0,0,0,0,1,0
2024,37.1,7.45,female,white,1,1,0,1,respite,0,0,0,0,1,1,1,1,0
2024,72.2,0.66,female,white,1,1,0,0,emergency_shelter,0,0,0,0,0,0,0,0,0
2024,53.7,2.72,female,white,1,1,0,0,emergency_shelter,0,0,0,0,1,0,0,0,0
2024,24.3,1.45,female,white,1,1,0,0,emergency_shelter,1,0,0,1,0,0,0,0,0
2024,37.8,0.05,female,white,1,1,0,0,emergency_shelter,0,0,0,0,0,0,0,1,0
2024,45.8,0.11,female,white,1,1,0,0,other,0,0,0,0,0,0,0,1,0
2024,40.9,2.24,female,white,1,1,0,0,other,0,0,0,1,1,0,0,0,0
2024,49.9,0.95,female,white,1,1,0,0,emergency_shelter,0,0,0,0,0,0,0,0,0
2024,51.4,0.83,female,white,1,1,0,0,emergency_shelter,0,0,0,1,0,0,1,1,0
2024,21.2,0.25,female,white,1,1,0,0,emergency_shelter,1,0,0,1,0,0,1,1,1
2024,58.2,0.27,female,white,1,1,0,0,emergency_shelter,0,0,0,0,0,0,0,0,0
2024,33.3,2.56,female,white,1,1,0,0,emergency_shelter,0,0,0,0,0,0,0,1,0
2024,31.9,2.83,female,white,1,1,0,0,emergency_shelter,0,0,0,0,0,0,1,1,0
2024,31.8,1.31,female,white,1,1,0,0,emergency_shelter,0,0,0,0,0,0,0,0,0
2024,51.6,0.56,female,white,1,1,0,0,emergency_shelter,0,0,1,0,1,0,0,0,1
2024,36.5,4.32,female,white,1,1,0,0,respite,0,0,1,0,0,0,0,0,0
2024,30.9,1.56,female,white,1,1,0,0,emergency_shelter,0,0,0,0,1,1,1,1,0
2024,34.3,2.55,female,white,1,1,0,0,emergency_shelter,0,0,0,0,0,0,0,0,0
2024,15.1,0.05,female,white,1,1,0,0,emergency_shelter,1,0,1,0,0,0,0,0,0
2024,28.4,0.96,female,white,1,1,0,0,respite,0,0,0,0,0,0,0,1,0
2024,22.9,3.28,female,white,1,1,0,0,respite,1,0,0,0,0,0,0,0,0
2024,36.5,0.66,female,white,1,1,0,0,emergency_shelter,0,0,0,0,0,0,0,0,0
2024,49.5,2.07,female,white,1,1,0,0,emergency_shelter,0,0,0,0,0,0,0,0,1
2024,48.0,1.72,female,white,1,1,0,0,emergency_shelter,0,0,0,1,0,1,0,1,1
2024,60.8,4.2,female,white,1,0,1,1,outdoor,0,0,0,1,0,0,0,1,0
2024,30.6,1.21,female,white,1,0,1,0,outdoor,0,0,0,0,0,0,0,1,1
2024,53.0,2.17,female,white,1,0,0,1,emergency_shelter,0,0,0,1,0,1,0,1,0
2024,28.3,0.05,female,white,1,0,0,0,emergency_shelter,0,0,0,0,0,0,0,0,0
2024,43.7,2.24,female,white,1,0,0,0,emergency_shelter,0,0,0,1,0,1,0,1,1
2024,67.0,2.54,female,white,1,0,0,0,emergency_shelter,0,0,0,0,0,0,0,0,0
2024,61.5,0.85,female,white,1,0,0,0,emergency_shelter,0,0,0,0,0,0,0,0,0
2024,43.6,6.68,female,white,1,0,0,0,emergency_shelter,0,0,0,1,0,0,0,0,0
2024,51.1,1.82,female,white,1,0,0,0,emergency_shelter,0,0,0,0,0,1,1,1,0
2024,30.0,2.18,female,white,1,0,0,0,emergency_shelter,0,0,0,0,1,0,0,1,0
2024,60.7,0.34,female,white,1,0,0,0,emergency_shelter,0,0,0,1,0,0,1,1,0
2024,18.4,2.91,female,white,1,0,0,0,emergency_shelter,1,0,0,1,0,0,0,0,0
2024,53.0,4.64,female,white,1,0,0,0,emergency_shelter,0,0,0,0,1,0,1,0,0
2024,47.2,0.43,female,white,1,0,0,0,emergency_shelter,0,0,0,1,0,0,1,1,0
2024,29.7,1.86,female,white,1,0,0,0,emergency_shelter,0,0,0,0,0,1,0,0,0
2024,37.3,2.2,female,white,1,0,0,0,emergency_shelter,0,0,0,0,0,0,1,1,1
2024,24.4,0.58,female,white,1,0,0,0,emergency_shelter,1,0,0,1,0,1,1,1,0
2024,25.0,1.03,female,white,1,0,0,0,emergency_shelter,1,0,0,0,0,0,0,0,0
2024,18.0,0.16,female,white,1,0,0,0,emergency_shelter,1,0,0,0,0,0,0,0,0
2024,51.0,0.3,female,white,1,0,0,0,emergency_shelter,0,0,1,1,1,0,0,1,0
2024,57.1,0.1,female,white,1,0,0,0,other,0,0,0,0,0,0,0,0,0
2024,15.0,1.31,female,white,1,0,0,0,respite,1,0,0,1,1,0,0,0,0
2024,66.0,1.57,female,white,1,0,0,0,emergency_shelter,0,0,1,0,1,0,1,0,0
2024,40.1,3.97,female,white,1,0,0,0,emergency_shelter,0,0,0,0,1,0,0,1,0
2024,44.3,1.25,female,white,1,0,0,0,other,0,0,0,0,0,0,0,1,0
2024,19.6,0.48,female,white,1,0,0,0,emergency_shelter,1,0,0,0,0,0,0,1,0
2024,58.7,0.1,female,white,1,0,0,0,emergency_shelter,0,0,0,0,0,0,0,0,0
2024,43.0,3.46,female,white,1,0,0,0,emergency_shelter,0,0,0,0,0,0,0,0,0
2024,56.2,1.04,female,white,1,0,0,0,emergency_shelter,0,0,0,0,0,0,0,0,0
2024,57.3,2.14,female,white,1,0,0,0,emergency_shelter,0,0,0,0,0,0,0,0,0
2024,58.9,0.05,female,white,1,0,0,0,emergency_shelter,0,0,1,0,0,0,0,1,0
2024,31.2,1.07,female,white,1,0,0,0,emergency_shelter,0,0,0,1,0,0,0,1,0
2024,37.3,0.63,female,white,1,0,0,0,emergency_shelter,0,0,0,0,0,0,0,1,0
2024,31.7,0.05,female,white,1,0,0,0,other,0,0,0,0,0,0,0,0,1
2024,52.8,2.39,female,white,1,0,0,0,respite,0,0,0,0,0,0,0,0,0
2024,44.9,1.15,female,white,1,0,0,0,emergency_shelter,0,0,1,0,1,1,1,1,0
2024,55.2,0.65,female,white,1,0,0,0,emergency_shelter,0,0,0,0,0,0,0,0,0
2024,55.8,2.62,female,white,1,0,0,0,emergency_shelter,0,0,0,0,0,0,0,1,0
2024,16.1,0.95,female,white,1,0,0,0,emergency_shelter,1,0,0,1,0,0,0,0,0
2024,59.1,0.05,female,white,1,0,0,0,emergency_shelter,0,0,0,0,0,0,0,1,0
2024,53.5,4.62,female,white,1,0,0,0,emergency_shelter,0,0,0,0,0,0,0,0,0
2024,35.1,0.47,female,white,1,0,0,0,other,0,0,0,0,0,0,0,0,0
2024,45.1,2.84,female,white,1,0,0,0,respite,0,0,0,1,1,0,0,1,0
2024,38.5,2.71,female,white,1,0,0,0,emergency_shelter,0,0,0,0,0,0,0,0,0
2024,48.9,0.28,female,white,1,0,0,0,respite,0,0,0,1,0,1,0,1,0
2024,35.0,1.03,female,white,1,0,0,0,emergency_shelter,0,0,0,1,1,1,0,1,1
2024,46.9,0.07,female,white,1,0,0,0,emergency_shelter,0,0,0,1,0,0,0,1,0
2024,41.2,0.7,female,white,1,0,0,0,respite,0,0,0,0,0,1,0,0,0
2024,34.2,2.1,female,white,1,0,0,0,emergency_shelter,0,0,0,0,1,1,0,0,0
2024,42.9,0.43,female,white,1,0,0,0,respite,0,0,0,1,0,0,0,1,0
2024,78.1,0.2,female,white,1,0,0,0,emergency_shelter,0,0,0,0,0,0,0,0,0
2024,30.6,1.13,female,white,1,0,0,0,emergency_shelter,0,0,0,0,0,0,0,0,0
2024,36.7,1.23,female,white,1,0,0,0,emergency_shelter,0,0,0,0,0,0,0,0,0
2024,30.9,1.8,female,white,1,0,0,0,emergency_shelter,0,0,0,0,0,1,0,0,1
2024,32.3,2.28,female,white,1,0,0,0,emergency_shelter,0,0,1,0,0,1,0,1,0
2024,51.7,1.9,female,white,1,0,0,0,other,0,0,0,1,0,1,0,0,0
2024,50.3,2.99,female,white,1,0,0,0,emergency_shelter,0,0,0,0,0,1,0,0,0
2024,40.2,0.4,female,white,1,0,0,0,emergency_shelter,0,0,0,0,0,0,0,0,0
2024,54.6,1.35,female,white,1,0,0,0,emergency_shelter,0,0,0,0,0,0,0,0,0
2024,51.3,0.71,female,white,1,0,0,0,respite,0,0,0,0,0,0,0,0,0
2024,38.0,5.24,female,white,1,0,0,0,emergency_shelter,0,0,0,0,0,0,0,1,0
2024,18.8,0.93,female,white,1,0,0,0,emergency_shelter,1,0,0,0,0,0,0,1,1
2024,51.9,5.14,female,white,1,0,0,0,emergency_shelter,0,0,0,0,0,0,1,0,1
2024,42.6,2.34,female,white,1,0,0,0,other,0,0,0,0,0,0,0,0,0
2024,40.5,2.03,female,white,1,0,0,0,emergency_shelter,0,0,0,0,0,1,0,1,0
2024,33.7,1.08,female,white,1,0,0,0,emergency_shelter,0,0,0,0,0,0,0,1,1
2024,50.7,0.94,female,white,1,0,0,0,emergency_shelter,0,0,0,0,0,0,0,1,0
2024,45.1,1.2,female,white,1,0,0,0,emergency_shelter,0,0,0,0,0,0,0,0,0
2024,36.9,0.56,female,white,1,0,0,0,respite,0,0,0,0,0,0,0,1,0
2024,23.1,3.76,female,white,1,0,0,0,other,1,0,0,0,1,0,0,1,1
2024,55.2,2.53,female,white,1,0,0,0,emergency_shelter,0,0,0,0,0,0,0,1,0
2024,48.7,2.59,female,white,1,0,0,0,respite,0,0,1,1,1,0,0,0,0
2024,43.8,0.91,female,white,1,0,0,0,emergency_shelter,0,0,0,0,0,0,0,0,0
2024,15.0,0.12,female,white,1,0,0,0,emergency_shelter,1,0,0,0,0,1,1,1,0
2024,39.7,1.84,female,white,1,0,0,0,emergency_shelter,0,0,1,0,0,0,0,0,0
2024,36.9,0.75,female,white,1,0,0,0,other,0,0,0,0,0,1,0,0,0
2024,31.6,3.27,female,white,1,0,0,0,emergency_shelter,0,0,0,0,1,0,0,1,0
2024,50.8,2.43,female,white,1,0,0,0,emergency_shelter,0,0,0,0,0,0,0,0,0
2024,50.2,0.25,female,white,1,0,0,0,other,0,0,1,0,1,0,0,0,0
2024,46.3,1.47,female,white,1,0,0,0,emergency_shelter,0,0,1,0,1,1,0,1,1
2024,54.8,1.89,female,white,1,0,0,0,emergency_shelter,0,0,0,0,0,1,0,0,0
2024,25.9,1.34,female,white,1,0,0,0,emergency_shelter,0,0,0,0,0,0,0,1,0
2024,33.9,1.15,female,white,1,0,0,0,emergency_shelter,0,0,0,0,0,0,0,0,0
2024,41.3,0.41,female,white,1,0,0,0,emergency_shelter,0,0,0,0,0,0,0,1,0
2024,31.5,0.43,female,white,1,0,0,0,other,0,0,0,0,0,1,0,1,0
2024,50.4,2.34,female,white,1,0,0,0,emergency_shelter,0,0,0,0,1,0,0,1,0
2024,32.9,0.05,female,white,1,0,0,0,respite,0,0,0,0,0,1,1,0,0
2024,58.4,2.41,female,white,1,0,0,0,emergency_shelter,0,0,0,0,0,0,0,0,0
2024,27.2,1.2,female,white,1,0,0,0,emergency_shelter,0,0,0,0,0,0,0,0,1
2024,70.1,4.4,female,white,1,0,0,0,emergency_shelter,0,0,0,0,0,1,0,0,0
2024,68.6,8.0,female,white,1,0,0,0,emergency_shelter,0,0,0,1,1,0,1,1,0
2024,38.9,1.74,female,white,1,0,0,0,emergency_shelter,0,0,0,0,0,0,0,0,0
2024,56.3,0.85,female,white,1,0,0,0,respite,0,0,0,0,0,1,0,0,0
2024,34.6,1.03,female,white,1,0,0,0,emergency_shelter,0,0,1,0,0,1,0,0,0
2024,54.4,0.37,female,white,1,0,0,0,emergency_shelter,0,0,0,1,0,0,0,1,0
2024,37.8,0.17,female,white,1,0,0,0,emergency_shelter,0,0,0,1,0,0,0,0,0
2024,22.2,1.38,female,white,1,0,0,0,emergency_shelter,1,0,0,0,0,0,0,1,0
2024,15.0,2.62,female,white,1,0,0,0,respite,1,0,0,1,0,0,0,1,0
2024,36.5,0.49,female,white,1,0,0,0,respite,0,0,1,0,0,0,0,0,0
2024,44.1,0.87,female,white,1,0,0,0,emergency_shelter,0,0,0,1,0,1,1,0,1
2024,58.9,1.29,female,white,1,0,0,0,emergency_shelter,0,0,0,0,0,1,1,0,0
2024,40.7,3.82,female,white,1,0,0,0,emergency_shelter,0,0,0,0,0,0,0,0,1
2024,54.3,0.24,female,white,1,0,0,0,emergency_shelter,0,0,0,0,1,0,0,0,1
2024,33.9,0.43,female,white,1,0,0,0,emergency_shelter,0,0,0,0,1,1,0,0,0
2024,35.5,4.01,female,white,1,0,0,0,emergency_shelter,0,0,0,0,0,0,0,0,0
2024,55.0,0.06,female,white,1,0,0,0,emergency_shelter,0,0,0,0,0,0,0,0,0
2024,15.0,1.71,female,white,1,0,0,0,emergency_shelter,1,0,0,0,0,1,0,0,0
2024,40.4,1.63,female,white,1,0,0,0,other,0,0,0,0,0,0,0,1,0
2024,34.6,0.77,female,white,1,0,0,0,emergency_shelter,0,0,0,0,1,0,0,0,0
2024,59.3,1.01,female,white,1,0,0,0,emergency_shelter,0,0,0,0,0,0,0,0,0
2024,32.8,3.09,female,white,1,0,0,0,emergency_shelter,0,0,0,0,0,0,0,1,0
2024,47.5,0.29,female,white,1,0,0,0,respite,0,0,0,0,1,1,0,1,0
2024,53.1,0.42,female,white,1,0,0,0,other,0,0,0,0,0,1,0,0,0
2024,19.3,1.15,female,white,1,0,0,0,other,1,0,0,1,0,0,0,0,0
2024,38.3,0.84,female,white,1,0,0,0,emergency_shelter,0,0,0,0,1,0,0,0,0
2024,34.2,1.37,female,white,1,0,0,0,emergency_shelter,0,0,0,0,0,0,0,0,0
2024,53.5,4.06,female,white,1,0,0,0,emergency_shelter,0,0,1,0,0,0,0,0,0
2024,49.7,3.98,female,white,1,0,0,0,emergency_shelter,0,0,0,1,0,0,1,0,0
2024,37.0,0.42,female,white,1,0,0,0,other,0,0,0,0,0,1,1,1,0
2024,25.6,0.58,female,white,1,0,0,0,emergency_shelter,0,0,0,1,0,0,0,0,0
2024,54.8,0.28,female,white,1,0,0,0,emergency_shelter,0,0,1,0,0,0,0,0,0
2024,39.3,4.21,female,white,1,0,0,0,emergency_shelter,0,0,1,0,0,0,0,0,0
2024,17.6,0.81,female,white,1,0,0,0,emergency_shelter,1,0,0,0,0,0,0,0,0
2024,18.8,0.96,female,white,1,0,0,0,respite,1,0,0,0,1,0,0,0,0
2024,46.4,2.6,female,white,1,0,0,0,emergency_shelter,0,0,0,0,0,0,1,0,1
2024,22.4,1.15,female,white,1,0,0,0,emergency_shelter,1,0,0,0,0,0,0,0,0
2024,66.3,0.2,female,white,1,0,0,0,emergency_shelter,0,0,0,0,0,0,0,1,0
2024,27.1,0.92,female,white,1,0,0,0,emergency_shelter,0,0,0,0,0,0,0,0,0
2024,40.2,1.59,female,white,1,0,0,0,emergency_shelter,0,0,0,1,0,0,0,1,0
2024,42.5,2.03,female,white,1,0,0,0,emergency_shelter,0,0,0,1,0,0,0,0,0
2024,30.0,1.66,female,white,1,0,0,0,emergency_shelter,0,0,1,1,0,0,0,0,1
2024,15.0,0.2,female,white,1,0,0,0,other,1,0,0,0,0,0,0,0,0
2024,42.9,0.58,female,white,1,0,0,0,emergency_shelter,0,0,0,0,0,0,0,0,0
2024,29.7,2.12,female,white,1,0,0,0,emergency_shelter,0,0,0,1,0,0,0,1,0
2024,41.9,3.39,female,white,1,0,0,0,respite,0,0,0,1,0,1,0,1,0
2024,38.5,0.08,female,white,1,0,0,0,emergency_shelter,0,0,1,1,0,0,0,0,0
2024,43.9,0.07,female,white,1,0,0,0,emergency_shelter,0,0,0,0,0,0,0,0,1
2024,62.1,1.65,female,white,1,0,0,0,emergency_shelter,0,0,1,0,0,0,1,0,0
2024,32.6,1.27,female,white,1,0,0,0,emergency_shelter,0,0,0,0,1,1,0,0,0
2024,33.7,0.27,female,white,1,0,0,0,other,0,0,0,0,0,1,0,1,1
2024,16.9,1.27,female,white,1,0,0,0,emergency_shelter,1,0,0,0,0,0,0,1,1
2024,37.5,5.87,female,white,1,0,0,0,emergency_shelter,0,0,0,0,0,1,0,1,0
2024,46.0,1.59,female,white,1,0,0,0,emergency_shelter,0,0,0,0,0,0,0,1,0
2024,33.5,0.95,female,white,1,0,0,0,emergency_shelter,0,0,0,0,0,0,0,0,0
2024,46.1,2.81,female,white,1,0,0,0,emergency_shelter,0,0,0,0,1,0,0,0,0
2024,37.7,0.38,female,white,1,0,0,0,respite,0,0,0,0,1,1,1,0,0
2024,22.0,0.86,female,white,1,0,0,0,respite,1,0,0,1,0,0,0,0,1
2024,44.6,1.2,female,white,1,0,0,0,emergency_shelter,0,0,0,1,0,0,0,0,0
2024,37.4,1.12,female,white,1,0,0,0,emergency_shelter,0,0,0,0,0,1,0,0,0
2024,42.0,4.06,female,white,1,0,0,0,emergency_shelter,0,0,0,0,0,0,0,0,0
2024,32.3,0.55,female,white,1,0,0,0,emergency_shelter,0,0,0,1,0,0,1,0,0
2024,31.1,0.09,female,white,1,0,0,0,emergency_shelter,0,0,0,0,0,0,0,1,1
2024,42.4,3.97,female,white,1,0,0,0,emergency_shelter,0,0,0,0,0,0,0,0,0
2024,37.0,0.39,female,white,1,0,0,0,emergency_shelter,0,0,0,0,0,0,0,0,0
2024,64.4,0.76,female,white,1,0,0,0,emergency_shelter,0,0,0,1,1,1,0,0,0
2024,51.4,1.21,female,white,1,0,0,0,respite,0,0,0,0,1,0,1,1,0
2024,47.9,5.96,female,white,1,0,0,0,emergency_shelter,0,0,0,1,0,0,0,0,0
2024,37.7,1.23,female,white,1,0,0,0,other,0,0,0,0,0,0,0,0,0
2024,15.0,0.95,female,white,1,0,0,0,emergency_shelter,1,0,0,0,0,0,0,0,0
2024,28.9,1.4,female,white,1,0,0,0,emergency_shelter,0,0,0,0,1,0,1,0,0
2024,31.2,5.65,female,white,1,0,0,0,emergency_shelter,0,0,0,0,0,0,0,1,0
2024,36.4,2.73,female,white,1,0,0,0,emergency_shelter,0,0,0,1,1,1,0,1,1
2024,39.8,0.3,female,white,1,0,0,0,emergency_shelter,0,0,0,0,0,1,0,1,0
2024,49.4,2.6,female,white,1,0,0,0,emergency_shelter,0,0,0,0,1,0,0,1,0
2024,44.1,2.94,female,white,1,0,0,0,emergency_shelter,0,0,0,0,1,0,1,1,0
2024,56.5,1.88,female,white,1,0,0,0,emergency_shelter,0,0,0,0,0,0,0,0,0
2024,35.9,1.71,female,white,1,0,0,0,emergency_shelter,0,0,0,0,0,0,0,0,0
2024,43.8,0.93,female,white,1,0,0,0,emergency_shelter,0,0,0,0,0,0,0,0,0
2024,45.0,1.64,female,white,1,0,0,0,emergency_shelter,0,0,0,0,0,0,1,0,0
2024,43.7,2.14,female,white,1,0,0,0,respite,0,0,0,0,1,0,0,0,0
2024,58.2,0.21,female,white,1,0,0,0,emergency_shelter,0,0,0,0,0,0,0,1,0
2024,51.5,0.48,female,white,1,0,0,0,emergency_shelter,0,0,0,0,0,0,0,0,0
2024,21.8,0.35,female,white,1,0,0,0,emergency_shelter,1,0,0,0,0,0,0,1,0
2024,38.6,2.94,female,white,1,0,0,0,emergency_shelter,0,0,0,1,0,1,0,0,0
2024,40.0,1.82,female,white,1,0,0,0,respite,0,0,0,0,0,0,1,1,0
2024,70.4,0.96,female,white,1,0,0,0,emergency_shelter,0,0,0,0,0,0,0,0,0
2024,35.6,2.8,female,white,1,0,0,0,emergency_shelter,0,0,0,0,0,0,0,0,0
2024,26.5,2.02,female,white,1,0,0,0,emergency_shelter,0,0,0,0,0,0,0,0,0
2024,46.4,3.92,female,white,1,0,0,0,emergency_shelter,0,0,0,0,0,0,0,1,0
2024,47.2,0.13,female,white,1,0,0,0,respite,0,0,0,1,0,0,1,1,0
2024,39.2,1.14,female,white,1,0,0,0,respite,0,0,0,0,0,0,0,0,0
2024,37.2,1.96,female,white,1,0,0,0,emergency_shelter,0,0,1,1,0,0,0,0,0
2024,53.5,0.37,female,white,1,0,0,0,respite,0,0,1,0,0,0,0,0,0
2024,28.3,0.63,female,white,1,0,0,0,emergency_shelter,0,0,0,1,0,0,0,0,1
2024,35.5,0.87,female,white,1,0,0,0,emergency_shelter,0,0,0,0,0,0,0,0,0
2024,32.9,2.53,female,white,1,0,0,0,emergency_shelter,0,0,1,0,0,0,0,0,0
2024,55.5,1.09,female,white,1,0,0,0,other,0,0,0,1,1,0,0,0,0
2024,44.2,1.09,female,white,1,0,0,0,emergency_shelter,0,0,0,0,0,0,0,0,1
2024,25.3,0.9,female,white,1,0,0,0,emergency_shelter,0,0,0,1,0,1,0,0,0
2024,26.7,0.42,female,white,1,0,0,0,emergency_shelter,0,0,1,0,0,0,0,0,0
2024,66.5,4.1,female,white,1,0,0,0,emergency_shelter,0,0,0,0,0,0,1,1,0
2024,55.4,0.61,female,white,1,0,0,0,respite,0,0,0,0,0,0,0,0,1
2024,52.0,1.34,female,white,1,0,0,0,emergency_shelter,0,0,0,0,0,0,0,1,0
2024,40.4,0.26,female,white,1,0,0,0,emergency_shelter,0,0,1,0,1,0,0,1,1
2024,61.4,0.91,female,white,1,0,0,0,emergency_shelter,0,0,1,0,0,0,1,1,0
2024,24.8,3.75,female,white,1,0,0,0,emergency_shelter,1,0,0,1,0,0,1,1,0
2024,50.8,8.0,female,white,1,0,0,0,emergency_shelter,0,0,0,1,0,0,0,0,0
2024,34.0,0.72,female,white,1,0,0,0,emergency_shelter,0,0,0,0,0,1,0,0,0
2024,36.7,0.27,female,white,1,0,0,0,emergency_shelter,0,0,0,0,0,0,0,0,0
2024,50.4,0.6,female,white,1,0,0,0,respite,0,0,0,0,0,0,0,0,0
2024,38.2,0.63,female,white,1,0,0,0,emergency_shelter,0,0,0,1,1,0,1,0,0
2024,34.1,1.65,female,white,1,0,0,0,emergency_shelter,0,0,0,0,0,0,0,1,0
2024,33.3,1.1,female,white,1,0,0,0,emergency_shelter,0,0,1,0,1,1,0,1,1
2024,15.0,2.34,female,white,1,0,0,0,emergency_shelter,1,0,0,1,0,0,0,0,0
2024,50.9,1.93,female,white,1,0,0,0,emergency_shelter,0,0,0,1,0,0,0,1,0
2024,26.1,0.46,female,white,1,0,0,0,emergency_shelter,0,0,1,1,0,0,0,1,0
2024,66.3,2.45,female,white,1,0,0,0,emergency_shelter,0,0,1,0,0,0,0,0,0
2024,36.2,3.01,female,white,1,0,0,0,emergency_shelter,0,0,0,0,0,0,0,1,0
2024,58.6,1.46,female,white,1,0,0,0,emergency_shelter,0,0,0,0,0,0,0,0,0
2024,15.0,4.2,female,white,1,0,0,0,emergency_shelter,1,0,0,0,0,0,0,0,0
2024,50.5,2.44,female,white,1,0,0,0,emergency_shelter,0,0,0,1,0,0,0,1,0
2024,54.1,1.45,female,white,1,0,0,0,emergency_shelter,0,0,0,0,0,0,0,0,0
2024,58.5,3.79,female,white,1,0,0,0,emergency_shelter,0,0,0,0,0,0,0,1,1
2024,18.8,1.47,female,white,1,0,0,0,emergency_shelter,1,0,1,0,0,0,0,1,0
2024,30.4,1.18,female,white,1,0,0,0,emergency_shelter,0,0,0,0,0,0,0,0,0
2024,48.3,0.7,female,white,1,0,0,0,emergency_shelter,0,0,0,1,0,0,0,0,0
2024,42.3,3.43,female,white,1,0,0,0,emergency_shelter,0,0,0,0,1,0,0,0,0
2024,44.3,0.21,female,white,1,0,0,0,emergency_shelter,0,0,0,0,0,0,0,0,1
2024,35.2,1.03,female,white,1,0,0,0,emergency_shelter,0,0,0,0,0,0,1,1,0
2024,61.9,1.23,female,white,1,0,0,0,emergency_shelter,0,0,0,1,1,0,1,0,0
2024,76.8,1.29,female,white,1,0,0,0,emergency_shelter,0,0,0,1,0,0,0,1,0
2024,41.7,1.69,female,white,1,0,0,0,emergency_shelter,0,0,0,1,0,1,0,1,0
2024,46.6,1.13,female,white,1,0,0,0,emergency_shelter,0,0,1,0,0,0,0,1,1
2024,41.0,0.47,female,white,1,0,0,0,emergency_shelter,0,0,0,0,0,0,0,0,0
2024,58.2,3.11,female,white,1,0,0,0,emergency_shelter,0,0,0,1,0,0,0,0,1
2024,51.8,1.71,female,white,1,0,0,0,emergency_shelter,0,0,0,0,0,0,0,0,0
2024,25.3,3.13,female,white,1,0,0,0,emergency_shelter,0,0,0,0,1,0,0,1,0
2024,31.7,0.52,female,white,1,0,0,0,emergency_shelter,0,0,0,0,0,0,0,1,0
2024,26.1,1.62,female,white,1,0,0,0,emergency_shelter,0,0,0,0,1,0,0,0,0
2024,78.0,2.0,female,white,1,0,0,0,emergency_shelter,0,0,0,0,0,0,0,1,0
2024,49.1,0.77,female,white,1,0,0,0,emergency_shelter,0,0,0,0,0,0,0,0,0
2024,31.9,2.68,female,white,1,0,0,0,emergency_shelter,0,0,1,0,0,0,1,1,1
2024,30.8,0.05,female,white,1,0,0,0,emergency_shelter,0,0,0,1,0,0,0,0,0
2024,51.5,1.45,female,white,1,0,0,0,emergency_shelter,0,0,0,0,0,0,0,0,0
2024,52.9,1.52,female,white,1,0,0,0,emergency_shelter,0,0,0,1,0,1,1,1,0
2024,51.4,1.22,female,white,1,0,0,0,respite,0,0,0,1,0,0,0,0,0
2024,34.3,1.59,female,white,1,0,0,0,emergency_shelter,0,0,0,0,0,1,0,1,0
2024,44.5,0.29,female,white,1,0,0,0,emergency_shelter,0,0,0,0,1,1,0,1,1
2024,41.8,1.85,female,white,1,0,0,0,emergency_shelter,0,0,0,0,0,0,0,0,0
2024,27.1,0.65,female,white,1,0,0,0,respite,0,0,0,1,0,0,0,0,0
2024,27.3,0.96,female,white,1,0,0,0,emergency_shelter,0,0,0,0,0,1,0,0,0
2024,46.0,0.65,female,white,1,0,0,0,emergency_shelter,0,0,0,0,0,1,0,0,0
2024,43.0,1.03,female,white,1,0,0,0,emergency_shelter,0,0,0,0,0,0,0,0,0
2024,48.0,1.55,female,white,1,0,0,0,emergency_shelter,0,0,0,0,0,0,0,1,1
2024,51.3,2.92,female,white,1,0,0,0,emergency_shelter,0,0,0,0,0,0,0,1,0
2024,61.2,1.06,female,white,1,0,0,0,emergency_shelter,0,0,0,0,0,0,1,1,0
2024,29.4,0.62,female,white,1,0,0,0,emergency_shelter,0,0,0,0,1,0,0,0,0
2024,49.1,1.07,female,white,1,0,0,0,emergency_shelter,0,0,0,0,0,1,0,0,0
2024,50.7,1.87,female,white,1,0,0,0,respite,0,0,0,0,0,0,0,1,0
2024,35.9,0.68,female,white,1,0,0,0,emergency_shelter,0,0,0,0,0,0,0,0,0
2024,41.9,0.86,female,white,1,0,0,0,emergency_shelter,0,0,0,0,0,0,0,0,0
2024,36.2,1.32,female,white,1,0,0,0,emergency_shelter,0,0,0,0,0,1,0,0,0
2024,69.8,0.56,female,white,1,0,0,0,other,0,0,0,0,0,0,0,1,0
2024,41.7,0.38,female,white,1,0,0,0,emergency_shelter,0,0,0,1,1,1,0,0,0
2024,46.6,0.24,female,white,1,0,0,0,emergency_shelter,0,0,1,0,1,1,1,1,0
2024,36.5,0.7,female,white,1,0,0,0,emergency_shelter,0,0,0,1,1,0,0,1,0
2024,33.5,0.08,female,white,1,0,0,0,emergency_shelter,0,0,0,0,0,0,0,0,0
2024,22.0,1.4,female,white,1,0,0,0,emergency_shelter,1,0,0,0,1,1,0,0,0
2024,55.6,0.31,female,white,1,0,0,0,respite,0,0,0,0,0,0,0,1,0
2024,51.0,0.76,female,white,1,0,0,0,emergency_shelter,0,0,0,0,0,0,0,1,0
2024,36.0,0.5,female,white,1,0,0,0,emergency_shelter,0,0,1,0,0,0,0,1,0
2024,27.6,1.59,female,white,1,0,0,0,emergency_shelter,0,0,0,0,0,0,0,0,0
2024,42.8,3.04,female,white,1,0,0,0,respite,0,0,0,0,0,0,0,0,0
2024,33.3,1.61,female,white,1,0,0,0,other,0,0,0,0,1,1,0,0,0
2024,37.1,1.25,female,white,1,0,0,0,emergency_shelter,0,0,1,0,0,0,1,0,0
2024,22.5,1.77,female,white,1,0,0,0,emergency_shelter,1,0,0,1,0,0,0,1,1
2024,43.3,0.05,female,white,1,0,0,0,emergency_shelter,0,0,0,1,0,0,0,1,1
2024,43.6,0.21,female,white,1,0,0,0,emergency_shelter,0,0,0,0,0,0,0,1,0
2024,55.6,0.16,female,white,1,0,0,0,emergency_shelter,0,0,0,0,0,0,0,1,0
2024,38.1,0.17,female,white,1,0,0,0,other,0,0,0,0,0,0,0,0,0
2024,35.6,0.48,female,white,1,0,0,0,emergency_shelter,0,0,0,0,0,0,0,1,0
2024,18.4,1.22,female,white,1,0,0,0,emergency_shelter,1,0,0,0,0,0,0,1,0
2024,55.6,0.19,female,white,1,0,0,0,respite,0,0,0,1,0,1,0,1,0
2024,52.7,4.38,female,white,1,0,0,0,emergency_shelter,0,0,0,0,0,0,0,1,0
2024,40.6,3.08,female,white,1,0,0,0,emergency_shelter,0,0,0,0,0,0,0,0,0
2024,21.6,5.7,female,white,1,0,0,0,emergency_shelter,1,0,1,0,1,0,1,0,0
2024,23.2,0.07,female,white,1,0,0,0,emergency_shelter,1,0,0,0,0,0,0,0,0
2024,32.6,3.05,female,white,1,0,0,0,respite,0,0,0,1,0,0,1,1,0
2024,53.7,2.61,female,white,1,0,0,0,other,0,0,0,0,0,0,0,1,1
2024,44.3,3.72,female,white,1,0,0,0,emergency_shelter,0,0,0,0,0,0,0,1,0
2024,19.3,1.2,female,white,1,0,0,0,respite,1,0,0,0,0,0,0,0,0
2024,45.9,2.48,female,white,1,0,0,0,emergency_shelter,0,0,0,0,0,1,0,1,0
2024,28.5,0.08,female,white,1,0,0,0,emergency_shelter,0,0,1,0,0,0,0,0,1
2024,32.9,0.13,female,white,1,0,0,0,emergency_shelter,0,0,0,1,0,0,0,1,0
2024,53.8,0.2,female,white,1,0,0,0,emergency_shelter,0,0,0,0,0,0,0,0,0
2024,51.0,3.94,female,white,1,0,0,0,emergency_shelter,0,0,0,1,0,0,0,0,0
2024,55.5,0.1,female,white,1,0,0,0,emergency_shelter,0,0,0,0,0,0,0,0,0
2024,39.9,0.17,female,white,1,0,0,0,emergency_shelter,0,0,0,0,1,0,0,0,0
2024,52.6,4.26,female,white,1,0,0,0,emergency_shelter,0,0,0,0,0,1,1,0,0
2024,32.0,0.18,female,white,1,0,0,0,other,0,0,1,0,0,0,0,0,0
2024,36.6,3.26,female,white,1,0,0,0,other,0,0,0,0,0,0,1,1,0
2024,35.7,2.49,female,white,1,0,0,0,respite,0,0,1,0,0,1,0,1,0
2024,40.6,0.07,female,white,1,0,0,0,emergency_shelter,0,0,0,0,0,0,0,1,0
2024,22.2,0.05,female,white,1,0,0,0,emergency_shelter,1,0,0,0,0,0,0,0,0
2024,37.1,1.22,female,white,1,0,0,0,emergency_shelter,0,0,0,0,0,0,1,1,0
2024,60.6,8.0,female,white,1,0,0,0,emergency_shelter,0,0,0,0,0,0,0,1,0
2024,24.9,3.38,female,white,1,0,0,0,emergency_shelter,1,0,0,1,0,0,1,0,0
2024,21.6,0.59,female,white,1,0,0,0,emergency_shelter,1,0,1,0,1,1,0,0,0
2024,22.8,0.78,female,white,1,0,0,0,emergency_shelter,1,0,0,0,0,0,0,1,0
2024,77.5,0.79,female,white,1,0,0,0,emergency_shelter,0,0,0,0,0,0,1,0,0
2024,46.7,2.12,female,white,1,0,0,0,emergency_shelter,0,0,1,0,0,1,0,1,0
2024,36.5,0.67,female,white,1,0,0,0,emergency_shelter,0,0,0,0,1,0,0,0,0
2024,41.2,0.26,female,white,1,0,0,0,emergency_shelter,0,0,1,0,0,1,0,0,0
2024,43.4,2.2,female,white,1,0,0,0,emergency_shelter,0,0,0,0,0,0,0,1,0
2024,31.3,0.98,female,white,1,0,0,0,emergency_shelter,0,0,0,0,0,0,0,0,0
2024,33.0,0.13,female,white,1,0,0,0,emergency_shelter,0,0,0,0,0,0,1,1,0
2024,38.0,2.5,female,white,1,0,0,0,emergency_shelter,0,0,0,1,0,1,0,1,0
2024,30.1,1.41,female,white,1,0,0,0,emergency_shelter,0,0,0,0,1,1,0,1,0
2024,34.7,1.08,female,white,1,0,0,0,emergency_shelter,0,0,0,0,0,0,1,1,0
2024,45.2,1.79,female,white,1,0,0,0,emergency_shelter,0,0,0,0,0,1,1,0,0
2024,26.3,1.13,female,white,1,0,0,0,emergency_shelter,0,0,0,1,0,0,0,1,0
2024,76.8,1.67,female,white,1,0,0,0,emergency_shelter,0,0,1,0,1,0,0,1,1
2024,50.8,3.23,female,white,1,0,0,0,emergency_shelter,0,0,0,0,0,0,0,0,1
2024,22.5,1.52,female,white,1,0,0,0,emergency_shelter,1,0,0,0,0,1,0,0,0
2024,15.0,1.72,female,white,1,0,0,0,emergency_shelter,1,0,0,0,0,0,0,0,0
2024,30.6,1.52,female,white,1,0,0,0,emergency_shelter,0,0,0,0,1,0,0,1,1
2024,49.8,1.21,female,white,1,0,0,0,emergency_shelter,0,0,0,0,0,0,0,0,0
2024,47.1,0.3,female,white,1,0,0,0,emergency_shelter,0,0,0,0,1,1,1,1,0
2024,38.7,0.65,female,white,1,0,0,0,emergency_shelter,0,0,0,0,0,1,0,0,0
2024,31.8,1.89,female,white,1,0,0,0,emergency_shelter,0,0,0,0,1,0,0,0,0
2024,27.6,0.89,female,white,1,0,0,0,emergency_shelter,0,0,0,0,0,0,0,0,0
2024,34.6,0.83,female,white,1,0,0,0,emergency_shelter,0,0,0,0,0,0,0,1,0
2024,29.1,4.7,female,white,0,1,1,1,outdoor,0,0,0,0,0,1,0,1,0
2024,45.6,1.97,female,white,0,1,1,0,outdoor,0,0,0,0,0,0,0,0,0
2024,26.0,2.55,female,white,0,1,0,1,emergency_shelter,0,0,0,0,0,0,0,0,1
2024,53.9,1.07,female,other,1,1,1,0,outdoor,0,0,0,0,0,0,0,0,0
2024,62.4,2.3,female,other,1,1,1,0,outdoor,0,0,0,0,0,0,0,0,0
2024,43.4,3.21,female,other,1,1,1,0,outdoor,0,0,0,0,0,0,0,1,0
2024,32.1,0.7,female,other,1,1,1,0,outdoor,0,0,0,0,1,0,0,1,0
2024,63.3,0.96,female,other,1,1,1,0,outdoor,0,0,0,0,0,0,0,0,0
2024,39.2,1.02,female,other,1,1,1,0,outdoor,0,0,0,0,0,1,0,0,1
2024,31.8,0.63,female,other,1,1,1,0,outdoor,0,0,0,0,0,1,0,0,0
2024,29.4,2.18,female,other,1,1,1,0,outdoor,0,0,0,0,0,0,0,1,0
2024,23.5,1.18,female,other,1,1,1,0,outdoor,1,0,0,1,0,0,0,1,0
2024,79.9,3.92,female,other,1,1,1,0,outdoor,0,0,1,0,1,0,0,1,0
2024,60.1,1.68,female,other,1,1,1,0,outdoor,0,0,0,1,0,0,0,0,0
2024,31.0,0.38,female,other,1,1,1,0,outdoor,0,0,0,1,0,0,1,0,0
2024,64.5,0.29,female,other,1,1,1,0,outdoor,0,0,0,0,0,0,0,0,0
2024,47.7,0.75,female,other,1,1,1,0,outdoor,0,0,0,0,0,0,0,0,0
2024,46.9,0.68,female,other,1,1,1,0,outdoor,0,0,0,0,0,0,0,0,1
2024,30.2,0.84,female,other,1,1,1,0,outdoor,0,0,0,0,0,1,0,0,1
2024,33.0,0.32,female,other,1,1,1,0,outdoor,0,0,1,0,0,0,1,1,0
2024,39.6,6.12,female,other,1,1,1,0,outdoor,0,0,0,0,0,0,0,0,0
2024,15.0,0.25,female,other,1,1,1,0,outdoor,1,0,0,0,0,1,0,0,0
2024,33.4,1.69,female,other,1,1,1,0,outdoor,0,0,0,0,0,0,0,0,0
2024,40.3,0.05,female,other,1,1,1,0,outdoor,0,0,0,1,0,0,0,0,0
2024,58.6,0.84,female,other,1,1,1,0,outdoor,0,0,0,0,0,0,1,0,0
2024,31.6,0.59,female,other,1,1,1,0,outdoor,0,0,0,0,0,0,0,0,1
2024,51.6,0.77,female,other,1,1,1,0,outdoor,0,0,0,0,0,0,0,0,0
2024,15.0,1.1,female,other,1,1,1,0,outdoor,1,0,0,0,0,1,1,0,0
2024,56.6,1.47,female,other,1,1,1,0,outdoor,0,0,0,0,0,0,0,1,0
2024,27.6,1.4,female,other,1,1,1,0,outdoor,0,0,0,0,0,0,0,0,0
2024,42.1,1.59,female,other,1,1,1,0,outdoor,0,0,1,1,1,0,1,0,0
2024,45.9,2.98,female,other,1,1,1,0,outdoor,0,0,1,0,0,1,0,1,0
2024,43.2,3.48,female,other,1,1,1,0,outdoor,0,0,0,0,0,1,0,1,0
2024,38.7,2.14,female,other,1,1,1,0,outdoor,0,0,0,0,0,0,0,0,0
2024,22.9,0.13,female,other,1,1,1,0,outdoor,1,0,1,0,1,1,1,0,1
2024,27.8,5.2,female,other,1,1,1,0,outdoor,0,0,0,0,0,0,0,1,0
2024,54.2,4.71,female,other,1,1,1,0,outdoor,0,0,0,0,0,0,0,1,0
2024,31.9,1.99,female,other,1,1,1,0,outdoor,0,0,0,0,0,0,1,0,1
2024,38.8,1.17,female,other,1,1,1,0,outdoor,0,0,0,0,0,1,0,1,0
2024,19.3,0.46,female,other,1,1,1,0,outdoor,1,0,0,1,0,0,0,0,1
2024,52.3,2.26,female,other,1,1,1,0,outdoor,0,0,0,0,0,0,0,1,0
2024,21.8,3.36,female,other,1,1,1,0,outdoor,1,0,0,0,0,0,0,0,0
2024,53.1,1.75,female,other,1,1,1,0,outdoor,0,0,0,1,0,0,0,0,0
2024,25.4,1.59,female,other,1,1,1,0,outdoor,0,0,1,1,0,0,0,1,0
2024,54.4,0.34,female,other,1,1,1,0,outdoor,0,0,0,0,0,0,0,1,0
2024,40.4,0.71,female,other,1,1,1,0,outdoor,0,0,0,0,0,0,0,1,1
2024,35.4,3.15,female,other,1,1,0,1,emergency_shelter,0,0,0,0,0,0,0,0,0
2024,60.8,2.3,female,other,1,1,0,1,emergency_shelter,0,0,0,1,0,0,0,0,0
2024,52.5,4.11,female,other,1,1,0,1,emergency_shelter,0,0,0,0,0,0,0,0,0
2024,35.2,6.55,female,other,1,1,0,1,emergency_shelter,0,0,0,1,0,0,1,1,1
2024,40.1,5.94,female,other,1,1,0,1,emergency_shelter,0,0,0,0,0,0,0,1,0
2024,39.0,1.9,female,other,1,1,0,1,emergency_shelter,0,0,0,0,0,1,0,0,0
2024,47.0,4.19,female,other,1,1,0,1,respite,0,0,0,0,0,1,1,1,0
2024,63.3,1.45,female,other,1,1,0,1,other,0,0,0,0,0,0,0,0,0
2024,30.7,1.36,female,other,1,1,0,1,emergency_shelter,0,0,0,0,0,0,0,0,0
2024,47.3,8.18,female,other,1,1,0,1,emergency_shelter,0,0,0,0,0,0,0,0,0
2024,46.8,5.8,female,other,1,1,0,1,emergency_shelter,0,0,0,0,1,0,0,1,0
2024,15.4,7.59,female,other,1,1,0,1,emergency_shelter,1,0,0,0,1,0,0,0,0
2024,78.3,1.47,female,other,1,1,0,1,emergency_shelter,0,0,0,0,1,0,0,0,0
2024,46.2,17.63,female,other,1,1,0,1,emergency_shelter,0,0,1,0,0,0,0,0,0
2024,59.4,1.4,female,other,1,1,0,1,emergency_shelter,0,0,0,0,0,0,0,1,0
2024,20.6,12.59,female,other,1,1,0,1,emergency_shelter,1,0,0,0,0,1,0,0,0
2024,70.2,2.34,female,other,1,1,0,1,emergency_shelter,0,0,0,0,0,0,0,0,0
2024,38.3,1.31,female,other,1,1,0,1,other,0,0,0,0,1,0,0,1,0
2024,15.0,2.01,female,other,1,1,0,1,other,1,0,0,0,0,0,0,0,1
2024,23.3,1.57,female,other,1,1,0,1,emergency_shelter,1,0,0,0,0,1,0,0,0
2024,26.0,3.27,female,other,1,1,0,1,emergency_shelter,0,0,0,0,0,0,1,1,1
2024,32.4,26.37,female,other,1,1,0,1,emergency_shelter,0,0,0,0,0,0,0,1,1
2024,25.2,2.21,female,other,1,1,0,1,emergency_shelter,0,0,0,0,0,0,0,0,0
2024,54.6,4.52,female,other,1,1,0,1,respite,0,0,0,1,0,0,0,0,1
2024,45.7,14.61,female,other,1,1,0,1,emergency_shelter,0,0,0,0,0,0,0,1,0
2024,50.4,4.76,female,other,1,1,0,1,emergency_shelter,0,0,0,1,0,1,0,0,0
2024,49.3,2.4,female,other,1,1,0,1,emergency_shelter,0,0,0,1,0,0,0,0,0
2024,39.8,30.0,female,other,1,1,0,1,emergency_shelter,0,0,0,1,0,1,0,1,0
2024,21.4,1.59,female,other,1,1,0,1,emergency_shelter,1,0,1,0,0,0,0,1,1
2024,22.1,3.55,female,other,1,1,0,1,emergency_shelter,1,0,0,0,0,0,0,1,0
2024,22.7,8.57,female,other,1,1,0,1,emergency_shelter,1,0,0,1,0,0,0,0,0
2024,27.9,1.0,female,other,1,1,0,1,emergency_shelter,0,0,0,0,0,0,0,0,0
2024,66.9,5.97,female,other,1,1,0,1,emergency_shelter,0,0,0,0,0,0,0,0,0
2024,22.3,1.92,female,other,1,1,0,1,emergency_shelter,1,0,0,0,0,1,0,1,0
2024,63.9,1.53,female,other,1,1,0,1,emergency_shelter,0,0,0,0,0,0,0,1,1
2024,28.5,1.95,female,other,1,1,0,1,emergency_shelter,0,0,1,1,0,0,0,1,0
2024,24.3,30.0,female,other,1,1,0,1,emergency_shelter,1,0,0,0,0,1,1,1,0
2024,49.1,14.63,female,other,1,1,0,1,emergency_shelter,0,0,0,0,0,0,0,0,0
2024,61.0,1.7,female,other,1,1,0,1,emergency_shelter,0,0,0,0,0,0,0,0,0
2024,20.5,1.35,female,other,1,1,0,1,respite,1,0,0,0,0,0,0,1,0
2024,42.0,2.41,female,other,1,1,0,1,emergency_shelter,0,0,1,0,0,1,1,0,0
2024,59.9,4.28,female,other,1,1,0,1,emergency_shelter,0,0,0,0,1,0,0,0,0
2024,56.0,12.36,female,other,1,1,0,1,respite,0,0,0,0,0,0,0,0,0
2024,21.6,30.0,female,other,1,1,0,1,emergency_shelter,1,0,0,1,0,1,0,1,0
2024,40.4,7.11,female,other,1,1,0,1,emergency_shelter,0,0,0,0,0,0,0,0,0
2024,20.7,4.36,female,other,1,1,0,1,emergency_shelter,1,0,0,1,0,0,1,1,0
2024,48.5,1.43,female,other,1,1,0,1,emergency_shelter,0,0,0,0,0,0,0,0,0
2024,45.6,1.21,female,other,1,1,0,1,emergency_shelter,0,0,0,1,0,0,0,1,0
2024,51.1,4.32,female,other,1,1,0,1,emergency_shelter,0,0,0,0,0,0,0,1,1
2024,29.9,3.7,female,other,1,1,0,1,emergency_shelter,0,0,0,0,0,0,0,1,0
2024,33.4,10.93,female,other,1,1,0,1,other,0,0,1,1,0,0,0,0,0
2024,57.1,2.19,female,other,1,1,0,1,emergency_shelter,0,0,0,0,0,0,0,0,0
2024,57.7,1.11,female,other,1,1,0,1,emergency_shelter,0,0,1,0,0,1,0,0,1
2024,66.6,2.78,female,other,1,1,0,1,emergency_shelter,0,0,0,0,0,0,0,0,0
2024,63.1,30.0,female,other,1,1,0,1,emergency_shelter,0,0,0,0,0,0,0,0,0
2024,20.2,8.53,female,other,1,1,0,1,emergency_shelter,1,0,0,0,0,0,0,1,0
2024,60.4,1.09,female,other,1,1,0,1,emergency_shelter,0,0,0,0,0,0,0,0,0
2024,42.8,12.97,female,other,1,1,0,1,respite,0,0,0,1,0,0,0,0,0
2024,53.4,3.12,female,other,1,1,0,1,emergency_shelter,0,0,0,0,0,0,0,0,0
2024,38.5,2.41,female,other,1,1,0,1,emergency_shelter,0,0,0,0,0,0,0,0,0
2024,30.4,2.31,female,other,1,1,0,1,respite,0,0,0,0,0,0,0,0,0
2024,39.2,4.31,female,other,1,1,0,1,emergency_shelter,0,0,0,0,0,0,0,0,0
2024,44.1,3.62,female,other,1,1,0,1,emergency_shelter,0,0,0,1,0,0,0,1,0
2024,47.3,5.16,female,other,1,1,0,1,emergency_shelter,0,0,0,0,0,0,0,0,0
2024,56.9,4.06,female,other,1,1,0,1,emergency_shelter,0,0,1,0,1,0,0,0,1
2024,28.7,1.44,female,other,1,1,0,1,respite,0,0,0,0,0,0,1,0,1
2024,27.5,1.88,female,other,1,1,0,1,other,0,0,0,0,0,0,0,0,0
2024,20.4,10.63,female,other,1,1,0,1,emergency_shelter,1,0,1,0,0,0,0,1,0
2024,40.1,5.26,female,other,1,1,0,1,emergency_shelter,0,0,1,1,0,1,1,1,0
2024,31.0,2.95,female,other,1,1,0,1,emergency_shelter,0,0,0,0,0,0,0,0,0
2024,38.6,1.58,female,other,1,1,0,1,emergency_shelter,0,0,0,0,1,1,0,0,0
2024,43.6,1.02,female,other,1,1,0,1,emergency_shelter,0,0,1,1,0,1,0,1,0
2024,18.3,2.13,female,other,1,1,0,1,emergency_shelter,1,0,0,0,0,0,0,0,0
2024,35.5,1.15,female,other,1,1,0,1,emergency_shelter,0,0,0,1,0,0,0,1,0
2024,48.3,3.2,female,other,1,1,0,1,other,0,0,0,0,0,0,0,0,1
2024,44.2,9.63,female,other,1,1,0,1,emergency_shelter,0,0,0,0,0,1,0,1,0
2024,38.0,2.0,female,other,1,1,0,1,emergency_shelter,0,0,1,0,1,0,0,0,1
2024,42.7,11.03,female,other,1,1,0,1,respite,0,0,0,0,0,0,0,1,1
2024,39.4,6.02,female,other,1,1,0,1,emergency_shelter,0,0,0,0,0,0,0,0,0
2024,29.3,1.37,female,other,1,1,0,1,emergency_shelter,0,0,0,0,0,0,0,1,0
2024,26.9,4.97,female,other,1,1,0,1,emergency_shelter,0,0,0,0,0,0,0,0,0
2024,80.9,1.46,female,other,1,1,0,1,other,0,0,0,0,0,0,0,0,0
2024,52.0,5.13,female,other,1,1,0,1,emergency_shelter,0,0,0,0,0,0,0,0,0
2024,58.4,1.43,female,other,1,1,0,1,emergency_shelter,0,0,0,0,1,0,0,1,0
2024,51.7,2.58,female,other,1,1,0,1,emergency_shelter,0,0,0,0,0,0,0,1,0
2024,62.7,3.98,female,other,1,1,0,1,emergency_shelter,0,0,0,1,0,0,0,1,1
2024,51.3,1.14,female,other,1,1,0,1,emergency_shelter,0,0,0,0,0,0,0,0,0
2024,15.0,1.47,female,other,1,1,0,1,emergency_shelter,1,0,0,0,0,0,0,0,0
2024,31.5,2.17,female,other,1,1,0,1,emergency_shelter,0,0,0,0,0,0,0,0,0
2024,46.5,3.05,female,other,1,1,0,1,emergency_shelter,0,0,1,1,0,0,1,1,0
2024,46.2,11.73,female,other,1,1,0,1,emergency_shelter,0,0,0,0,0,0,0,0,0
2024,45.1,1.59,female,other,1,1,0,1,emergency_shelter,0,0,0,0,0,0,0,0,0
2024,27.6,2.32,female,other,1,1,0,1,emergency_shelter,0,0,0,1,0,0,1,1,0
2024,35.4,3.15,female,other,1,1,0,1,emergency_shelter,0,0,0,0,0,0,0,0,0
2024,46.7,2.05,female,other,1,1,0,1,respite,0,0,0,0,1,0,0,0,0
2024,43.7,4.7,female,other,1,1,0,1,emergency_shelter,0,0,0,0,0,0,0,1,0
2024,54.1,1.87,female,other,1,1,0,1,emergency_shelter,0,0,1,0,0,1,0,0,0
2024,28.2,7.73,female,other,1,1,0,1,emergency_shelter,0,0,0,0,0,0,0,0,1
2024,50.0,3.39,female,other,1,1,0,1,other,0,0,0,0,1,1,0,0,0
2024,35.2,1.25,female,other,1,1,0,1,respite,0,0,0,0,0,0,0,1,0
2024,38.2,4.72,female,other,1,1,0,1,emergency_shelter,0,0,0,0,0,0,0,1,0
2024,42.5,4.01,female,other,1,1,0,1,other,0,0,0,1,0,1,0,0,1
2024,19.0,2.27,female,other,1,1,0,1,respite,1,0,0,0,0,0,0,1,0
2024,45.0,1.03,female,other,1,1,0,1,respite,0,0,0,0,0,0,0,1,0
2024,60.8,1.64,female,other,1,1,0,1,emergency_shelter,0,0,0,1,0,1,1,1,0
2024,26.2,2.66,female,other,1,1,0,1,respite,0,0,0,0,1,1,0,0,0
2024,69.2,1.64,female,other,1,1,0,1,respite,0,0,0,1,0,0,0,1,0
2024,34.2,4.1,female,other,1,1,0,1,emergency_shelter,0,0,0,0,0,0,0,1,0
2024,51.5,6.18,female,other,1,1,0,1,other,0,0,0,0,0,0,0,0,0
2024,24.7,11.56,female,other,1,1,0,1,emergency_shelter,1,0,0,1,1,0,0,1,1
2024,73.5,5.01,female,other,1,1,0,1,emergency_shelter,0,0,0,1,0,0,0,1,1
2024,28.4,5.71,female,other,1,1,0,1,emergency_shelter,0,0,0,0,0,0,1,0,0
2024,46.1,4.47,female,other,1,1,0,1,emergency_shelter,0,0,0,0,0,1,0,0,1
2024,35.7,30.0,female,other,1,1,0,1,respite,0,0,0,0,0,0,0,1,0
2024,42.5,1.89,female,other,1,1,0,1,emergency_shelter,0,0,0,0,0,0,0,1,1
2024,44.8,1.92,female,other,1,1,0,1,emergency_shelter,0,0,0,0,1,1,1,1,0
2024,38.7,1.38,female,other,1,1,0,1,emergency_shelter,0,0,0,0,0,0,0,0,1
2024,33.7,3.23,female,other,1,1,0,1,emergency_shelter,0,0,0,0,0,1,0,1,0
2024,42.6,1.28,female,other,1,1,0,1,emergency_shelter,0,0,0,1,0,1,0,1,0
2024,42.3,1.93,female,other,1,1,0,1,emergency_shelter,0,0,0,0,0,1,0,0,0
2024,47.8,3.21,female,other,1,1,0,1,emergency_shelter,0,0,0,1,0,1,0,1,1
2024,50.0,29.89,female,other,1,1,0,1,emergency_shelter,0,0,0,0,1,0,0,1,1
2024,54.6,30.0,female,other,1,1,0,1,emergency_shelter,0,0,0,0,0,0,0,1,0
2024,51.1,6.91,female,other,1,1,0,1,emergency_shelter,0,0,0,0,0,0,1,1,0
2024,45.1,2.56,female,other,1,1,0,1,emergency_shelter,0,0,0,0,1,1,0,1,0
2024,39.6,12.21,female,other,1,1,0,1,emergency_shelter,0,0,0,0,0,0,0,0,0
2024,21.8,13.04,female,other,1,1,0,1,emergency_shelter,1,0,0,1,1,1,1,1,0
2024,45.4,16.95,female,other,1,1,0,1,respite,0,0,1,0,0,0,0,0,0
2024,58.6,4.9,female,other,1,1,0,1,emergency_shelter,0,0,0,0,0,0,0,1,0
2024,32.5,1.65,female,other,1,1,0,1,emergency_shelter,0,0,0,0,0,0,0,0,0
2024,33.9,1.26,female,other,1,1,0,1,emergency_shelter,0,0,1,0,0,0,0,0,0
2024,61.5,17.65,female,other,1,1,0,1,emergency_shelter,0,0,0,0,0,0,0,1,0
2024,66.1,1.16,female,other,1,1,0,1,emergency_shelter,0,0,0,0,0,0,1,1,0
2024,31.5,2.05,female,other,1,1,0,1,emergency_shelter,0,0,0,0,0,0,0,0,0
2024,79.0,3.24,female,other,1,1,0,1,emergency_shelter,0,0,0,0,0,0,0,0,1
2024,49.1,1.06,female,other,1,1,0,1,emergency_shelter,0,0,1,0,0,0,0,1,0
2024,56.2,16.47,female,other,1,1,0,1,emergency_shelter,0,0,1,0,0,1,0,1,0
2024,38.3,2.01,female,other,1,1,0,1,respite,0,0,0,0,0,0,0,1,0
2024,46.8,1.08,female,other,1,1,0,1,other,0,0,1,1,0,1,0,0,0
2024,49.2,30.0,female,other,1,1,0,1,emergency_shelter,0,0,0,0,0,1,0,0,0
2024,30.6,2.13,female,other,1,1,0,1,emergency_shelter,0,0,0,0,0,0,0,1,0
2024,66.4,13.15,female,other,1,1,0,1,emergency_shelter,0,0,1,0,0,0,0,1,0
2024,42.7,2.98,female,other,1,1,0,1,emergency_shelter,0,0,0,0,1,0,0,1,0
2024,36.2,5.26,female,other,1,1,0,1,emergency_shelter,0,0,0,1,0,1,0,1,1
2024,27.0,1.81,female,other,1,1,0,1,emergency_shelter,0,0,0,1,0,0,1,1,0
2024,51.1,3.37,female,other,1,1,0,1,respite,0,0,1,1,0,0,1,0,0
2024,46.8,1.88,female,other,1,1,0,1,other,0,0,0,0,0,0,0,0,0
2024,29.6,26.91,female,other,1,1,0,1,emergency_shelter,0,0,0,0,0,0,0,1,0
2024,45.2,1.17,female,other,1,1,0,1,other,0,0,0,0,0,0,0,0,0
2024,50.1,1.95,female,other,1,1,0,1,emergency_shelter,0,0,0,1,0,0,0,0,0
2024,37.7,14.76,female,other,1,1,0,1,emergency_shelter,0,0,0,0,0,0,1,1,0
2024,48.5,3.19,female,other,1,1,0,1,emergency_shelter,0,0,1,0,1,1,0,0,0
2024,43.3,4.37,female,other,1,1,0,1,emergency_shelter,0,0,0,1,0,1,0,1,0
2024,40.2,5.08,female,other,1,1,0,1,other,0,0,1,0,0,1,0,1,0
2024,29.8,1.2,female,other,1,1,0,1,emergency_shelter,0,0,0,0,0,0,0,1,0
2024,46.0,1.05,female,other,1,1,0,1,emergency_shelter,0,0,0,0,0,0,0,0,0
2024,15.0,22.49,female,other,1,1,0,1,emergency_shelter,1,0,0,1,0,0,0,0,0
2024,63.4,1.94,female,other,1,1,0,1,other,0,0,0,0,0,0,0,1,0
2024,59.9,2.5,female,other,1,1,0,1,other,0,0,0,0,0,0,0,1,0
2024,28.9,5.59,female,other,1,1,0,1,emergency_shelter,0,0,0,0,0,0,1,1,0
2024,23.1,1.79,female,other,1,1,0,1,emergency_shelter,1,0,0,1,1,0,0,0,0
2024,59.6,6.65,female,other,1,1,0,1,respite,0,0,0,0,0,0,0,0,0
2024,40.9,3.02,female,other,1,1,0,1,emergency_shelter,0,0,0,1,0,0,1,0,0
2024,44.1,11.6,female,other,1,1,0,1,other,0,0,1,0,0,0,1,0,1
2024,43.6,1.97,female,other,1,1,0,1,respite,0,0,0,1,0,0,1,1,0
2024,24.8,1.66,female,other,1,1,0,1,emergency_shelter,1,0,0,0,0,0,0,0,0
2024,54.2,10.12,female,other,1,1,0,1,emergency_shelter,0,0,0,0,1,0,0,1,0
2024,49.5,2.21,female,other,1,1,0,1,emergency_shelter,0,0,0,0,0,0,0,1,0
2024,43.5,2.7,female,other,1,1,0,1,emergency_shelter,0,0,1,0,0,0,0,1,1
2024,15.0,8.46,female,other,1,1,0,1,emergency_shelter,1,0,1,0,0,0,0,1,1
2024,50.3,4.84,female,other,1,1,0,1,other,0,0,0,0,0,0,0,0,0
2024,48.5,2.9,female,other,1,1,0,1,other,0,0,0,0,0,0,0,0,0
2024,41.9,1.85,female,other,1,1,0,1,emergency_shelter,0,0,0,1,0,0,0,1,0
2024,56.7,7.48,female,other,1,1,0,1,emergency_shelter,0,0,0,1,0,0,0,0,0
2024,59.0,1.57,female,other,1,1,0,1,emergency_shelter,0,0,0,0,0,0,0,0,0
2024,47.9,20.17,female,other,1,1,0,1,respite,0,0,0,0,0,0,0,1,0
2024,22.1,1.46,female,other,1,1,0,1,emergency_shelter,1,0,1,0,0,0,0,0,0
2024,25.5,8.89,female,other,1,1,0,1,other,0,0,0,1,0,0,0,1,0
2024,33.5,2.78,female,other,1,1,0,1,emergency_shelter,0,0,0,0,0,1,0,1,1
2024,39.8,1.59,female,other,1,1,0,1,emergency_shelter,0,0,1,1,1,0,0,0,0
2024,55.0,2.64,female,other,1,1,0,1,emergency_shelter,0,0,1,0,0,0,0,1,0
2024,47.8,1.73,female,other,1,1,0,1,emergency_shelter,0,0,0,0,0,0,0,0,0
2024,40.9,1.41,female,other,1,1,0,1,emergency_shelter,0,0,0,1,0,0,1,0,0
2024,52.0,1.8,female,other,1,1,0,1,respite,0,0,0,0,0,0,0,0,1
2024,32.4,12.38,female,other,1,1,0,1,emergency_shelter,0,0,0,0,0,1,1,1,1
2024,52.0,1.31,female,other,1,1,0,1,respite,0,0,1,1,1,1,0,0,1
2024,46.4,30.0,female,other,1,1,0,1,emergency_shelter,0,0,0,0,1,0,0,0,1
2024,50.6,1.01,female,other,1,1,0,1,emergency_shelter,0,0,0,0,0,1,0,0,0
2024,55.1,5.18,female,other,1,1,0,1,emergency_shelter,0,0,0,0,1,0,0,0,0
2024,42.6,11.59,female,other,1,1,0,1,emergency_shelter,0,0,1,0,1,1,1,1,1
2024,15.4,21.48,female,other,1,1,0,1,respite,1,0,0,1,0,0,0,0,0
2024,34.0,1.44,female,other,1,1,0,1,emergency_shelter,0,0,0,0,0,0,0,1,0
2024,54.2,5.89,female,other,1,1,0,1,emergency_shelter,0,0,0,0,0,0,0,0,0
2024,35.3,1.31,female,other,1,1,0,1,respite,0,0,0,0,0,0,0,1,0
2024,33.9,2.35,female,other,1,1,0,1,other,0,0,0,0,0,0,0,0,1
2024,44.1,6.62,female,other,1,1,0,1,emergency_shelter,0,0,0,0,0,0,0,1,0
2024,58.5,2.31,female,other,1,1,0,1,emergency_shelter,0,0,0,0,0,0,0,1,0
2024,49.6,2.14,female,other,1,1,0,1,emergency_shelter,0,0,0,1,0,1,0,1,0
2024,67.6,1.34,female,other,1,1,0,1,emergency_shelter,0,0,0,0,0,0,0,0,0
2024,48.9,1.19,female,other,1,1,0,1,emergency_shelter,0,0,0,0,0,0,0,1,1
2024,48.3,1.34,female,other,1,1,0,1,respite,0,0,0,0,0,0,0,0,1
2024,40.0,13.04,female,other,1,1,0,1,emergency_shelter,0,0,0,0,0,0,0,0,0
2024,21.5,1.03,female,other,1,1,0,1,emergency_shelter,1,0,0,0,0,0,0,0,0
2024,45.3,5.79,female,other,1,1,0,1,emergency_shelter,0,0,0,0,0,0,0,0,0
2024,43.8,7.61,female,other,1,1,0,1,respite,0,0,0,1,1,0,1,1,0
2024,52.5,4.0,female,other,1,1,0,1,emergency_shelter,0,0,0,0,0,1,0,1,0
2024,47.5,6.59,female,other,1,1,0,1,emergency_shelter,0,0,1,0,0,0,0,0,1
2024,47.0,5.09,female,other,1,1,0,1,emergency_shelter,0,0,0,0,0,0,0,0,0
2024,59.1,3.0,female,other,1,1,0,1,emergency_shelter,0,0,1,0,0,0,1,0,0
2024,39.6,2.52,female,other,1,1,0,1,emergency_shelter,0,0,0,0,0,0,0,0,1
2024,55.0,23.49,female,other,1,1,0,1,emergency_shelter,0,0,0,0,0,0,0,0,0
2024,61.3,30.0,female,other,1,1,0,1,emergency_shelter,0,0,0,0,0,0,0,0,0
2024,35.5,5.07,female,other,1,1,0,1,emergency_shelter,0,0,0,1,0,0,0,0,0
2024,37.5,1.63,female,other,1,1,0,1,emergency_shelter,0,0,0,1,1,0,0,1,1
2024,32.5,2.94,female,other,1,1,0,1,other,0,0,0,0,0,0,0,0,1
2024,24.2,3.32,female,other,1,1,0,1,emergency_shelter,1,0,0,1,0,1,0,1,1
2024,69.0,7.3,female,other,1,1,0,1,respite,0,0,1,1,1,1,1,0,0
2024,85.0,5.34,female,other,1,1,0,1,emergency_shelter,0,0,0,0,0,0,1,1,0
2024,46.2,3.48,female,other,1,1,0,1,emergency_shelter,0,0,0,0,0,1,1,1,0
2024,38.6,5.56,female,other,1,1,0,1,emergency_shelter,0,0,0,0,0,0,0,1,0
2024,67.6,1.07,female,other,1,1,0,1,emergency_shelter,0,0,0,1,0,1,0,1,0
2024,51.6,7.87,female,other,1,1,0,1,emergency_shelter,0,0,0,0,0,0,0,0,0
2024,32.7,1.69,female,other,1,1,0,1,emergency_shelter,0,0,0,1,1,0,0,0,0
2024,30.9,5.15,female,other,1,1,0,1,other,0,0,0,1,1,1,0,1,1
2024,54.7,1.34,female,other,1,1,0,1,emergency_shelter,0,0,0,0,0,0,1,0,0
2024,48.6,1.34,female,other,1,1,0,1,emergency_shelter,0,0,0,1,0,0,0,1,1
2024,58.9,1.1,female,other,1,1,0,1,emergency_shelter,0,0,0,1,1,0,0,1,1
2024,53.1,16.95,female,other,1,1,0,1,emergency_shelter,0,0,0,0,0,1,0,1,0
2024,26.1,4.42,female,other,1,1,0,1,emergency_shelter,0,0,0,0,0,0,0,0,0
2024,32.4,2.4,female,other,1,1,0,1,emergency_shelter,0,0,0,0,0,0,0,1,0
2024,30.9,8.24,female,other,1,1,0,1,emergency_shelter,0,0,0,0,0,0,0,1,1
2024,46.3,4.71,female,other,1,1,0,1,other,0,0,0,0,1,1,1,1,1
2024,41.5,4.63,female,other,1,1,0,1,emergency_shelter,0,0,0,0,0,0,0,0,1
2024,36.9,3.24,female,other,1,1,0,1,emergency_shelter,0,0,0,0,0,0,0,0,0
2024,38.9,1.02,female,other,1,1,0,1,emergency_shelter,0,0,0,0,0,0,0,0,0
2024,52.7,1.88,female,other,1,1,0,1,emergency_shelter,0,0,0,0,0,1,0,0,1
2024,40.7,1.32,female,other,1,1,0,1,respite,0,0,0,1,1,1,1,0,1
2024,33.7,5.25,female,other,1,1,0,1,other,0,0,0,0,0,0,0,0,0
2024,25.0,1.84,female,other,1,1,0,1,emergency_shelter,1,0,0,0,0,0,0,1,0
2024,30.6,2.96,female,other,1,1,0,1,emergency_shelter,0,0,0,0,0,0,0,1,1
2024,58.2,2.35,female,other,1,1,0,1,emergency_shelter,0,0,0,0,0,1,0,0,0
2024,33.9,1.43,female,other,1,1,0,1,other,0,0,0,0,0,0,0,0,0
2024,68.6,30.0,female,other,1,1,0,1,emergency_shelter,0,0,0,0,0,0,0,0,1
2024,52.0,21.35,female,other,1,1,0,1,emergency_shelter,0,0,0,0,0,0,0,0,0
2024,31.8,1.24,female,other,1,1,0,1,emergency_shelter,0,0,0,0,0,0,0,0,0
2024,34.7,9.9,female,other,1,1,0,1,emergency_shelter,0,0,0,1,0,0,0,0,1
2024,15.0,3.25,female,other,1,1,0,1,emergency_shelter,1,0,0,0,0,0,0,0,0
2024,37.1,7.77,female,other,1,1,0,1,emergency_shelter,0,0,0,0,0,0,0,0,1
2024,70.5,1.46,female,other,1,1,0,1,emergency_shelter,0,0,0,0,0,0,0,0,0
2024,66.1,1.4,female,other,1,1,0,1,emergency_shelter,0,0,0,1,0,1,1,0,0
2024,65.8,14.5,female,other,1,1,0,1,emergency_shelter,0,0,0,0,0,0,0,1,1
2024,51.8,15.3,female,other,1,1,0,1,emergency_shelter,0,0,0,0,0,0,0,1,0
2024,40.7,3.08,female,other,1,1,0,1,respite,0,0,0,1,0,0,0,0,1
2024,44.6,12.6,female,other,1,1,0,1,emergency_shelter,0,0,0,1,0,0,0,0,0
2024,50.9,5.33,female,other,1,1,0,1,emergency_shelter,0,0,1,0,0,1,0,1,1
2024,43.0,1.58,female,other,1,1,0,1,emergency_shelter,0,0,0,0,0,0,0,0,1
2024,32.2,2.22,female,other,1,1,0,1,emergency_shelter,0,0,0,0,0,0,0,0,0
2024,42.2,1.41,female,other,1,1,0,1,emergency_shelter,0,0,0,0,0,0,0,1,1
2024,24.3,7.78,female,other,1,1,0,1,emergency_shelter,1,0,0,0,0,0,0,1,0
2024,51.6,30.0,female,other,1,1,0,1,emergency_shelter,0,0,0,1,0,0,0,0,0
2024,30.5,3.78,female,other,1,1,0,1,emergency_shelter,0,0,0,0,0,0,0,1,0
2024,51.2,5.15,female,other,1,1,0,1,emergency_shelter,0,0,0,0,0,1,0,0,0
2024,28.1,6.98,female,other,1,1,0,1,other,0,0,1,1,0,0,1,0,1
2024,40.9,1.74,female,other,1,1,0,1,other,0,0,0,1,0,0,0,1,0
2024,47.1,2.26,female,other,1,1,0,1,emergency_shelter,0,0,0,0,0,0,0,0,0
2024,40.9,2.7,female,other,1,1,0,1,emergency_shelter,0,0,0,1,1,0,1,1,1
2024,52.2,4.3,female,other,1,1,0,1,respite,0,0,0,0,0,0,0,1,0
2024,49.5,11.2,female,other,1,1,0,1,respite,0,0,1,1,1,0,0,0,1
2024,37.3,1.86,female,other,1,1,0,1,respite,0,0,0,0,0,1,0,1,0
2024,35.0,3.11,female,other,1,1,0,1,emergency_shelter,0,0,0,1,0,1,0,0,0
2024,34.0,7.12,female,other,1,1,0,1,emergency_shelter,0,0,0,0,0,0,0,1,0
2024,32.0,1.25,female,other,1,1,0,1,emergency_shelter,0,0,0,0,0,1,0,1,0
2024,72.6,3.46,female,other,1,1,0,1,respite,0,0,0,0,0,0,1,0,0
2024,34.4,1.44,female,other,1,1,0,1,respite,0,0,1,0,0,0,0,0,0
2024,58.5,3.7,female,other,1,1,0,1,emergency_shelter,0,0,1,0,1,0,0,1,0
2024,45.5,7.59,female,other,1,1,0,1,emergency_shelter,0,0,1,0,0,0,0,1,0
2024,38.3,1.79,female,other,1,1,0,1,emergency_shelter,0,0,0,0,0,1,0,1,0
2024,46.0,11.14,female,other,1,1,0,1,emergency_shelter,0,0,0,0,0,1,0,1,1
2024,46.8,2.25,female,other,1,1,0,1,emergency_shelter,0,0,0,0,0,0,0,1,1
2024,18.6,1.61,female,other,1,1,0,1,emergency_shelter,1,0,1,0,1,0,0,0,1
2024,42.1,3.07,female,other,1,1,0,1,emergency_shelter,0,0,0,0,0,0,0,0,0
2024,43.3,13.09,female,other,1,1,0,1,emergency_shelter,0,0,0,0,0,0,0,0,1
2024,35.6,0.34,female,other,1,1,0,0,emergency_shelter,0,0,0,0,0,0,0,1,1
2024,52.2,0.23,female,other,1,1,0,0,emergency_shelter,0,0,1,1,0,0,0,1,1
2024,49.1,0.72,female,other,1,1,0,0,emergency_shelter,0,0,0,0,0,0,0,1,0
2024,38.5,1.49,female,other,1,1,0,0,respite,0,0,1,1,0,0,0,1,0
2024,38.1,0.25,female,other,1,1,0,0,respite,0,0,0,0,0,0,0,0,0
2024,26.6,0.07,female,other,1,1,0,0,other,0,0,0,1,0,0,0,0,0
2024,62.3,0.06,female,other,1,1,0,0,emergency_shelter,0,0,1,1,1,0,1,1,0
2024,68.6,0.5,female,other,1,1,0,0,respite,0,0,1,0,0,1,0,0,1
2024,55.9,0.34,female,other,1,1,0,0,emergency_shelter,0,0,0,0,0,0,0,1,0
2024,49.4,1.24,female,other,1,1,0,0,emergency_shelter,0,0,0,1,0,0,0,0,0
2024,48.5,0.97,female,other,1,1,0,0,respite,0,0,1,0,0,0,0,1,0
2024,44.9,0.63,female,other,1,1,0,0,other,0,0,0,0,0,0,0,1,0
2024,15.6,2.87,female,other,1,1,0,0,emergency_shelter,1,0,0,0,0,0,0,1,0
2024,33.6,1.12,female,other,1,1,0,0,emergency_shelter,0,0,0,0,0,0,0,0,0
2024,51.7,0.15,female,other,1,1,0,0,emergency_shelter,0,0,0,0,1,1,0,0,0
2024,28.4,0.56,female,other,1,1,0,0,emergency_shelter,0,0,0,0,0,0,0,0,0
2024,42.4,5.8,female,other,1,1,0,0,respite,0,0,0,0,0,0,0,0,0
2024,56.4,6.03,female,other,1,1,0,0,emergency_shelter,0,0,0,0,0,0,0,1,0
2024,56.7,0.47,female,other,1,1,0,0,emergency_shelter,0,0,0,0,1,1,0,1,0
2024,53.4,0.29,female,other,1,1,0,0,emergency_shelter,0,0,0,1,0,0,0,0,1
2024,44.2,1.1,female,other,1,1,0,0,emergency_shelter,0,0,0,0,0,0,0,1,0
2024,51.4,1.05,female,other,1,1,0,0,respite,0,0,0,1,0,0,0,1,1
2024,36.9,0.84,female,other,1,1,0,0,emergency_shelter,0,0,0,1,1,0,0,1,1
2024,64.1,1.21,female,other,1,1,0,0,emergency_shelter,0,0,0,0,0,0,0,0,0
2024,18.0,0.42,female,other,1,1,0,0,respite,1,0,0,1,0,0,1,1,1
2024,41.2,0.2,female,other,1,1,0,0,emergency_shelter,0,0,0,0,0,0,0,1,0
2024,33.6,1.35,female,other,1,1,0,0,emergency_shelter,0,0,0,1,0,0,0,1,0
2024,49.8,4.32,female,other,1,1,0,0,emergency_shelter,0,0,0,0,0,0,1,0,0
2024,35.5,0.24,female,other,1,1,0,0,emergency_shelter,0,0,0,0,0,0,0,0,1
2024,74.1,1.95,female,other,1,1,0,0,emergency_shelter,0,0,0,0,0,0,0,0,0
2024,53.1,0.92,female,other,1,1,0,0,emergency_shelter,0,0,1,0,0,0,0,1,0
2024,26.3,0.56,female,other,1,1,0,0,emergency_shelter,0,0,0,0,0,0,0,1,0
2024,15.0,3.07,female,other,1,1,0,0,emergency_shelter,1,0,0,0,0,0,0,1,0
2024,24.3,0.98,female,other,1,1,0,0,emergency_shelter,1,0,0,1,0,0,1,1,1
2024,48.1,1.4,female,other,1,1,0,0,emergency_shelter,0,0,0,0,0,0,0,1,0
2024,36.5,0.94,female,other,1,1,0,0,emergency_shelter,0,0,0,0,0,1,0,0,0
2024,32.2,0.14,female,other,1,1,0,0,emergency_shelter,0,0,0,1,0,0,0,1,0
2024,30.1,1.45,female,other,1,1,0,0,emergency_shelter,0,0,0,0,1,0,0,1,0
2024,51.9,0.87,female,other,1,1,0,0,emergency_shelter,0,0,1,0,1,0,0,1,0
2024,35.6,0.15,female,other,1,1,0,0,emergency_shelter,0,0,0,0,0,0,0,0,0
2024,34.1,1.45,female,other,1,1,0,0,emergency_shelter,0,0,0,0,0,0,0,0,0
2024,54.2,0.05,female,other,1,1,0,0,emergency_shelter,0,0,0,0,0,0,0,0,0
2024,62.1,0.37,female,other,1,1,0,0,emergency_shelter,0,0,0,0,0,0,0,0,0
2024,24.6,2.43,female,other,1,1,0,0,respite,1,0,0,0,0,0,0,0,0
2024,56.7,0.06,female,other,1,1,0,0,emergency_shelter,0,0,0,1,0,0,0,1,0
2024,38.7,1.66,female,other,1,1,0,0,emergency_shelter,0,0,0,0,0,0,0,1,0
2024,53.1,4.78,female,other,1,1,0,0,emergency_shelter,0,0,0,0,0,0,0,1,0
2024,49.4,0.3,female,other,1,1,0,0,emergency_shelter,0,0,0,0,0,0,0,1,0
2024,40.5,0.86,female,other,1,1,0,0,emergency_shelter,0,0,0,0,0,0,0,1,0
2024,41.1,1.37,female,other,1,1,0,0,emergency_shelter,0,0,0,0,0,0,0,0,0
2024,49.6,0.96,female,other,1,1,0,0,emergency_shelter,0,0,0,0,0,1,0,0,1
2024,24.9,1.55,female,other,1,1,0,0,emergency_shelter,1,0,0,0,0,1,1,0,0
2024,24.2,0.83,female,other,1,1,0,0,emergency_shelter,1,0,1,0,0,0,0,0,0
2024,69.4,0.26,female,other,1,1,0,0,emergency_shelter,0,0,0,0,0,1,0,0,0
2024,56.6,0.15,female,other,1,1,0,0,respite,0,0,0,0,0,0,0,1,0
2024,54.1,2.18,female,other,1,1,0,0,emergency_shelter,0,0,0,0,0,0,0,0,1
2024,38.0,0.44,female,other,1,1,0,0,emergency_shelter,0,0,1,0,0,0,0,0,0
2024,17.3,3.01,female,other,1,1,0,0,respite,1,0,1,0,0,0,0,1,0
2024,32.8,2.17,female,other,1,1,0,0,emergency_shelter,0,0,0,0,0,0,0,0,0
2024,46.0,0.08,female,other,1,1,0,0,emergency_shelter,0,0,0,0,1,0,0,0,0
2024,56.3,0.36,female,other,1,1,0,0,emergency_shelter,0,0,0,0,0,1,0,0,1
2024,46.2,0.55,female,other,1,1,0,0,emergency_shelter,0,0,0,1,0,0,0,0,0
2024,46.6,1.44,female,other,1,1,0,0,emergency_shelter,0,0,0,1,1,1,0,1,0
2024,37.8,2.66,female,other,1,1,0,0,emergency_shelter,0,0,0,0,0,0,0,0,0
2024,49.3,0.1,female,other,1,1,0,0,emergency_shelter,0,0,0,0,0,0,0,1,0
2024,27.5,0.46,female,other,1,1,0,0,emergency_shelter,0,0,0,0,0,0,0,0,0
2024,42.0,0.76,female,other,1,1,0,0,emergency_shelter,0,0,0,1,0,0,0,0,0
2024,37.0,0.32,female,other,1,1,0,0,emergency_shelter,0,0,0,0,0,0,0,0,0
2024,60.5,1.26,female,other,1,1,0,0,emergency_shelter,0,0,0,0,0,0,0,1,0
2024,15.0,1.04,female,other,1,1,0,0,emergency_shelter,1,0,0,0,0,0,0,0,0
2024,38.1,0.61,female,other,1,1,0,0,emergency_shelter,0,0,0,0,0,1,0,1,0
2024,43.7,1.16,female,other,1,1,0,0,emergency_shelter,0,0,0,0,1,0,0,0,1
2024,15.0,0.7,female,other,1,1,0,0,emergency_shelter,1,0,0,0,0,0,0,1,1
2024,50.6,0.67,female,other,1,1,0,0,emergency_shelter,0,0,0,1,0,0,0,0,0
2024,38.4,0.49,female,other,1,1,0,0,emergency_shelter,0,0,1,0,0,0,0,1,0
2024,26.9,1.24,female,other,1,1,0,0,emergency_shelter,0,0,0,1,0,0,0,1,0
2024,54.5,0.94,female,other,1,1,0,0,emergency_shelter,0,0,0,0,0,0,0,1,0
2024,29.8,0.35,female,other,1,1,0,0,emergency_shelter,0,0,0,0,0,0,0,1,0
2024,51.6,0.05,female,other,1,1,0,0,emergency_shelter,0,0,0,1,0,0,0,0,0
2024,42.8,0.26,female,other,1,1,0,0,emergency_shelter,0,0,0,0,1,0,0,0,0
2024,34.5,0.07,female,other,1,1,0,0,emergency_shelter,0,0,0,1,1,1,0,0,0
2024,26.1,0.9,female,other,1,1,0,0,other,0,0,0,1,0,1,0,1,0
2024,30.2,0.41,female,other,1,1,0,0,emergency_shelter,0,0,0,0,0,1,0,0,0
2024,52.6,0.87,female,other,1,1,0,0,emergency_shelter,0,0,0,1,0,1,1,1,0
2024,56.4,0.64,female,other,1,1,0,0,respite,0,0,1,1,0,0,0,0,0
2024,50.0,1.24,female,other,1,1,0,0,emergency_shelter,0,0,0,0,1,0,0,0,1
2024,39.8,2.06,female,other,1,1,0,0,emergency_shelter,0,0,0,1,0,0,0,1,0
2024,49.9,1.04,female,other,1,1,0,0,emergency_shelter,0,0,0,1,0,0,1,0,0
2024,44.7,0.1,female,other,1,1,0,0,emergency_shelter,0,0,0,0,0,0,0,0,0
2024,31.8,0.05,female,other,1,1,0,0,emergency_shelter,0,0,0,1,0,0,0,0,0
2024,27.4,0.38,female,other,1,1,0,0,emergency_shelter,0,0,0,1,0,0,0,1,0
2024,35.8,0.89,female,other,1,1,0,0,emergency_shelter,0,0,0,0,0,1,0,1,0
2024,31.3,0.07,female,other,1,1,0,0,emergency_shelter,0,0,0,0,0,1,0,0,0
2024,42.1,0.64,female,other,1,1,0,0,emergency_shelter,0,0,0,0,0,0,0,0,0
2024,62.7,3.49,female,other,1,1,0,0,emergency_shelter,0,0,0,0,0,0,0,1,0
2024,44.2,0.15,female,other,1,1,0,0,emergency_shelter,0,0,0,0,0,1,0,0,0
2024,60.8,4.75,female,other,1,1,0,0,emergency_shelter,0,0,0,0,0,1,0,0,1
2024,40.2,3.11,female,other,1,1,0,0,emergency_shelter,0,0,0,1,0,0,0,0,0
2024,37.9,2.85,female,other,1,1,0,0,emergency_shelter,0,0,0,0,0,1,0,0,0
2024,19.0,3.19,female,other,1,1,0,0,emergency_shelter,1,0,0,0,0,0,0,0,0
2024,49.2,0.13,female,other,1,1,0,0,emergency_shelter,0,0,0,0,0,0,0,0,0
2024,31.0,0.26,female,other,1,1,0,0,emergency_shelter,0,0,0,0,0,0,1,1,0
2024,28.2,0.23,female,other,1,1,0,0,emergency_shelter,0,0,0,0,0,0,0,0,0
2024,26.0,0.19,female,other,1,1,0,0,emergency_shelter,0,0,0,0,0,1,0,0,0
2024,45.2,0.64,female,other,1,1,0,0,respite,0,0,1,0,0,1,0,1,1
2024,32.1,2.84,female,other,1,1,0,0,emergency_shelter,0,0,1,0,0,0,0,0,0
2024,63.3,0.46,female,other,1,1,0,0,emergency_shelter,0,0,0,1,0,0,0,0,0
2024,55.9,0.45,female,other,1,1,0,0,emergency_shelter,0,0,0,0,0,0,0,1,0
2024,32.8,1.8,female,other,1,1,0,0,emergency_shelter,0,0,0,0,0,0,0,1,0
2024,15.0,0.16,female,other,1,1,0,0,emergency_shelter,1,0,0,0,1,0,0,1,0
2024,41.9,0.71,female,other,1,1,0,0,emergency_shelter,0,0,0,0,1,1,1,0,0
2024,35.9,0.56,female,other,1,1,0,0,emergency_shelter,0,0,0,0,0,0,0,1,0
2024,52.7,3.01,female,other,1,1,0,0,emergency_shelter,0,0,0,1,0,0,0,0,0
2024,40.4,1.16,female,other,1,1,0,0,emergency_shelter,0,0,0,0,1,0,0,0,0
2024,56.3,1.66,female,other,1,1,0,0,other,0,0,0,0,0,0,0,0,0
2024,47.1,0.22,female,other,1,1,0,0,emergency_shelter,0,0,0,0,0,0,0,0,0
2024,22.4,4.23,female,other,1,1,0,0,respite,1,0,0,0,0,0,0,1,0
2024,29.8,0.62,female,other,1,1,0,0,emergency_shelter,0,0,0,0,0,0,0,0,0
2024,33.9,1.96,female,other,1,1,0,0,emergency_shelter,0,0,0,0,0,0,0,0,1
2024,37.9,4.95,female,other,1,1,0,0,respite,0,0,0,1,1,0,0,0,1
2024,36.5,1.14,female,other,1,1,0,0,emergency_shelter,0,0,0,1,0,0,1,1,0
2024,50.3,1.13,female,other,1,1,0,0,respite,0,0,0,0,0,0,0,0,0
2024,47.3,0.2,female,other,1,1,0,0,emergency_shelter,0,0,0,0,0,0,0,0,0
2024,34.3,0.79,female,other,1,1,0,0,respite,0,0,0,0,0,0,0,1,0
2024,49.5,3.06,female,other,1,1,0,0,emergency_shelter,0,0,0,0,1,1,1,0,0
2024,23.8,0.23,female,other,1,1,0,0,emergency_shelter,1,0,0,0,0,0,0,0,0
2024,50.0,3.99,female,other,1,1,0,0,emergency_shelter,0,0,0,0,0,0,0,1,0
2024,52.4,1.76,female,other,1,1,0,0,emergency_shelter,0,0,1,0,0,0,0,1,1
2024,44.1,0.87,female,other,1,1,0,0,emergency_shelter,0,0,0,1,0,0,0,0,0
2024,47.6,1.27,female,other,1,1,0,0,other,0,0,0,0,0,0,1,0,0
2024,49.4,0.26,female,other,1,1,0,0,emergency_shelter,0,0,0,0,0,0,0,0,0
2024,54.9,0.39,female,other,1,1,0,0,emergency_shelter,0,0,0,0,0,0,0,0,0
2024,50.6,0.54,female,other,1,1,0,0,emergency_shelter,0,0,1,0,1,0,0,0,1
2024,57.1,0.78,female,other,1,1,0,0,emergency_shelter,0,0,0,0,0,0,0,1,0
2024,18.2,3.95,female,other,1,1,0,0,emergency_shelter,1,0,0,0,0,0,0,0,0
2024,42.1,0.73,female,other,1,1,0,0,emergency_shelter,0,0,0,0,0,0,0,0,0
2024,39.6,1.19,female,other,1,1,0,0,emergency_shelter,0,0,1,0,0,1,0,1,0
2024,42.4,0.28,female,other,1,1,0,0,emergency_shelter,0,0,0,0,0,0,0,0,0
2024,52.8,2.13,female,other,1,1,0,0,emergency_shelter,0,0,0,1,0,0,1,1,0
2024,42.0,1.31,female,other,1,1,0,0,emergency_shelter,0,0,0,0,0,0,0,0,0
2024,41.5,0.93,female,other,1,1,0,0,other,0,0,0,0,0,0,0,0,0
2024,46.8,4.71,female,other,1,1,0,0,emergency_shelter,0,0,0,0,0,0,0,0,0
2024,19.1,3.54,female,other,1,1,0,0,emergency_shelter,1,0,0,0,0,0,0,0,0
2024,62.0,1.72,female,other,1,1,0,0,emergency_shelter,0,0,1,0,1,0,0,1,0
2024,38.8,4.08,female,other,1,1,0,0,emergency_shelter,0,0,1,0,0,0,0,0,0
2024,60.9,1.33,female,other,1,1,0,0,other,0,0,0,1,0,0,0,1,0
2024,28.3,2.81,female,other,1,1,0,0,other,0,0,0,0,0,1,0,0,0
2024,27.5,0.84,female,other,1,1,0,0,respite,0,0,0,0,0,1,0,0,0
2024,37.0,0.15,female,other,1,1,0,0,emergency_shelter,0,0,0,1,0,0,1,1,0
2024,40.7,8.0,female,other,1,1,0,0,emergency_shelter,0,0,0,0,0,0,0,0,0
2024,33.1,0.29,female,other,1,1,0,0,emergency_shelter,0,0,0,1,0,0,0,0,1
2024,29.0,0.46,female,other,1,1,0,0,emergency_shelter,0,0,0,1,0,0,0,1,0
2024,45.4,0.28,female,other,1,1,0,0,emergency_shelter,0,0,0,0,0,1,0,0,0
2024,60.5,0.66,female,other,1,1,0,0,emergency_shelter,0,0,0,0,0,0,1,0,0
2024,63.5,0.55,female,other,1,1,0,0,emergency_shelter,0,0,0,0,0,0,0,0,1
2024,36.1,1.47,female,other,1,1,0,0,emergency_shelter,0,0,0,0,0,0,0,0,0
2024,25.1,8.0,female,other,1,1,0,0,emergency_shelter,0,0,0,0,0,0,0,1,0
2024,36.6,0.09,female,other,1,1,0,0,emergency_shelter,0,0,0,0,0,0,0,0,0
2024,64.2,2.41,female,other,1,1,0,0,respite,0,0,0,1,1,1,0,1,1
2024,54.6,0.22,female,other,1,1,0,0,emergency_shelter,0,0,0,0,0,1,0,0,0
2024,45.6,0.05,female,other,1,1,0,0,other,0,0,0,0,0,0,0,0,0
2024,33.7,1.63,female,other,1,1,0,0,emergency_shelter,0,0,0,1,0,1,0,0,0
2024,53.0,3.31,female,other,1,1,0,0,emergency_shelter,0,0,0,1,0,0,0,1,0
2024,71.9,0.31,female,other,1,1,0,0,emergency_shelter,0,0,0,0,0,1,0,1,0
2024,38.2,0.67,female,other,1,1,0,0,emergency_shelter,0,0,0,0,0,0,0,0,0
2024,15.0,0.3,female,other,1,1,0,0,respite,1,0,0,0,0,0,0,1,0
2024,25.9,3.79,female,other,1,1,0,0,emergency_shelter,0,0,0,1,0,0,0,0,0
2024,41.1,0.5,female,other,1,1,0,0,respite,0,0,0,0,0,0,0,0,0
2024,38.1,0.94,female,other,1,1,0,0,emergency_shelter,0,0,1,0,0,0,0,1,0
2024,59.3,3.6,female,other,1,1,0,0,emergency_shelter,0,0,0,1,0,0,0,1,0
2024,32.0,1.29,female,other,1,1,0,0,emergency_shelter,0,0,0,1,1,0,0,1,0
2024,37.8,4.32,female,other,1,1,0,0,emergency_shelter,0,0,0,0,0,0,0,1,0
2024,31.2,4.18,female,other,1,1,0,0,emergency_shelter,0,0,0,0,0,0,0,0,0
2024,51.1,0.99,female,other,1,1,0,0,emergency_shelter,0,0,0,0,0,0,0,1,0
2024,28.2,1.4,female,other,1,1,0,0,emergency_shelter,0,0,0,1,0,0,0,0,0
2024,36.9,0.42,female,other,1,1,0,0,emergency_shelter,0,0,0,1,0,0,1,0,0
2024,18.9,7.46,female,other,1,1,0,0,emergency_shelter,1,0,0,0,0,0,0,1,0
2024,32.8,0.52,female,other,1,1,0,0,respite,0,0,0,0,0,0,0,1,1
2024,63.5,2.45,female,other,1,1,0,0,emergency_shelter,0,0,0,0,1,0,0,0,0
2024,65.1,0.6,female,other,1,1,0,0,emergency_shelter,0,0,0,0,0,1,0,1,0
2024,49.7,0.6,female,other,1,1,0,0,emergency_shelter,0,0,0,0,1,1,0,0,0
2024,46.4,0.18,female,other,1,1,0,0,respite,0,0,0,0,0,0,0,0,0
2024,31.4,1.31,female,other,1,1,0,0,emergency_shelter,0,0,1,1,1,0,0,1,0
2024,43.0,0.45,female,other,1,1,0,0,emergency_shelter,0,0,0,1,0,0,0,1,0
2024,42.6,0.26,female,other,1,1,0,0,other,0,0,0,0,1,0,0,0,1
2024,40.5,0.41,female,other,1,1,0,0,emergency_shelter,0,0,0,0,0,0,0,0,0
2024,51.5,0.46,female,other,1,1,0,0,emergency_shelter,0,0,0,0,0,0,0,0,0
2024,27.0,1.12,female,other,1,1,0,0,emergency_shelter,0,0,0,0,1,1,0,1,1
2024,76.1,0.78,female,other,1,1,0,0,emergency_shelter,0,0,1,1,0,0,0,0,0
2024,63.0,0.13,female,other,1,1,0,0,emergency_shelter,0,0,0,1,0,0,0,1,1
2024,28.9,1.23,female,other,1,1,0,0,emergency_shelter,0,0,0,1,0,1,1,1,0
2024,41.7,2.48,female,other,1,1,0,0,emergency_shelter,0,0,0,0,1,0,0,0,0
2024,31.9,1.37,female,other,1,1,0,0,emergency_shelter,0,0,0,0,1,1,0,0,0
2024,49.1,5.87,female,other,1,1,0,0,emergency_shelter,0,0,0,0,0,0,0,0,0
2024,39.0,0.17,female,other,1,1,0,0,emergency_shelter,0,0,0,0,0,0,0,0,0
2024,15.0,2.75,female,other,1,1,0,0,respite,1,0,0,0,1,0,0,1,0
2024,27.3,1.13,female,other,1,1,0,0,emergency_shelter,0,0,0,0,0,0,1,1,1
2024,58.8,1.18,female,other,1,1,0,0,emergency_shelter,0,0,0,1,1,1,1,1,0
2024,37.2,1.17,female,other,1,1,0,0,emergency_shelter,0,0,0,0,0,0,0,1,0
2024,37.0,0.63,female,other,1,1,0,0,emergency_shelter,0,0,0,0,0,0,0,1,0
2024,49.6,0.63,female,other,1,1,0,0,other,0,0,1,0,0,0,0,0,0
2024,53.4,1.6,female,other,1,1,0,0,emergency_shelter,0,0,0,0,0,0,0,0,0
2024,39.0,0.07,female,other,1,1,0,0,emergency_shelter,0,0,0,0,0,0,0,0,1
2024,15.0,1.42,female,other,1,1,0,0,other,1,0,0,0,0,0,0,0,0
2024,29.0,2.06,female,other,1,1,0,0,emergency_shelter,0,0,0,0,0,1,1,1,0
2024,15.0,0.7,female,other,1,1,0,0,emergency_shelter,1,0,0,0,0,0,1,1,1
2024,20.6,0.39,female,other,1,1,0,0,emergency_shelter,1,0,0,0,0,0,0,0,0
2024,41.3,0.38,female,other,1,1,0,0,emergency_shelter,0,0,0,0,0,0,0,1,1
2024,40.9,0.14,female,other,1,1,0,0,emergency_shelter,0,0,0,0,0,0,1,0,0
2024,58.1,0.15,female,other,1,1,0,0,emergency_shelter,0,0,0,0,0,0,0,0,0
2024,39.8,0.29,female,other,1,1,0,0,emergency_shelter,0,0,0,1,0,0,0,1,0
2024,27.9,0.05,female,other,1,1,0,0,respite,0,0,0,0,1,1,1,0,1
2024,57.1,0.5,female,other,1,1,0,0,emergency_shelter,0,0,0,0,1,1,0,0,1
2024,64.7,0.59,female,other,1,1,0,0,emergency_shelter,0,0,0,0,1,0,0,0,0
2024,53.1,8.0,female,other,1,1,0,0,emergency_shelter,0,0,0,1,0,1,0,0,0
2024,39.3,7.66,female,other,1,1,0,0,emergency_shelter,0,0,0,0,1,0,0,1,0
2024,35.9,0.33,female,other,1,1,0,0,emergency_shelter,0,0,0,0,1,0,0,0,0
2024,23.6,0.38,female,other,1,1,0,0,respite,1,0,0,1,1,1,1,1,1
2024,29.2,1.08,female,other,1,1,0,0,emergency_shelter,0,0,0,0,0,0,0,0,0
2024,34.0,0.26,female,other,1,1,0,0,emergency_shelter,0,0,0,0,0,0,0,0,1
2024,21.7,0.09,trans_nonbinary,white,1,0,0,0,respite,1,0,0,0,1,0,0,1,0
2024,42.5,0.18,trans_nonbinary,white,1,0,0,0,emergency_shelter,0,0,0,0,0,0,0,0,0
2024,21.0,3.7,trans_nonbinary,white,1,0,0,0,emergency_shelter,1,0,0,0,0,0,0,0,0
2024,57.5,0.53,trans_nonbinary,white,1,0,0,0,emergency_shelter,0,0,0,0,0,0,0,0,0
2024,34.6,0.13,trans_nonbinary,white,1,0,0,0,emergency_shelter,0,0,1,0,0,0,0,0,0
2024,30.6,1.56,trans_nonbinary,white,1,0,0,0,emergency_shelter,0,0,0,0,0,0,0,1,0
2024,37.5,0.13,trans_nonbinary,white,1,0,0,0,respite,0,0,0,0,0,1,0,1,1
2024,35.0,0.12,trans_nonbinary,white,1,0,0,0,emergency_shelter,0,0,0,0,0,0,0,0,0
2024,57.6,1.55,trans_nonbinary,white,1,0,0,0,emergency_shelter,0,0,0,0,0,1,0,1,0
2024,16.0,1.43,trans_nonbinary,white,1,0,0,0,emergency_shelter,1,0,0,0,0,0,0,0,0
2024,39.2,0.07,trans_nonbinary,white,1,0,0,0,emergency_shelter,0,0,1,0,1,1,0,0,1
2024,62.4,0.99,trans_nonbinary,white,1,0,0,0,emergency_shelter,0,0,0,0,0,0,0,0,0
2024,41.2,0.92,trans_nonbinary,white,1,0,0,0,emergency_shelter,0,0,0,0,0,0,0,0,0
2024,42.9,1.27,trans_nonbinary,white,1,0,0,0,emergency_shelter,0,0,0,0,1,0,0,1,0
2024,39.8,2.14,trans_nonbinary,white,1,0,0,0,emergency_shelter,0,0,0,0,0,0,0,1,0
2024,31.1,0.53,trans_nonbinary,white,1,0,0,0,emergency_shelter,0,0,0,0,0,0,0,0,0
2024,47.8,0.91,trans_nonbinary,white,1,0,0,0,respite,0,0,0,0,0,0,1,1,0
2024,37.6,2.52,trans_nonbinary,white,1,0,0,0,emergency_shelter,0,0,0,0,0,1,0,1,1
2024,42.2,4.09,trans_nonbinary,white,1,0,0,0,emergency_shelter,0,0,0,1,1,0,0,1,0
2024,47.9,3.55,trans_nonbinary,white,1,0,0,0,emergency_shelter,0,0,0,0,0,0,0,0,0
2024,46.4,1.04,trans_nonbinary,white,1,0,0,0,emergency_shelter,0,0,0,0,0,0,0,0,0
2024,41.6,1.18,trans_nonbinary,white,1,0,0,0,emergency_shelter,0,0,1,1,0,0,0,1,1
2024,52.8,1.2,trans_nonbinary,white,1,0,0,0,emergency_shelter,0,0,0,1,0,0,0,0,1
2024,54.4,3.25,trans_nonbinary,white,1,0,0,0,emergency_shelter,0,0,0,0,0,0,1,0,0
2024,51.2,2.93,trans_nonbinary,white,1,0,0,0,emergency_shelter,0,0,0,0,0,0,0,0,0
2024,55.0,0.6,trans_nonbinary,white,1,0,0,0,emergency_shelter,0,0,0,0,0,0,0,0,0
2024,59.2,0.28,trans_nonbinary,white,1,0,0,0,emergency_shelter,0,0,0,0,0,0,0,1,0
2024,23.3,0.76,trans_nonbinary,white,1,0,0,0,emergency_shelter,1,0,0,0,0,0,0,0,1
2024,78.8,0.54,trans_nonbinary,white,1,0,0,0,other,0,0,0,0,0,0,0,0,0
2024,42.4,4.82,trans_nonbinary,white,1,0,0,0,emergency_shelter,0,0,0,0,1,0,1,1,0
2024,36.8,0.49,trans_nonbinary,white,1,0,0,0,respite,0,0,0,1,0,0,0,0,0
2024,42.6,0.32,trans_nonbinary,white,1,0,0,0,emergency_shelter,0,0,0,0,0,0,0,1,0
2024,19.6,3.68,trans_nonbinary,white,1,0,0,0,emergency_shelter,1,0,0,0,0,0,0,0,0
2024,43.5,0.14,trans_nonbinary,white,1,0,0,0,emergency_shelter,0,0,0,1,0,0,0,0,0
2024,29.1,0.48,trans_nonbinary,white,1,0,0,0,emergency_shelter,0,0,0,1,1,1,1,1,1
2024,41.3,0.93,trans_nonbinary,white,1,0,0,0,emergency_shelter,0,0,0,0,1,0,0,1,0
2024,42.3,1.45,trans_nonbinary,white,1,0,0,0,respite,0,0,0,0,0,0,0,0,0
2024,31.9,0.64,trans_nonbinary,white,1,0,0,0,emergency_shelter,0,0,0,1,0,0,1,1,0
2024,15.0,1.1,trans_nonbinary,white,1,0,0,0,emergency_shelter,1,0,0,0,0,1,0,0,0
2024,44.1,0.35,trans_nonbinary,white,1,0,0,0,emergency_shelter,0,0,0,0,1,0,1,1,0
2024,40.2,1.37,trans_nonbinary,white,1,0,0,0,emergency_shelter,0,0,0,1,0,0,0,1,0
2024,42.9,0.84,trans_nonbinary,white,1,0,0,0,emergency_shelter,0,0,0,1,0,0,1,1,0
2024,34.3,3.03,trans_nonbinary,white,1,0,0,0,emergency_shelter,0,0,0,0,0,0,0,1,0
2024,31.0,0.86,trans_nonbinary,white,1,0,0,0,emergency_shelter,0,0,0,0,0,0,0,0,0
2024,37.2,0.94,trans_nonbinary,white,1,0,0,0,emergency_shelter,0,0,0,0,0,1,0,0,1
2024,42.2,1.44,trans_nonbinary,white,1,0,0,0,emergency_shelter,0,0,0,0,0,0,0,1,0
2024,49.7,0.21,trans_nonbinary,white,1,0,0,0,other,0,0,0,0,0,0,1,0,0
2024,28.9,0.27,trans_nonbinary,white,1,0,0,0,emergency_shelter,0,0,0,0,0,0,0,1,0
2024,51.3,2.5,trans_nonbinary,white,1,0,0,0,emergency_shelter,0,0,0,1,0,0,0,0,0
2024,49.4,0.51,trans_nonbinary,white,1,0,0,0,emergency_shelter,0,0,0,0,1,0,0,1,1
2024,47.5,1.85,trans_nonbinary,white,1,0,0,0,emergency_shelter,0,0,0,0,0,0,0,0,0
2024,65.9,0.16,trans_nonbinary,white,1,0,0,0,emergency_shelter,0,0,0,0,0,0,1,0,0
2024,15.6,2.76,trans_nonbinary,white,1,0,0,0,emergency_shelter,1,0,0,1,1,1,1,0,0
2024,67.5,7.11,trans_nonbinary,white,1,0,0,0,emergency_shelter,0,0,0,1,0,0,0,0,0
2024,31.1,0.75,trans_nonbinary,white,1,0,0,0,emergency_shelter,0,0,0,0,0,0,0,1,0
2024,43.6,1.13,trans_nonbinary,white,1,0,0,0,emergency_shelter,0,0,0,0,1,1,0,1,1
2024,40.9,0.94,trans_nonbinary,white,1,0,0,0,emergency_shelter,0,0,0,0,0,0,0,1,0
2024,21.5,3.59,trans_nonbinary,white,1,0,0,0,respite,1,0,0,0,0,0,0,0,0
2024,47.6,0.05,trans_nonbinary,white,1,0,0,0,emergency_shelter,0,0,0,0,0,0,0,0,0
2024,52.3,1.7,trans_nonbinary,white,1,0,0,0,emergency_shelter,0,0,0,0,1,1,1,0,0
2024,46.1,1.69,trans_nonbinary,white,1,0,0,0,emergency_shelter,0,0,0,1,0,0,0,0,0
2024,19.6,0.77,trans_nonbinary,white,1,0,0,0,emergency_shelter,1,0,0,0,0,0,1,1,0
2024,22.9,0.4,trans_nonbinary,white,1,0,0,0,emergency_shelter,1,0,0,0,0,0,0,1,0
2024,30.5,0.44,trans_nonbinary,white,1,0,0,0,other,0,0,0,1,1,1,0,1,0
2024,58.1,2.58,trans_nonbinary,white,1,0,0,0,emergency_shelter,0,0,0,0,1,0,0,1,0
2024,41.6,0.11,trans_nonbinary,white,1,0,0,0,other,0,0,0,0,0,0,0,0,0
2024,15.0,1.33,trans_nonbinary,white,1,0,0,0,emergency_shelter,1,0,0,0,0,1,0,0,0
2024,69.1,0.59,trans_nonbinary,white,1,0,0,0,emergency_shelter,0,0,0,0,0,0,0,0,0
2024,61.2,0.49,trans_nonbinary,white,1,0,0,0,emergency_shelter,0,0,0,0,0,0,0,0,0
2024,25.0,1.13,trans_nonbinary,white,1,0,0,0,emergency_shelter,0,0,0,1,1,0,0,0,0
2024,37.5,10.36,trans_nonbinary,other,1,1,0,1,emergency_shelter,0,0,0,0,1,0,0,1,0
2024,38.0,5.34,trans_nonbinary,other,1,1,0,1,emergency_shelter,0,0,0,0,0,0,0,0,0
2024,40.2,2.65,trans_nonbinary,other,1,1,0,1,emergency_shelter,0,0,0,1,0,0,0,1,0
2024,29.4,5.33,trans_nonbinary,other,1,1,0,1,emergency_shelter,0,0,0,0,0,0,0,0,1
2024,66.4,10.39,trans_nonbinary,other,1,1,0,1,respite,0,0,0,1,0,0,0,1,0
2024,43.5,2.33,trans_nonbinary,other,1,1,0,1,emergency_shelter,0,0,0,0,1,1,0,1,0
2024,61.2,2.06,trans_nonbinary,other,1,1,0,1,emergency_shelter,0,0,0,0,0,0,0,0,0
2024,58.3,2.3,trans_nonbinary,other,1,1,0,1,emergency_shelter,0,0,1,0,0,0,0,0,0
2024,67.1,3.82,trans_nonbinary,other,1,1,0,1,emergency_shelter,0,0,1,0,0,1,0,1,0
2024,25.6,1.15,trans_nonbinary,other,1,1,0,1,emergency_shelter,0,0,1,1,0,0,0,1,0
2024,52.3,7.94,trans_nonbinary,other,1,1,0,1,emergency_shelter,0,0,0,0,0,0,0,0,0
2024,36.2,1.42,trans_nonbinary,other,1,1,0,1,emergency_shelter,0,0,0,0,1,0,0,0,0
2024,41.2,1.4,trans_nonbinary,other,1,1,0,1,other,0,0,0,1,0,0,0,0,0
2024,28.1,1.63,trans_nonbinary,other,1,1,0,1,emergency_shelter,0,0,0,0,1,0,0,1,0
2024,75.8,4.1,trans_nonbinary,other,1,1,0,1,emergency_shelter,0,0,0,1,0,0,0,1,0
2024,32.9,2.01,trans_nonbinary,other,1,1,0,1,emergency_shelter,0,0,0,1,0,1,0,0,0
2024,52.4,2.43,trans_nonbinary,other,1,1,0,1,respite,0,0,0,0,1,0,0,1,1
2024,25.2,20.93,trans_nonbinary,other,1,1,0,1,emergency_shelter,0,0,1,0,0,0,0,0,0
2024,39.7,11.0,trans_nonbinary,other,1,1,0,1,emergency_shelter,0,0,0,0,0,0,0,1,0
2024,58.1,11.31,trans_nonbinary,other,1,1,0,1,emergency_shelter,0,0,0,0,0,0,0,1,0
2024,48.1,4.11,trans_nonbinary,other,1,1,0,1,emergency_shelter,0,0,0,0,0,0,1,1,0
2024,30.1,12.31,trans_nonbinary,other,1,1,0,1,emergency_shelter,0,0,0,0,0,0,0,0,0
2024,33.2,7.93,trans_nonbinary,other,1,1,0,1,emergency_shelter,0,0,0,0,1,1,1,1,0
2024,45.5,27.82,trans_nonbinary,other,1,1,0,1,emergency_shelter,0,0,0,0,0,0,0,0,0
2024,43.0,1.18,trans_nonbinary,other,1,1,0,1,emergency_shelter,0,0,0,0,0,0,0,1,0
2024,24.9,1.08,trans_nonbinary,other,1,1,0,1,emergency_shelter,1,0,0,0,0,0,0,0,1
2024,37.9,1.55,trans_nonbinary,other,1,1,0,1,other,0,0,0,0,0,0,0,0,0
2024,41.2,20.35,trans_nonbinary,other,1,1,0,1,respite,0,0,0,0,0,0,0,0,0
2024,51.2,4.44,trans_nonbinary,other,1,1,0,1,emergency_shelter,0,0,0,0,0,0,0,0,0
2024,57.4,2.79,trans_nonbinary,other,1,1,0,1,emergency_shelter,0,0,0,0,0,0,1,0,1
2024,52.6,3.46,trans_nonbinary,other,1,1,0,1,emergency_shelter,0,0,1,0,1,1,0,1,1
2024,48.0,10.01,trans_nonbinary,other,1,1,0,1,emergency_shelter,0,0,0,0,0,0,1,0,0
2024,48.3,20.35,trans_nonbinary,other,1,1,0,1,other,0,0,0,0,0,0,0,0,1
2024,52.7,5.48,trans_nonbinary,other,0,0,0,0,emergency_shelter,0,0,0,0,0,0,0,0,0
