year,age,years_homeless,gender,race,education,has_dependents,mental_health,substance_use,outdoor_sleeping,chronic_homeless,shelter_type,youth,indigenous_flag,lgbtq,immigrant,foster_care_history,incarceration_history,no_income,housing_loss_income,housing_loss_health,income_type
2013,51.6,1.36,male,indigenous,less_than_hs,1,0,0,0,1,emergency_shelter,0,1,1,0,0,0,0,1,0,disability
2013,42.7,1.36,male,indigenous,less_than_hs,1,0,0,0,1,emergency_shelter,0,1,0,1,0,0,0,0,0,welfare
2013,53.7,1.12,male,indigenous,less_than_hs,1,0,0,0,1,emergency_shelter,0,1,0,0,0,0,0,1,0,welfare
2013,65.9,9.47,male,indigenous,less_than_hs,1,0,0,0,1,other,0,1,0,0,0,0,0,0,0,welfare
2013,38.0,1.78,male,indigenous,less_than_hs,0,1,1,0,1,emergency_shelter,0,1,0,1,0,1,1,1,0,welfare
2013,52.2,2.07,male,indigenous,less_than_hs,0,1,1,0,1,other,0,1,0,1,0,0,0,0,0,disability
2013,38.1,2.5,male,indigenous,less_than_hs,0,1,1,0,1,other,0,1,0,0,0,0,1,0,0,welfare
2013,38.1,6.36,male,indigenous,less_than_hs,0,1,1,0,1,emergency_shelter,0,1,0,0,0,0,0,0,0,disability
2013,48.0,1.48,male,indigenous,less_than_hs,0,1,1,0,1,emergency_shelter,0,1,1,0,1,0,0,1,0,employment
2013,17.8,2.85,male,indigenous,less_than_hs,0,1,1,0,1,emergency_shelter,1,1,0,0,0,1,0,0,1,other
2013,20.5,3.46,male,indigenous,less_than_hs,0,1,1,0,1,emergency_shelter,1,1,0,1,1,0,0,0,0,welfare
2013,36.7,1.1,male,indigenous,less_than_hs,0,1,1,0,1,emergency_shelter,0,1,0,0,0,1,0,0,0,other
2013,30.4,3.6,male,indigenous,less_than_hs,0,1,1,0,1,emergency_shelter,0,1,0,0,0,0,0,1,0,disability
2013,49.0,1.4,male,indigenous,less_than_hs,0,1,1,0,1,emergency_shelter,0,1,0,0,0,0,0,0,0,welfare
2013,53.1,4.19,male,indigenous,less_than_hs,0,1,1,0,0,respite,0,1,0,0,0,0,0,1,0,disability
2013,24.5,1.79,male,indigenous,less_than_hs,0,1,1,0,0,emergency_shelter,1,1,0,1,0,0,0,1,0,welfare
2013,44.5,3.37,male,indigenous,less_than_hs,0,1,1,0,0,emergency_shelter,0,1,0,0,0,0,0,0,0,disability
2013,15.0,2.7,male,indigenous,less_than_hs,0,1,1,0,0,emergency_shelter,1,1,0,1,0,0,0,0,0,disability
2013,23.0,1.09,male,indigenous,less_than_hs,0,1,1,0,0,emergency_shelter,1,1,0,1,1,0,0,1,1,disability
2013,47.4,1.01,male,indigenous,less_than_hs,0,1,0,0,1,emergency_shelter,0,1,0,1,0,0,0,1,0,welfare
2013,23.9,7.26,male,indigenous,less_than_hs,0,1,0,0,1,emergency_shelter,1,1,0,0,0,0,0,0,0,disability
2013,34.5,4.8,male,indigenous,less_than_hs,0,1,0,0,1,emergency_shelter,0,1,0,0,0,0,0,1,0,other
2013,38.2,5.16,male,indigenous,less_than_hs,0,1,0,0,1,emergency_shelter,0,1,0,0,0,0,0,0,0,disability
2013,59.4,6.02,male,indigenous,less_than_hs,0,1,0,0,1,emergency_shelter,0,1,0,0,0,1,0,1,1,disability
2013,49.4,1.16,male,indigenous,less_than_hs,0,1,0,0,1,respite,0,1,0,1,0,0,0,1,0,welfare
2013,19.9,2.03,male,indigenous,less_than_hs,0,1,0,0,1,emergency_shelter,1,1,0,0,1,0,0,1,1,other
2013,49.1,1.26,male,indigenous,less_than_hs,0,1,0,0,1,emergency_shelter,0,1,0,0,1,0,0,1,1,disability
2013,39.2,9.29,male,indigenous,less_than_hs,0,1,0,0,1,emergency_shelter,0,1,0,0,0,0,0,1,0,disability
2013,35.1,3.75,male,indigenous,less_than_hs,0,1,0,0,1,emergency_shelter,0,1,0,0,0,0,0,1,0,welfare
2013,53.2,1.92,male,indigenous,less_than_hs,0,1,0,0,1,emergency_shelter,0,1,0,0,0,0,0,0,0,employment
2013,41.1,0.45,male,indigenous,less_than_hs,0,1,0,0,0,emergency_shelter,0,1,0,0,0,0,0,1,0,welfare
2013,63.5,0.85,male,indigenous,less_than_hs,0,1,0,0,0,emergency_shelter,0,1,0,0,0,1,0,0,0,disability
2013,15.0,2.86,male,indigenous,less_than_hs,0,1,0,0,0,emergency_shelter,1,1,1,0,0,0,0,0,0,welfare
2013,53.1,0.34,male,indigenous,less_than_hs,0,1,0,0,0,emergency_shelter,0,1,0,0,0,0,0,0,0,disability
2013,42.8,0.63,male,indigenous,less_than_hs,0,1,0,0,0,respite,0,1,0,0,0,0,0,0,0,welfare
2013,37.4,1.69,male,indigenous,less_than_hs,0,1,0,0,0,emergency_shelter,0,1,0,0,0,0,0,0,0,welfare
2013,57.4,1.59,male,indigenous,less_than_hs,0,0,0,0,1,respite,0,1,0,0,0,1,0,1,0,welfare
2013,49.2,5.15,male,indigenous,less_than_hs,0,0,0,0,1,respite,0,1,0,1,1,0,0,0,0,welfare
2013,37.2,2.07,male,indigenous,less_than_hs,0,0,0,0,1,emergency_shelter,0,1,0,0,0,0,0,1,0,other
2013,51.8,3.85,male,indigenous,less_than_hs,0,0,0,0,1,emergency_shelter,0,1,0,0,0,0,0,0,0,disability
2013,46.0,3.86,male,indigenous,less_than_hs,0,0,0,0,1,emergency_shelter,0,1,0,0,0,0,1,0,1,disability
2013,58.2,3.0,male,indigenous,less_than_hs,0,0,0,0,1,emergency_shelter,0,1,0,0,0,0,0,0,0,welfare
2013,34.8,1.2,male,indigenous,less_than_hs,0,0,0,0,1,respite,0,1,1,0,0,0,1,0,0,welfare
2013,40.0,7.98,male,indigenous,less_than_hs,0,0,0,0,1,respite,0,1,0,1,0,0,0,0,1,disability
2013,39.1,1.88,male,indigenous,less_than_hs,0,0,0,0,1,emergency_shelter,0,1,0,0,0,0,0,0,0,welfare
2013,24.1,1.44,male,indigenous,less_than_hs,0,0,0,0,1,emergency_shelter,1,1,0,0,0,0,0,0,0,employment
2013,48.7,1.08,male,indigenous,less_than_hs,0,0,0,0,1,emergency_shelter,0,1,0,0,0,0,0,1,0,welfare
2013,48.3,3.44,male,indigenous,less_than_hs,0,0,0,0,1,emergency_shelter,0,1,0,0,0,0,0,1,0,informal
2013,44.7,4.38,male,indigenous,less_than_hs,0,0,0,0,1,respite,0,1,0,0,0,0,0,0,0,welfare
2013,41.3,1.03,male,indigenous,less_than_hs,0,0,0,0,1,emergency_shelter,0,1,0,1,0,0,0,0,0,disability
2013,24.8,2.84,male,indigenous,less_than_hs,0,0,0,0,1,emergency_shelter,1,1,0,0,1,0,1,0,0,welfare
2013,38.7,1.56,male,indigenous,less_than_hs,0,0,0,0,1,emergency_shelter,0,1,0,0,0,1,0,1,0,welfare
2013,39.8,3.99,male,indigenous,less_than_hs,0,0,0,0,1,emergency_shelter,0,1,0,0,0,0,0,1,1,disability
2013,33.4,1.41,male,indigenous,less_than_hs,0,0,0,0,1,emergency_shelter,0,1,0,0,1,0,0,1,0,welfare
2013,42.3,4.56,male,indigenous,less_than_hs,0,0,0,0,1,emergency_shelter,0,1,0,0,0,0,0,0,0,other
2013,50.3,2.16,male,indigenous,less_than_hs,0,0,0,0,1,emergency_shelter,0,1,0,0,0,0,0,0,0,disability
2013,71.0,16.89,male,indigenous,less_than_hs,0,0,0,0,1,emergency_shelter,0,1,0,0,1,1,0,1,1,disability
2013,47.0,1.31,male,indigenous,less_than_hs,0,0,0,0,1,emergency_shelter,0,1,0,1,0,0,0,0,0,disability
2013,48.2,1.96,male,indigenous,less_than_hs,0,0,0,0,1,emergency_shelter,0,1,0,0,0,0,1,0,1,welfare
2013,43.6,1.25,male,indigenous,less_than_hs,0,0,0,0,1,emergency_shelter,0,1,0,0,0,0,0,0,1,other
2013,17.7,14.82,male,indigenous,less_than_hs,0,0,0,0,1,emergency_shelter,1,1,0,0,0,0,0,1,1,welfare
2013,44.2,10.15,male,indigenous,less_than_hs,0,0,0,0,1,emergency_shelter,0,1,0,0,0,0,1,0,0,employment
2013,45.4,1.66,male,indigenous,less_than_hs,0,0,0,0,1,emergency_shelter,0,1,1,1,0,1,0,0,0,welfare
2013,79.1,4.16,male,indigenous,less_than_hs,0,0,0,0,1,emergency_shelter,0,1,1,0,1,0,0,1,0,welfare
2013,41.9,7.31,male,indigenous,less_than_hs,0,0,0,0,1,respite,0,1,0,0,0,0,0,0,0,welfare
2013,48.8,3.15,male,indigenous,less_than_hs,0,0,0,0,1,emergency_shelter,0,1,0,0,0,0,0,1,1,disability
2013,44.1,2.96,male,indigenous,less_than_hs,0,0,0,0,1,emergency_shelter,0,1,0,0,0,0,0,0,0,welfare
2013,28.2,1.61,male,indigenous,less_than_hs,0,0,0,0,1,emergency_shelter,0,1,0,0,0,0,0,0,1,welfare
2013,60.6,1.2,male,indigenous,less_than_hs,0,0,0,0,1,emergency_shelter,0,1,0,0,1,0,0,0,0,disability
2013,52.1,1.15,male,indigenous,less_than_hs,0,0,0,0,0,emergency_shelter,0,1,0,0,0,0,0,1,1,welfare
2013,29.1,5.53,male,indigenous,less_than_hs,0,0,0,0,0,emergency_shelter,0,1,0,0,0,0,1,0,0,other
2013,30.2,0.18,male,indigenous,less_than_hs,0,0,0,0,0,emergency_shelter,0,1,0,0,0,0,0,0,0,employment
2013,40.5,0.88,male,indigenous,less_than_hs,0,0,0,0,0,emergency_shelter,0,1,1,1,0,0,0,0,0,other
2013,46.4,2.52,male,indigenous,less_than_hs,0,0,0,0,0,respite,0,1,0,0,0,0,0,0,0,disability
2013,45.5,1.62,male,indigenous,less_than_hs,0,0,0,0,0,emergency_shelter,0,1,0,0,1,0,0,1,0,welfare
2013,53.2,1.43,male,indigenous,less_than_hs,0,0,0,0,0,emergency_shelter,0,1,0,1,0,0,0,1,0,disability
2013,41.8,1.45,male,indigenous,less_than_hs,0,0,0,0,0,emergency_shelter,0,1,0,0,0,0,0,0,0,disability
2013,61.9,0.53,male,indigenous,less_than_hs,0,0,0,0,0,emergency_shelter,0,1,0,1,0,0,1,0,0,welfare
2013,37.9,0.42,male,indigenous,less_than_hs,0,0,0,0,0,emergency_shelter,0,1,0,0,1,0,0,0,0,welfare
2013,79.7,1.99,male,indigenous,less_than_hs,0,0,0,0,0,emergency_shelter,0,1,0,0,0,0,0,0,1,welfare
2013,50.4,1.99,male,indigenous,less_than_hs,0,0,0,0,0,emergency_shelter,0,1,1,0,1,0,0,0,0,welfare
2013,29.6,2.42,male,indigenous,less_than_hs,0,0,0,0,0,emergency_shelter,0,1,0,0,0,0,0,0,0,welfare
2013,26.6,2.93,male,indigenous,less_than_hs,0,0,0,0,0,emergency_shelter,0,1,0,0,1,0,0,0,1,other
2013,48.4,0.86,male,indigenous,less_than_hs,0,0,0,0,0,emergency_shelter,0,1,0,0,0,0,0,0,0,welfare
2013,38.5,0.84,male,indigenous,less_than_hs,0,0,0,0,0,emergency_shelter,0,1,0,1,0,0,0,1,0,disability
2013,51.6,1.92,male,indigenous,less_than_hs,0,0,0,0,0,emergency_shelter,0,1,0,0,0,0,0,0,0,disability
2013,48.2,1.26,male,indigenous,less_than_hs,0,0,0,0,0,other,0,1,0,0,0,0,1,0,0,welfare
2013,40.6,1.45,male,indigenous,less_than_hs,0,0,0,0,0,emergency_shelter,0,1,0,0,0,0,0,0,0,welfare
2013,29.7,1.91,male,indigenous,less_than_hs,0,0,0,0,0,emergency_shelter,0,1,0,1,0,0,0,0,0,disability
2013,20.4,2.65,male,indigenous,less_than_hs,0,0,0,0,0,emergency_shelter,1,1,0,1,0,0,0,0,0,disability
2013,35.3,0.49,male,indigenous,less_than_hs,0,0,0,0,0,emergency_shelter,0,1,0,0,0,0,0,0,1,disability
2013,53.6,0.57,male,indigenous,less_than_hs,0,0,0,0,0,emergency_shelter,0,1,0,0,0,0,0,0,1,welfare
2013,44.6,0.12,male,indigenous,less_than_hs,0,0,0,0,0,emergency_shelter,0,1,0,0,0,0,0,0,0,disability
2013,24.2,1.04,male,indigenous,less_than_hs,0,0,0,0,0,emergency_shelter,1,1,1,0,0,1,0,0,0,disability
2013,44.0,0.05,male,indigenous,less_than_hs,0,0,0,0,0,other,0,1,0,0,0,0,0,1,0,welfare
2013,47.0,0.75,male,indigenous,less_than_hs,0,0,0,0,0,respite,0,1,0,0,0,0,0,0,0,welfare
2013,29.2,0.94,male,indigenous,less_than_hs,0,0,0,0,0,emergency_shelter,0,1,1,0,0,0,1,0,0,employment
2013,46.8,3.1,male,indigenous,hs_graduate,0,1,1,0,1,emergency_shelter,0,1,0,0,0,0,0,1,0,welfare
2013,27.8,4.92,male,indigenous,hs_graduate,0,1,1,0,1,emergency_shelter,0,1,0,1,1,0,0,1,0,disability
2013,39.9,4.16,male,indigenous,hs_graduate,0,1,1,0,1,emergency_shelter,0,1,0,0,0,0,0,0,0,other
2013,38.0,1.73,male,indigenous,hs_graduate,0,1,1,0,1,emergency_shelter,0,1,0,0,0,0,0,1,0,employment
2013,35.5,21.67,male,indigenous,hs_graduate,0,1,1,0,1,emergency_shelter,0,1,1,0,0,0,0,0,0,other
2013,62.3,2.71,male,indigenous,hs_graduate,0,1,0,0,1,emergency_shelter,0,1,0,1,0,0,0,1,0,other
2013,34.7,2.6,male,indigenous,hs_graduate,0,1,0,0,1,emergency_shelter,0,1,0,0,0,0,0,0,0,welfare
2013,50.8,1.41,male,indigenous,hs_graduate,0,1,0,0,1,emergency_shelter,0,1,0,1,0,0,0,1,1,disability
2013,55.4,2.38,male,indigenous,hs_graduate,0,1,0,0,1,emergency_shelter,0,1,1,1,0,0,0,1,0,welfare
2013,31.6,2.21,male,indigenous,hs_graduate,0,1,0,0,1,emergency_shelter,0,1,0,0,0,0,0,1,0,disability
2013,43.8,3.68,male,indigenous,hs_graduate,0,1,0,0,1,respite,0,1,0,0,0,0,0,0,0,other
2013,27.9,0.09,male,indigenous,hs_graduate,0,1,0,0,0,emergency_shelter,0,1,0,1,0,0,0,1,0,informal
2013,51.1,2.09,male,indigenous,hs_graduate,0,0,0,0,1,emergency_shelter,0,1,0,0,1,0,0,1,0,other
2013,45.6,6.14,male,indigenous,hs_graduate,0,0,0,0,1,emergency_shelter,0,1,0,1,0,0,0,1,0,welfare
2013,39.2,1.96,male,indigenous,hs_graduate,0,0,0,0,1,emergency_shelter,0,1,0,0,1,0,1,0,0,welfare
2013,46.2,15.79,male,indigenous,hs_graduate,0,0,0,0,1,emergency_shelter,0,1,0,0,0,0,0,0,1,welfare
2013,53.9,9.04,male,indigenous,hs_graduate,0,0,0,0,1,emergency_shelter,0,1,0,1,0,0,0,0,0,welfare
2013,66.8,2.36,male,indigenous,hs_graduate,0,0,0,0,1,emergency_shelter,0,1,0,1,0,0,0,0,1,welfare
2013,27.3,5.58,male,indigenous,hs_graduate,0,0,0,0,1,emergency_shelter,0,1,0,0,0,1,1,0,0,welfare
2013,74.5,5.65,male,indigenous,hs_graduate,0,0,0,0,1,respite,0,1,0,0,0,0,0,0,0,other
2013,17.3,1.23,male,indigenous,hs_graduate,0,0,0,0,1,emergency_shelter,1,1,0,1,0,0,0,0,0,welfare
2013,42.5,12.17,male,indigenous,hs_graduate,0,0,0,0,1,emergency_shelter,0,1,0,0,0,1,0,0,0,other
2013,52.8,2.8,male,indigenous,hs_graduate,0,0,0,0,1,emergency_shelter,0,1,0,0,1,1,0,1,1,other
2013,48.5,7.64,male,indigenous,hs_graduate,0,0,0,0,1,emergency_shelter,0,1,0,1,0,0,0,1,0,welfare
2013,35.9,1.88,male,indigenous,hs_graduate,0,0,0,0,1,emergency_shelter,0,1,0,0,0,0,0,1,1,employment
2013,41.7,11.52,male,indigenous,hs_graduate,0,0,0,0,1,emergency_shelter,0,1,0,0,1,1,0,1,0,welfare
2013,37.7,2.17,male,indigenous,hs_graduate,0,0,0,0,1,emergency_shelter,0,1,0,0,0,0,0,1,1,welfare
2013,36.3,1.02,male,indigenous,hs_graduate,0,0,0,0,1,emergency_shelter,0,1,0,0,0,0,0,0,0,disability
2013,56.5,12.45,male,indigenous,hs_graduate,0,0,0,0,1,emergency_shelter,0,1,1,0,0,0,1,1,0,employment
2013,49.6,1.2,male,indigenous,hs_graduate,0,0,0,0,1,respite,0,1,1,0,0,1,1,0,0,other
2013,34.9,1.88,male,indigenous,hs_graduate,0,0,0,0,1,emergency_shelter,0,1,0,0,0,0,1,0,0,disability
2013,57.2,20.12,male,indigenous,hs_graduate,0,0,0,0,1,emergency_shelter,0,1,0,1,0,0,1,1,0,welfare
2013,48.9,20.28,male,indigenous,hs_graduate,0,0,0,0,1,emergency_shelter,0,1,0,0,0,0,0,0,1,other
2013,56.0,3.29,male,indigenous,hs_graduate,0,0,0,0,1,other,0,1,0,0,0,0,0,0,0,welfare
2013,53.4,3.84,male,indigenous,hs_graduate,0,0,0,0,1,emergency_shelter,0,1,0,1,0,0,0,1,0,welfare
2013,33.0,2.46,male,indigenous,hs_graduate,0,0,0,0,1,emergency_shelter,0,1,0,0,0,0,0,0,0,welfare
2013,36.8,1.78,male,indigenous,hs_graduate,0,0,0,0,1,emergency_shelter,0,1,0,0,0,0,0,0,0,welfare
2013,55.1,1.91,male,indigenous,hs_graduate,0,0,0,0,1,other,0,1,0,0,0,0,0,0,0,disability
2013,53.1,4.31,male,indigenous,hs_graduate,0,0,0,0,1,other,0,1,0,0,0,1,1,1,0,other
2013,44.3,5.61,male,indigenous,hs_graduate,0,0,0,0,1,emergency_shelter,0,1,0,0,0,0,0,0,0,welfare
2013,43.2,4.18,male,indigenous,hs_graduate,0,0,0,0,0,emergency_shelter,0,1,0,0,0,0,0,0,0,welfare
2013,31.5,0.89,male,indigenous,hs_graduate,0,0,0,0,0,emergency_shelter,0,1,0,0,0,0,0,0,0,welfare
2013,38.6,1.19,male,indigenous,hs_graduate,0,0,0,0,0,emergency_shelter,0,1,0,0,0,0,0,0,0,disability
2013,46.0,1.43,male,indigenous,hs_graduate,0,0,0,0,0,emergency_shelter,0,1,0,0,0,0,0,0,0,other
2013,62.3,0.73,male,indigenous,hs_graduate,0,0,0,0,0,emergency_shelter,0,1,0,0,0,0,0,1,0,informal
2013,53.6,1.19,male,indigenous,hs_graduate,0,0,0,0,0,respite,0,1,0,1,0,0,0,1,1,disability
2013,39.4,1.05,male,indigenous,hs_graduate,0,0,0,0,0,respite,0,1,1,0,1,0,0,0,1,other
2013,41.3,2.78,male,indigenous,hs_graduate,0,0,0,0,0,other,0,1,0,0,0,0,0,0,0,welfare
2013,27.6,0.06,male,indigenous,hs_graduate,0,0,0,0,0,emergency_shelter,0,1,0,0,1,0,0,0,0,welfare
2013,41.3,0.4,male,indigenous,hs_graduate,0,0,0,0,0,emergency_shelter,0,1,0,0,0,0,1,1,0,welfare
2013,37.6,3.6,male,indigenous,hs_graduate,0,0,0,0,0,emergency_shelter,0,1,0,0,0,0,0,0,0,disability
2013,46.1,2.65,male,indigenous,hs_graduate,0,0,0,0,0,other,0,1,0,0,0,0,0,0,0,welfare
2013,30.0,0.73,male,indigenous,hs_graduate,0,0,0,0,0,respite,0,1,0,0,1,0,0,1,0,disability
2013,48.9,1.16,male,indigenous,hs_graduate,0,0,0,0,0,emergency_shelter,0,1,0,0,0,0,0,0,0,welfare
2013,63.1,0.39,male,indigenous,hs_graduate,0,0,0,0,0,emergency_shelter,0,1,0,0,0,0,0,0,0,welfare
2013,40.1,0.25,male,indigenous,hs_graduate,0,0,0,0,0,emergency_shelter,0,1,0,1,0,0,0,0,0,other
2013,47.2,0.75,male,indigenous,hs_graduate,0,0,0,0,0,emergency_shelter,0,1,0,0,1,0,0,0,0,welfare
2013,51.3,0.52,male,indigenous,hs_graduate,0,0,0,0,0,other,0,1,0,0,0,0,0,1,0,disability
2013,36.0,1.05,male,indigenous,hs_graduate,0,0,0,0,0,emergency_shelter,0,1,0,0,0,0,0,0,0,other
2013,44.7,0.1,male,indigenous,hs_graduate,0,0,0,0,0,emergency_shelter,0,1,0,0,0,0,0,0,0,welfare
2013,41.8,4.4,male,indigenous,hs_graduate,0,0,0,0,0,emergency_shelter,0,1,0,1,0,0,0,1,0,welfare
2013,43.0,5.14,male,indigenous,hs_graduate,0,0,0,0,0,other,0,1,1,1,0,0,0,1,0,disability
2013,30.8,1.44,male,indigenous,hs_graduate,0,0,0,0,0,respite,0,1,0,0,1,0,0,0,0,other
2013,43.0,1.25,male,indigenous,some_post_sec,0,0,0,0,1,emergency_shelter,0,1,0,0,0,0,0,1,0,other
2013,61.9,4.3,male,indigenous,some_post_sec,0,0,0,0,1,emergency_shelter,0,1,0,0,0,0,0,0,0,welfare
2013,22.3,2.9,male,indigenous,some_post_sec,0,0,0,0,1,emergency_shelter,1,1,0,0,0,1,0,1,0,other
2013,36.2,6.05,male,indigenous,some_post_sec,0,0,0,0,1,emergency_shelter,0,1,0,0,0,0,0,0,0,employment
2013,44.7,2.89,male,indigenous,some_post_sec,0,0,0,0,1,emergency_shelter,0,1,0,0,0,0,0,1,0,other
2013,45.3,8.73,male,indigenous,some_post_sec,0,0,0,0,1,emergency_shelter,0,1,1,0,1,0,1,0,1,welfare
2013,38.3,3.12,male,indigenous,some_post_sec,0,0,0,0,1,respite,0,1,1,0,0,0,1,1,0,disability
2013,53.3,3.19,male,indigenous,some_post_sec,0,0,0,0,1,emergency_shelter,0,1,0,0,0,0,0,0,0,welfare
2013,29.7,10.11,male,indigenous,some_post_sec,0,0,0,0,1,emergency_shelter,0,1,0,0,0,0,0,1,0,welfare
2013,42.6,2.23,male,indigenous,some_post_sec,0,0,0,0,1,emergency_shelter,0,1,0,0,0,1,1,1,0,disability
2013,46.3,1.3,male,indigenous,some_post_sec,0,0,0,0,1,emergency_shelter,0,1,0,1,0,0,1,0,0,disability
2013,51.8,1.06,male,indigenous,some_post_sec,0,0,0,0,1,emergency_shelter,0,1,0,0,0,0,0,1,0,disability
2013,54.6,5.66,male,indigenous,some_post_sec,0,0,0,0,1,respite,0,1,0,1,0,0,0,0,0,welfare
2013,28.9,3.72,male,indigenous,some_post_sec,0,0,0,0,1,other,0,1,0,1,0,0,1,1,0,disability
2013,23.1,4.76,male,indigenous,some_post_sec,0,0,0,0,1,emergency_shelter,1,1,0,0,0,0,0,0,0,disability
2013,62.5,1.52,male,indigenous,some_post_sec,0,0,0,0,1,respite,0,1,0,1,0,0,0,1,0,welfare
2013,17.8,2.73,male,indigenous,some_post_sec,0,0,0,0,0,emergency_shelter,1,1,0,0,0,0,0,0,0,other
2013,40.8,0.77,male,indigenous,some_post_sec,0,0,0,0,0,emergency_shelter,0,1,0,0,0,0,0,1,1,welfare
2013,47.0,1.32,male,indigenous,some_post_sec,0,0,0,0,0,emergency_shelter,0,1,0,1,0,0,0,1,1,employment
2013,41.1,0.23,male,indigenous,some_post_sec,0,0,0,0,0,emergency_shelter,0,1,0,1,0,0,0,1,0,other
2013,15.0,0.26,male,indigenous,some_post_sec,0,0,0,0,0,emergency_shelter,1,1,0,0,0,0,0,0,0,welfare
2013,40.4,0.05,male,indigenous,some_post_sec,0,0,0,0,0,emergency_shelter,0,1,0,0,0,0,0,0,0,welfare
2013,23.3,0.22,male,indigenous,some_post_sec,0,0,0,0,0,emergency_shelter,1,1,0,1,0,0,0,1,1,welfare
2013,51.0,0.39,male,indigenous,some_post_sec,0,0,0,0,0,emergency_shelter,0,1,0,0,0,0,0,0,0,welfare
2013,46.7,0.23,male,indigenous,some_post_sec,0,0,0,0,0,emergency_shelter,0,1,0,0,0,0,0,0,0,disability
2013,28.4,0.11,male,indigenous,some_post_sec,0,0,0,0,0,respite,0,1,0,0,0,0,0,0,0,welfare
2013,34.4,0.15,male,indigenous,some_post_sec,0,0,0,0,0,respite,0,1,0,0,1,0,0,0,0,welfare
2013,29.8,1.13,male,indigenous,post_sec_higher,0,1,0,0,1,emergency_shelter,0,1,0,0,0,0,0,0,0,welfare
2013,53.2,6.47,male,indigenous,post_sec_higher,0,0,0,0,1,respite,0,1,0,1,0,0,0,0,1,welfare
2013,55.2,2.75,male,indigenous,post_sec_higher,0,0,0,0,1,emergency_shelter,0,1,0,0,1,0,0,0,0,employment
2013,37.2,1.19,male,indigenous,post_sec_higher,0,0,0,0,1,emergency_shelter,0,1,0,0,0,0,0,0,0,welfare
2013,36.5,3.01,male,indigenous,post_sec_higher,0,0,0,0,1,emergency_shelter,0,1,0,0,1,0,0,1,0,welfare
2013,40.7,3.41,male,indigenous,post_sec_higher,0,0,0,0,1,other,0,1,0,0,0,0,1,1,0,other
2013,15.0,5.47,male,indigenous,post_sec_higher,0,0,0,0,1,emergency_shelter,1,1,0,0,0,0,0,1,1,welfare
2013,23.4,2.37,male,indigenous,post_sec_higher,0,0,0,0,1,emergency_shelter,1,1,0,1,0,0,0,0,0,other
2013,63.7,1.29,male,indigenous,post_sec_higher,0,0,0,0,1,other,0,1,0,0,0,0,0,0,0,informal
2013,67.6,1.75,male,indigenous,post_sec_higher,0,0,0,0,1,respite,0,1,1,0,0,0,0,0,0,welfare
2013,41.1,2.05,male,indigenous,post_sec_higher,0,0,0,0,1,emergency_shelter,0,1,0,0,0,0,0,1,0,welfare
2013,52.7,3.99,male,indigenous,post_sec_higher,0,0,0,0,1,emergency_shelter,0,1,0,1,0,0,0,1,0,disability
2013,49.0,3.27,male,indigenous,post_sec_higher,0,0,0,0,1,emergency_shelter,0,1,0,0,0,0,0,1,0,other
2013,85.0,2.02,male,indigenous,post_sec_higher,0,0,0,0,1,emergency_shelter,0,1,0,0,0,0,0,0,0,disability
2013,60.3,30.0,male,indigenous,post_sec_higher,0,0,0,0,1,respite,0,1,0,0,0,0,0,1,0,welfare
2013,42.8,3.58,male,indigenous,post_sec_higher,0,0,0,0,1,emergency_shelter,0,1,0,1,1,0,1,1,0,employment
2013,31.2,1.59,male,indigenous,post_sec_higher,0,0,0,0,1,emergency_shelter,0,1,0,0,0,0,0,0,0,welfare
2013,22.1,1.22,male,indigenous,post_sec_higher,0,0,0,0,1,emergency_shelter,1,1,0,0,0,0,0,1,0,welfare
2013,47.4,1.35,male,indigenous,post_sec_higher,0,0,0,0,1,emergency_shelter,0,1,0,0,0,0,1,1,0,other
2013,34.0,1.62,male,indigenous,post_sec_higher,0,0,0,0,1,emergency_shelter,0,1,0,0,1,0,1,0,0,welfare
2013,24.7,1.37,male,indigenous,post_sec_higher,0,0,0,0,1,emergency_shelter,1,1,0,1,0,0,0,1,0,other
2013,35.5,1.44,male,indigenous,post_sec_higher,0,0,0,0,1,emergency_shelter,0,1,0,1,0,0,0,1,0,welfare
2013,29.5,1.75,male,indigenous,post_sec_higher,0,0,0,0,1,emergency_shelter,0,1,0,0,0,0,1,0,0,disability
2013,68.2,1.41,male,indigenous,post_sec_higher,0,0,0,0,1,emergency_shelter,0,1,0,1,0,0,0,1,0,disability
2013,53.9,0.51,male,indigenous,post_sec_higher,0,0,0,0,0,emergency_shelter,0,1,0,0,0,0,0,1,1,welfare
2013,45.2,3.18,male,indigenous,post_sec_higher,0,0,0,0,0,emergency_shelter,0,1,0,1,0,0,0,1,0,disability
2013,28.9,2.13,male,indigenous,post_sec_higher,0,0,0,0,0,emergency_shelter,0,1,0,0,0,0,0,1,0,welfare
2013,50.5,4.02,male,indigenous,post_sec_higher,0,0,0,0,0,respite,0,1,1,1,0,0,0,0,0,disability
2013,18.3,0.16,male,indigenous,post_sec_higher,0,0,0,0,0,emergency_shelter,1,1,1,1,0,1,0,0,0,welfare
2013,40.7,1.58,male,indigenous,post_sec_higher,0,0,0,0,0,emergency_shelter,0,1,0,0,0,0,0,0,0,welfare
2013,24.6,3.34,male,indigenous,post_sec_higher,0,0,0,0,0,emergency_shelter,1,1,0,0,0,0,0,1,0,welfare
2013,32.5,0.24,male,indigenous,post_sec_higher,0,0,0,0,0,emergency_shelter,0,1,0,1,1,1,0,1,0,disability
2013,42.3,0.08,male,indigenous,post_sec_higher,0,0,0,0,0,emergency_shelter,0,1,0,0,0,0,0,0,0,disability
2013,29.6,1.62,male,indigenous,post_sec_higher,0,0,0,0,0,emergency_shelter,0,1,0,0,0,0,0,0,0,employment
2013,36.2,1.03,male,indigenous,post_sec_higher,0,0,0,0,0,emergency_shelter,0,1,0,0,0,0,0,0,1,disability
2013,55.7,2.21,male,indigenous,post_sec_higher,0,0,0,0,0,emergency_shelter,0,1,0,0,0,0,0,0,0,welfare
2013,33.5,0.18,male,indigenous,post_sec_higher,0,0,0,0,0,emergency_shelter,0,1,0,0,0,0,0,0,1,welfare
2013,53.3,1.9,male,indigenous,post_sec_higher,0,0,0,0,0,respite,0,1,0,1,0,0,0,0,0,disability
2013,25.8,0.27,male,indigenous,post_sec_higher,0,0,0,0,0,emergency_shelter,0,1,0,0,0,1,0,0,0,welfare
2013,49.0,0.21,male,indigenous,post_sec_higher,0,0,0,0,0,emergency_shelter,0,1,0,1,0,0,0,1,0,welfare
2013,61.8,0.22,male,indigenous,post_sec_higher,0,0,0,0,0,respite,0,1,0,1,0,1,0,1,0,employment
2013,15.0,2.02,male,indigenous,post_sec_higher,0,0,0,0,0,emergency_shelter,1,1,0,0,0,0,1,0,0,welfare
2013,33.4,3.72,male,other,less_than_hs,1,1,1,0,1,emergency_shelter,0,0,0,0,0,0,0,0,0,employment
2013,23.9,2.99,male,other,less_than_hs,1,1,1,0,1,emergency_shelter,1,0,0,0,0,1,0,0,1,welfare
2013,60.6,11.39,male,other,less_than_hs,1,1,1,0,1,emergency_shelter,0,0,0,1,1,0,0,0,0,informal
2013,49.3,6.45,male,other,less_than_hs,1,1,1,0,1,emergency_shelter,0,0,0,1,0,0,0,1,0,disability
2013,38.8,1.97,male,other,less_than_hs,1,1,0,0,1,emergency_shelter,0,0,0,0,0,1,0,0,1,welfare
2013,45.6,7.45,male,other,less_than_hs,1,1,0,0,1,emergency_shelter,0,0,0,0,1,1,0,0,0,welfare
2013,37.9,1.24,male,other,less_than_hs,1,1,0,0,1,emergency_shelter,0,0,0,0,0,0,0,0,0,employment
2013,51.3,8.46,male,other,less_than_hs,1,1,0,0,1,emergency_shelter,0,0,0,0,0,0,0,0,0,welfare
2013,49.3,1.29,male,other,less_than_hs,1,1,0,0,1,emergency_shelter,0,0,0,1,1,0,0,1,0,welfare
2013,56.8,3.45,male,other,less_than_hs,1,0,0,0,1,other,0,0,0,0,0,0,0,0,0,welfare
2013,63.6,2.21,male,other,less_than_hs,1,0,0,0,1,emergency_shelter,0,0,0,0,0,0,1,0,0,welfare
2013,50.4,1.11,male,other,less_than_hs,1,0,0,0,1,emergency_shelter,0,0,0,0,1,1,0,1,1,informal
2013,70.9,1.94,male,other,less_than_hs,1,0,0,0,1,emergency_shelter,0,0,0,1,0,0,0,1,0,other
2013,33.8,6.86,male,other,less_than_hs,1,0,0,0,1,other,0,0,0,1,0,0,0,0,0,welfare
2013,27.2,1.01,male,other,less_than_hs,1,0,0,0,1,emergency_shelter,0,0,0,0,0,1,0,1,0,other
2013,19.7,1.93,male,other,less_than_hs,1,0,0,0,1,emergency_shelter,1,0,0,0,0,0,0,0,0,disability
2013,65.5,2.21,male,other,less_than_hs,1,0,0,0,1,emergency_shelter,0,0,0,0,0,0,0,0,0,welfare
2013,53.8,3.02,male,other,less_than_hs,1,0,0,0,1,emergency_shelter,0,0,0,1,0,0,0,1,1,disability
2013,43.8,14.14,male,other,less_than_hs,1,0,0,0,1,emergency_shelter,0,0,0,0,1,1,0,0,0,disability
2013,48.5,1.98,male,other,less_than_hs,1,0,0,0,1,respite,0,0,0,0,0,0,0,0,0,welfare
2013,28.8,1.99,male,other,less_than_hs,1,0,0,0,1,emergency_shelter,0,0,0,0,0,0,0,1,1,welfare
2013,78.8,5.32,male,other,less_than_hs,1,0,0,0,1,emergency_shelter,0,0,0,0,0,0,0,1,1,welfare
2013,46.4,2.48,male,other,less_than_hs,1,0,0,0,1,emergency_shelter,0,0,0,0,0,0,0,1,0,welfare
2013,46.1,1.55,male,other,less_than_hs,1,0,0,0,1,emergency_shelter,0,0,0,0,0,0,0,0,0,welfare
2013,54.8,2.48,male,other,less_than_hs,1,0,0,0,1,emergency_shelter,0,0,0,0,0,0,0,1,0,welfare
2013,51.3,1.32,male,other,less_than_hs,1,0,0,0,1,emergency_shelter,0,0,0,0,0,0,0,0,0,disability
2013,47.7,1.41,male,other,less_than_hs,1,0,0,0,1,emergency_shelter,0,0,0,1,0,0,0,1,0,welfare
2013,33.5,2.75,male,other,less_than_hs,1,0,0,0,1,emergency_shelter,0,0,1,1,0,0,0,0,0,employment
2013,51.2,2.31,male,other,less_than_hs,1,0,0,0,1,emergency_shelter,0,0,1,0,0,0,0,1,0,welfare
2013,70.9,13.5,male,other,less_than_hs,1,0,0,0,1,emergency_shelter,0,0,0,1,0,0,1,1,1,disability
2013,63.4,2.05,male,other,less_than_hs,1,0,0,0,1,emergency_shelter,0,0,0,0,0,0,1,1,1,disability
2013,66.9,3.35,male,other,less_than_hs,1,0,0,0,1,emergency_shelter,0,0,0,0,1,0,0,0,0,welfare
2013,37.4,3.84,male,other,less_than_hs,1,0,0,0,1,emergency_shelter,0,0,0,0,0,0,0,0,0,welfare
2013,30.7,1.03,male,other,less_than_hs,1,0,0,0,1,emergency_shelter,0,0,0,0,1,0,0,0,0,welfare
2013,42.8,4.2,male,other,less_than_hs,1,0,0,0,1,respite,0,0,0,0,1,0,1,0,0,disability
2013,45.4,1.42,male,other,less_than_hs,1,0,0,0,1,other,0,0,0,0,1,1,0,0,0,welfare
2013,56.9,0.05,male,other,less_than_hs,1,0,0,0,0,respite,0,0,0,0,0,0,0,0,0,informal
2013,21.9,0.11,male,other,less_than_hs,1,0,0,0,0,emergency_shelter,1,0,0,0,0,0,0,1,0,other
2013,30.7,0.28,male,other,less_than_hs,1,0,0,0,0,respite,0,0,0,0,0,0,0,0,0,welfare
2013,26.1,0.05,male,other,less_than_hs,1,0,0,0,0,emergency_shelter,0,0,0,0,0,1,0,1,0,disability
2013,66.1,0.24,male,other,less_than_hs,1,0,0,0,0,emergency_shelter,0,0,0,0,0,0,0,1,0,welfare
2013,54.7,1.05,male,other,less_than_hs,1,0,0,0,0,emergency_shelter,0,0,0,1,0,1,0,1,0,disability
2013,59.4,0.66,male,other,less_than_hs,1,0,0,0,0,emergency_shelter,0,0,0,0,0,1,0,1,1,employment
2013,51.7,2.68,male,other,less_than_hs,1,0,0,0,0,emergency_shelter,0,0,0,0,0,0,0,1,0,disability
2013,25.8,2.04,male,other,less_than_hs,1,0,0,0,0,emergency_shelter,0,0,0,0,0,0,0,0,0,welfare
2013,34.3,0.5,male,other,less_than_hs,1,0,0,0,0,emergency_shelter,0,0,0,0,0,0,0,0,1,welfare
2013,48.5,0.36,male,other,less_than_hs,1,0,0,0,0,emergency_shelter,0,0,0,0,0,0,0,1,0,welfare
2013,24.5,0.57,male,other,less_than_hs,1,0,0,0,0,respite,1,0,0,0,0,0,1,1,0,welfare
2013,51.6,1.07,male,other,less_than_hs,1,0,0,0,0,other,0,0,0,0,0,0,0,0,0,disability
2013,38.2,0.37,male,other,less_than_hs,1,0,0,0,0,emergency_shelter,0,0,0,0,0,0,1,0,0,welfare
2013,36.4,1.17,male,other,less_than_hs,1,0,0,0,0,emergency_shelter,0,0,0,0,0,0,0,1,0,welfare
2013,51.6,0.63,male,other,less_than_hs,1,0,0,0,0,emergency_shelter,0,0,0,0,1,0,0,0,1,welfare
2013,47.8,0.96,male,other,less_than_hs,1,0,0,0,0,emergency_shelter,0,0,0,1,0,1,0,1,0,informal
2013,36.5,0.69,male,other,less_than_hs,1,0,0,0,0,respite,0,0,0,0,0,0,0,0,0,disability
2013,57.8,0.42,male,other,less_than_hs,1,0,0,0,0,emergency_shelter,0,0,0,0,0,0,0,0,0,welfare
2013,26.5,3.56,male,other,less_than_hs,1,0,0,0,0,emergency_shelter,0,0,0,0,0,0,0,0,0,welfare
2013,50.2,1.73,male,other,less_than_hs,1,0,0,0,0,emergency_shelter,0,0,0,0,0,0,0,0,0,welfare
2013,49.9,0.18,male,other,less_than_hs,1,0,0,0,0,emergency_shelter,0,0,0,0,0,0,0,1,1,welfare
2013,40.3,1.23,male,other,less_than_hs,0,1,1,0,1,respite,0,0,0,1,0,0,0,1,0,other
2013,59.0,1.16,male,other,less_than_hs,0,1,1,0,1,emergency_shelter,0,0,0,1,0,0,0,1,0,disability
2013,51.2,5.15,male,other,less_than_hs,0,1,1,0,1,emergency_shelter,0,0,0,1,0,0,0,0,0,welfare
2013,48.2,2.73,male,other,less_than_hs,0,1,1,0,1,respite,0,0,0,0,0,0,0,0,0,welfare
2013,58.4,4.53,male,other,less_than_hs,0,1,1,0,1,emergency_shelter,0,0,0,0,0,1,0,0,0,disability
2013,67.9,2.39,male,other,less_than_hs,0,1,1,0,1,emergency_shelter,0,0,0,0,0,0,0,0,0,disability
2013,58.8,1.62,male,other,less_than_hs,0,1,1,0,1,emergency_shelter,0,0,0,0,0,0,0,0,0,informal
2013,18.8,7.38,male,other,less_than_hs,0,1,1,0,1,respite,1,0,0,0,0,0,1,0,0,disability
2013,26.7,6.76,male,other,less_than_hs,0,1,1,0,1,other,0,0,0,0,0,0,1,0,1,disability
2013,35.9,4.62,male,other,less_than_hs,0,1,1,0,1,other,0,0,0,0,0,0,0,0,0,other
2013,45.0,1.71,male,other,less_than_hs,0,1,1,0,1,emergency_shelter,0,0,1,0,0,0,0,0,0,welfare
2013,51.8,3.44,male,other,less_than_hs,0,1,1,0,1,respite,0,0,0,1,0,0,0,1,0,disability
2013,34.4,2.04,male,other,less_than_hs,0,1,1,0,1,respite,0,0,0,0,0,0,0,0,0,welfare
2013,47.2,1.2,male,other,less_than_hs,0,1,1,0,1,emergency_shelter,0,0,0,1,0,0,0,1,1,welfare
2013,34.0,13.81,male,other,less_than_hs,0,1,1,0,1,respite,0,0,1,0,1,0,0,0,0,other
2013,36.0,1.31,male,other,less_than_hs,0,1,1,0,1,emergency_shelter,0,0,0,1,1,0,0,1,0,welfare
2013,24.9,20.17,male,other,less_than_hs,0,1,1,0,1,emergency_shelter,1,0,0,0,1,0,0,0,0,other
2013,31.7,2.45,male,other,less_than_hs,0,1,1,0,1,emergency_shelter,0,0,1,0,1,1,1,1,0,disability
2013,25.7,1.44,male,other,less_than_hs,0,1,1,0,1,emergency_shelter,0,0,0,0,0,0,0,0,0,welfare
2013,30.9,3.05,male,other,less_than_hs,0,1,1,0,1,emergency_shelter,0,0,0,0,1,0,0,0,0,disability
2013,59.4,9.87,male,other,less_than_hs,0,1,1,0,1,emergency_shelter,0,0,0,0,0,0,0,1,0,disability
2013,31.3,5.22,male,other,less_than_hs,0,1,1,0,1,emergency_shelter,0,0,0,0,0,0,1,1,0,welfare
2013,81.5,6.97,male,other,less_than_hs,0,1,1,0,1,emergency_shelter,0,0,0,0,0,0,1,0,0,disability
2013,51.5,4.14,male,other,less_than_hs,0,1,1,0,1,emergency_shelter,0,0,0,0,0,0,0,1,0,welfare
2013,47.2,4.58,male,other,less_than_hs,0,1,1,0,1,emergency_shelter,0,0,0,0,0,0,1,0,0,other
2013,32.6,8.59,male,other,less_than_hs,0,1,1,0,1,emergency_shelter,0,0,0,0,0,0,0,0,1,employment
2013,54.4,1.63,male,other,less_than_hs,0,1,1,0,1,emergency_shelter,0,0,0,0,0,0,0,1,0,disability
2013,36.5,2.7,male,other,less_than_hs,0,1,1,0,1,emergency_shelter,0,0,0,0,0,0,0,1,0,welfare
2013,46.3,1.54,male,other,less_than_hs,0,1,1,0,1,emergency_shelter,0,0,0,0,0,0,0,0,0,other
2013,80.4,30.0,male,other,less_than_hs,0,1,1,0,1,respite,0,0,0,0,0,0,0,0,0,welfare
2013,43.3,18.51,male,other,less_than_hs,0,1,1,0,1,emergency_shelter,0,0,0,0,0,1,1,0,0,welfare
2013,60.7,1.08,male,other,less_than_hs,0,1,1,0,1,emergency_shelter,0,0,0,1,0,1,1,0,0,disability
2013,34.8,4.78,male,other,less_than_hs,0,1,1,0,1,emergency_shelter,0,0,0,0,1,0,0,0,0,disability
2013,42.8,1.12,male,other,less_than_hs,0,1,1,0,0,respite,0,0,0,0,0,0,0,0,0,welfare
2013,56.5,0.86,male,other,less_than_hs,0,1,1,0,0,other,0,0,0,0,0,0,0,1,0,disability
2013,34.4,0.31,male,other,less_than_hs,0,1,1,0,0,respite,0,0,0,0,0,0,0,1,0,other
2013,61.3,0.23,male,other,less_than_hs,0,1,1,0,0,emergency_shelter,0,0,0,0,0,0,0,0,0,welfare
2013,73.8,0.3,male,other,less_than_hs,0,1,1,0,0,emergency_shelter,0,0,0,0,0,0,0,0,0,welfare
2013,36.5,0.25,male,other,less_than_hs,0,1,1,0,0,emergency_shelter,0,0,0,0,0,0,0,0,0,welfare
2013,35.4,1.81,male,other,less_than_hs,0,1,1,0,0,emergency_shelter,0,0,0,0,0,0,1,0,0,welfare
2013,61.9,0.52,male,other,less_than_hs,0,1,1,0,0,emergency_shelter,0,0,0,0,0,0,0,0,0,welfare
2013,63.7,0.07,male,other,less_than_hs,0,1,1,0,0,emergency_shelter,0,0,0,0,0,0,0,0,0,other
2013,34.3,4.17,male,other,less_than_hs,0,1,1,0,0,emergency_shelter,0,0,0,0,0,0,0,0,0,other
2013,35.7,2.58,male,other,less_than_hs,0,1,1,0,0,emergency_shelter,0,0,0,1,0,0,0,1,0,other
2013,37.7,3.15,male,other,less_than_hs,0,1,1,0,0,emergency_shelter,0,0,0,0,0,0,0,1,0,informal
2013,22.8,6.34,male,other,less_than_hs,0,1,1,0,0,emergency_shelter,1,0,0,0,0,0,0,0,0,welfare
2013,28.7,0.23,male,other,less_than_hs,0,1,1,0,0,emergency_shelter,0,0,0,0,1,1,0,0,0,welfare
2013,27.5,0.61,male,other,less_than_hs,0,1,1,0,0,emergency_shelter,0,0,0,1,1,0,0,1,0,disability
2013,30.9,1.7,male,other,less_than_hs,0,1,1,0,0,emergency_shelter,0,0,0,0,0,0,0,0,0,disability
2013,41.1,1.43,male,other,less_than_hs,0,1,1,0,0,respite,0,0,1,0,0,0,0,0,0,disability
2013,44.9,0.2,male,other,less_than_hs,0,1,1,0,0,emergency_shelter,0,0,0,0,0,0,0,1,0,disability
2013,63.3,2.03,male,other,less_than_hs,0,1,1,0,0,emergency_shelter,0,0,0,1,0,0,0,0,1,welfare
2013,27.6,0.31,male,other,less_than_hs,0,1,1,0,0,emergency_shelter,0,0,0,1,0,0,0,0,1,disability
2013,55.4,0.3,male,other,less_than_hs,0,1,1,0,0,respite,0,0,0,0,0,0,0,0,0,other
2013,38.6,0.92,male,other,less_than_hs,0,1,1,0,0,emergency_shelter,0,0,0,0,0,0,0,0,0,informal
2013,40.9,1.08,male,other,less_than_hs,0,1,1,0,0,emergency_shelter,0,0,0,0,0,0,0,0,0,disability
2013,51.0,1.04,male,other,less_than_hs,0,1,1,0,0,emergency_shelter,0,0,0,0,0,0,0,0,0,disability
2013,25.9,0.12,male,other,less_than_hs,0,1,1,0,0,emergency_shelter,0,0,0,0,0,0,0,0,0,informal
2013,47.0,2.52,male,other,less_than_hs,0,1,1,0,0,respite,0,0,0,1,0,0,0,1,0,informal
2013,43.9,0.37,male,other,less_than_hs,0,1,1,0,0,emergency_shelter,0,0,1,0,1,0,0,1,0,other
2013,48.5,0.17,male,other,less_than_hs,0,1,1,0,0,emergency_shelter,0,0,0,1,0,1,1,1,1,other
2013,56.1,1.98,male,other,less_than_hs,0,1,0,0,1,emergency_shelter,0,0,0,1,0,0,0,0,0,other
2013,51.7,3.73,male,other,less_than_hs,0,1,0,0,1,emergency_shelter,0,0,0,1,0,0,0,1,0,welfare
2013,59.5,1.1,male,other,less_than_hs,0,1,0,0,1,other,0,0,0,0,0,0,0,0,0,disability
2013,61.0,9.78,male,other,less_than_hs,0,1,0,0,1,emergency_shelter,0,0,0,0,0,0,0,1,0,welfare
2013,64.0,30.0,male,other,less_than_hs,0,1,0,0,1,respite,0,0,0,0,1,0,0,0,0,disability
2013,53.7,28.32,male,other,less_than_hs,0,1,0,0,1,emergency_shelter,0,0,0,1,0,0,0,1,1,informal
2013,42.3,5.55,male,other,less_than_hs,0,1,0,0,1,emergency_shelter,0,0,0,0,0,0,1,0,0,welfare
2013,46.7,1.29,male,other,less_than_hs,0,1,0,0,1,emergency_shelter,0,0,0,1,0,0,0,0,0,informal
2013,61.5,5.73,male,other,less_than_hs,0,1,0,0,1,emergency_shelter,0,0,1,0,0,0,0,0,1,disability
2013,33.2,1.05,male,other,less_than_hs,0,1,0,0,1,emergency_shelter,0,0,0,1,0,0,0,1,0,welfare
2013,49.8,1.05,male,other,less_than_hs,0,1,0,0,1,respite,0,0,1,0,0,0,1,0,0,welfare
2013,39.1,1.89,male,other,less_than_hs,0,1,0,0,1,emergency_shelter,0,0,0,0,0,0,1,0,0,other
2013,45.0,2.69,male,other,less_than_hs,0,1,0,0,1,other,0,0,0,1,0,0,0,0,1,disability
2013,62.5,6.0,male,other,less_than_hs,0,1,0,0,1,emergency_shelter,0,0,0,0,1,0,0,0,0,other
2013,47.3,4.46,male,other,less_than_hs,0,1,0,0,1,respite,0,0,0,0,0,0,0,0,0,informal
2013,45.3,2.45,male,other,less_than_hs,0,1,0,0,1,emergency_shelter,0,0,0,0,0,0,0,1,1,welfare
2013,25.6,1.71,male,other,less_than_hs,0,1,0,0,1,emergency_shelter,0,0,0,0,0,0,0,0,0,informal
2013,55.0,30.0,male,other,less_than_hs,0,1,0,0,1,respite,0,0,0,0,0,0,1,0,0,welfare
2013,53.6,2.34,male,other,less_than_hs,0,1,0,0,1,emergency_shelter,0,0,1,0,0,0,0,0,0,disability
2013,74.9,2.48,male,other,less_than_hs,0,1,0,0,1,emergency_shelter,0,0,0,0,0,0,1,0,0,disability
2013,40.3,1.38,male,other,less_than_hs,0,1,0,0,1,emergency_shelter,0,0,0,1,0,0,0,0,0,other
2013,47.7,6.62,male,other,less_than_hs,0,1,0,0,1,emergency_shelter,0,0,1,0,0,1,1,1,0,welfare
2013,48.1,4.6,male,other,less_than_hs,0,1,0,0,1,respite,0,0,0,0,0,0,0,0,0,disability
2013,66.7,1.54,male,other,less_than_hs,0,1,0,0,1,emergency_shelter,0,0,1,0,0,0,0,0,0,welfare
2013,43.3,1.18,male,other,less_than_hs,0,1,0,0,1,emergency_shelter,0,0,0,0,0,0,0,0,0,welfare
2013,48.5,4.42,male,other,less_than_hs,0,1,0,0,1,emergency_shelter,0,0,0,0,0,0,0,0,0,disability
2013,53.1,4.09,male,other,less_than_hs,0,1,0,0,1,emergency_shelter,0,0,0,1,0,0,0,0,0,welfare
2013,47.2,1.71,male,other,less_than_hs,0,1,0,0,1,emergency_shelter,0,0,1,0,0,0,0,0,0,disability
2013,38.3,20.36,male,other,less_than_hs,0,1,0,0,1,emergency_shelter,0,0,0,0,0,0,0,0,1,disability
2013,47.3,1.35,male,other,less_than_hs,0,1,0,0,1,emergency_shelter,0,0,0,0,0,0,0,0,0,welfare
2013,59.6,2.38,male,other,less_than_hs,0,1,0,0,1,emergency_shelter,0,0,0,0,0,0,0,1,0,welfare
2013,30.2,18.4,male,other,less_than_hs,0,1,0,0,1,emergency_shelter,0,0,0,1,0,0,0,1,0,disability
2013,46.5,2.31,male,other,less_than_hs,0,1,0,0,1,emergency_shelter,0,0,1,0,0,1,0,1,1,welfare
2013,34.8,3.91,male,other,less_than_hs,0,1,0,0,1,emergency_shelter,0,0,1,1,0,0,1,0,0,disability
2013,53.4,0.05,male,other,less_than_hs,0,1,0,0,0,emergency_shelter,0,0,0,0,0,0,0,1,0,disability
2013,32.5,3.3,male,other,less_than_hs,0,1,0,0,0,emergency_shelter,0,0,1,1,1,0,0,0,0,disability
2013,35.4,0.06,male,other,less_than_hs,0,1,0,0,0,emergency_shelter,0,0,1,1,0,0,0,0,0,disability
2013,15.1,0.94,male,other,less_than_hs,0,1,0,0,0,emergency_shelter,1,0,0,0,0,0,0,1,0,disability
2013,35.3,1.48,male,other,less_than_hs,0,1,0,0,0,other,0,0,0,0,0,0,0,1,0,informal
2013,15.0,2.46,male,other,less_than_hs,0,1,0,0,0,other,1,0,0,0,0,0,0,1,0,welfare
2013,19.4,1.5,male,other,less_than_hs,0,1,0,0,0,emergency_shelter,1,0,0,1,0,0,0,0,1,disability
2013,52.2,1.94,male,other,less_than_hs,0,1,0,0,0,emergency_shelter,0,0,0,0,0,0,0,0,0,disability
2013,52.6,0.5,male,other,less_than_hs,0,1,0,0,0,emergency_shelter,0,0,1,1,0,0,0,0,0,disability
2013,47.6,2.02,male,other,less_than_hs,0,1,0,0,0,emergency_shelter,0,0,0,0,0,1,0,0,0,informal
2013,28.1,0.1,male,other,less_than_hs,0,1,0,0,0,emergency_shelter,0,0,1,0,0,0,0,0,0,employment
2013,40.9,2.7,male,other,less_than_hs,0,1,0,0,0,emergency_shelter,0,0,0,0,0,0,0,0,0,disability
2013,41.5,0.95,male,other,less_than_hs,0,1,0,0,0,emergency_shelter,0,0,0,0,0,1,0,0,1,welfare
2013,25.4,2.04,male,other,less_than_hs,0,1,0,0,0,respite,0,0,0,0,0,0,0,0,0,welfare
2013,62.6,0.72,male,other,less_than_hs,0,1,0,0,0,emergency_shelter,0,0,0,1,0,0,0,0,0,disability
2013,53.9,1.24,male,other,less_than_hs,0,1,0,0,0,emergency_shelter,0,0,0,0,0,0,0,1,0,welfare
2013,38.5,0.9,male,other,less_than_hs,0,1,0,0,0,emergency_shelter,0,0,0,0,0,0,0,1,0,welfare
2013,42.0,1.58,male,other,less_than_hs,0,1,0,0,0,emergency_shelter,0,0,0,0,0,0,0,0,0,disability
2013,44.5,0.1,male,other,less_than_hs,0,1,0,0,0,emergency_shelter,0,0,0,1,0,0,1,0,0,welfare
2013,15.0,0.07,male,other,less_than_hs,0,1,0,0,0,other,1,0,1,0,1,0,0,0,0,welfare
2013,38.1,0.34,male,other,less_than_hs,0,1,0,0,0,emergency_shelter,0,0,0,0,0,0,0,0,0,welfare
2013,32.1,0.21,male,other,less_than_hs,0,1,0,0,0,respite,0,0,0,0,0,0,0,0,0,employment
2013,27.6,2.46,male,other,less_than_hs,0,1,0,0,0,emergency_shelter,0,0,0,1,0,0,0,0,0,welfare
2013,37.7,0.3,male,other,less_than_hs,0,1,0,0,0,emergency_shelter,0,0,0,0,0,0,0,0,0,welfare
2013,66.8,4.47,male,other,less_than_hs,0,1,0,0,0,emergency_shelter,0,0,0,0,0,0,0,1,1,welfare
2013,50.6,0.49,male,other,less_than_hs,0,1,0,0,0,emergency_shelter,0,0,0,1,0,1,1,0,0,welfare
2013,33.6,0.24,male,other,less_than_hs,0,1,0,0,0,respite,0,0,0,0,0,0,0,0,1,disability
2013,49.6,1.87,male,other,less_than_hs,0,1,0,0,0,respite,0,0,0,0,0,0,0,0,0,welfare
2013,61.2,1.29,male,other,less_than_hs,0,1,0,0,0,emergency_shelter,0,0,0,0,0,0,1,1,0,welfare
2013,57.5,6.07,male,other,less_than_hs,0,0,1,0,1,emergency_shelter,0,0,1,0,1,0,0,0,0,employment
2013,53.7,1.29,male,other,less_than_hs,0,0,1,0,1,respite,0,0,1,0,0,0,0,1,1,other
2013,22.5,28.95,male,other,less_than_hs,0,0,1,0,1,emergency_shelter,1,0,0,0,0,0,0,0,0,other
2013,65.3,2.49,male,other,less_than_hs,0,0,1,0,1,emergency_shelter,0,0,0,0,0,0,1,1,0,disability
2013,63.9,1.59,male,other,less_than_hs,0,0,1,0,1,emergency_shelter,0,0,0,0,0,0,0,0,0,other
2013,35.8,1.16,male,other,less_than_hs,0,0,1,0,1,emergency_shelter,0,0,0,0,1,0,0,0,0,welfare
2013,50.1,1.4,male,other,less_than_hs,0,0,1,0,1,emergency_shelter,0,0,1,0,0,0,0,1,1,welfare
2013,51.5,2.89,male,other,less_than_hs,0,0,1,0,1,other,0,0,0,0,0,0,0,0,0,informal
2013,48.2,1.95,male,other,less_than_hs,0,0,1,0,1,emergency_shelter,0,0,0,0,0,0,0,0,0,welfare
2013,36.9,7.73,male,other,less_than_hs,0,0,1,0,1,emergency_shelter,0,0,0,0,0,0,0,0,0,welfare
2013,35.2,2.37,male,other,less_than_hs,0,0,1,0,1,emergency_shelter,0,0,0,0,0,0,0,0,0,other
2013,44.2,1.63,male,other,less_than_hs,0,0,1,0,1,other,0,0,0,0,0,0,1,0,0,disability
2013,61.0,3.69,male,other,less_than_hs,0,0,1,0,1,emergency_shelter,0,0,0,1,0,0,0,0,0,disability
2013,52.2,4.8,male,other,less_than_hs,0,0,1,0,1,emergency_shelter,0,0,0,0,0,1,0,1,1,employment
2013,39.4,1.39,male,other,less_than_hs,0,0,1,0,1,emergency_shelter,0,0,0,0,0,0,0,0,0,other
2013,55.4,1.39,male,other,less_than_hs,0,0,1,0,1,emergency_shelter,0,0,0,0,0,0,0,0,0,other
2013,15.0,1.08,male,other,less_than_hs,0,0,1,0,1,other,1,0,0,0,0,0,0,0,0,disability
2013,60.7,5.3,male,other,less_than_hs,0,0,1,0,1,other,0,0,0,0,1,0,0,0,0,other
2013,20.2,4.2,male,other,less_than_hs,0,0,1,0,1,emergency_shelter,1,0,0,0,0,0,1,1,0,disability
2013,39.5,2.61,male,other,less_than_hs,0,0,1,0,1,other,0,0,0,0,0,0,0,0,0,other
2013,28.9,8.36,male,other,less_than_hs,0,0,1,0,1,emergency_shelter,0,0,0,1,0,1,0,1,0,welfare
2013,26.5,6.94,male,other,less_than_hs,0,0,1,0,1,respite,0,0,0,0,0,0,0,0,0,disability
2013,57.9,0.83,male,other,less_than_hs,0,0,1,0,0,emergency_shelter,0,0,1,0,0,0,0,0,0,disability
2013,55.6,1.15,male,other,less_than_hs,0,0,1,0,0,respite,0,0,0,0,0,0,0,0,0,disability
2013,15.0,2.44,male,other,less_than_hs,0,0,1,0,0,emergency_shelter,1,0,0,0,0,1,0,1,1,disability
2013,70.8,1.01,male,other,less_than_hs,0,0,1,0,0,emergency_shelter,0,0,0,0,0,0,0,1,0,welfare
2013,39.6,0.05,male,other,less_than_hs,0,0,1,0,0,emergency_shelter,0,0,0,0,0,0,0,1,0,disability
2013,57.1,3.21,male,other,less_than_hs,0,0,1,0,0,respite,0,0,0,0,0,0,0,0,1,other
2013,27.0,1.4,male,other,less_than_hs,0,0,1,0,0,emergency_shelter,0,0,0,0,0,0,0,0,0,welfare
2013,50.2,1.35,male,other,less_than_hs,0,0,1,0,0,emergency_shelter,0,0,0,0,1,0,1,1,1,welfare
2013,26.9,0.29,male,other,less_than_hs,0,0,1,0,0,emergency_shelter,0,0,0,0,0,0,0,0,0,disability
2013,32.9,1.29,male,other,less_than_hs,0,0,1,0,0,emergency_shelter,0,0,0,0,0,0,0,1,0,other
2013,68.4,0.6,male,other,less_than_hs,0,0,1,0,0,emergency_shelter,0,0,1,1,0,0,0,0,0,welfare
2013,38.9,1.26,male,other,less_than_hs,0,0,1,0,0,emergency_shelter,0,0,0,1,0,0,0,1,1,other
2013,44.6,0.14,male,other,less_than_hs,0,0,1,0,0,emergency_shelter,0,0,0,0,0,0,0,0,0,other
2013,53.8,1.29,male,other,less_than_hs,0,0,1,0,0,emergency_shelter,0,0,0,0,0,0,0,0,0,disability
2013,48.5,8.0,male,other,less_than_hs,0,0,1,0,0,emergency_shelter,0,0,0,0,1,0,0,1,0,disability
2013,43.7,0.06,male,other,less_than_hs,0,0,1,0,0,emergency_shelter,0,0,1,0,1,0,1,0,0,informal
2013,46.7,4.54,male,other,less_than_hs,0,0,1,0,0,emergency_shelter,0,0,0,0,0,0,0,0,1,other
2013,29.3,7.17,male,other,less_than_hs,0,0,0,1,1,outdoor,0,0,0,1,0,0,0,1,1,welfare
2013,24.4,4.98,male,other,less_than_hs,0,0,0,1,1,outdoor,1,0,0,0,0,0,0,0,0,employment
2013,66.9,21.9,male,other,less_than_hs,0,0,0,1,1,outdoor,0,0,0,0,0,0,0,0,0,welfare
2013,32.7,1.04,male,other,less_than_hs,0,0,0,1,1,outdoor,0,0,0,1,1,0,0,0,0,employment
2013,30.7,1.47,male,other,less_than_hs,0,0,0,1,1,outdoor,0,0,0,1,0,0,0,0,0,disability
2013,15.0,1.02,male,other,less_than_hs,0,0,0,1,1,outdoor,1,0,0,0,0,0,0,0,0,welfare
2013,35.7,4.01,male,other,less_than_hs,0,0,0,1,1,outdoor,0,0,0,0,0,0,0,1,0,disability
2013,26.1,11.74,male,other,less_than_hs,0,0,0,1,1,outdoor,0,0,0,0,0,0,0,0,0,welfare
2013,67.6,1.61,male,other,less_than_hs,0,0,0,1,1,outdoor,0,0,0,0,0,0,0,0,0,other
2013,58.7,15.18,male,other,less_than_hs,0,0,0,1,1,outdoor,0,0,0,0,1,0,0,1,0,other
2013,35.0,1.13,male,other,less_than_hs,0,0,0,1,1,outdoor,0,0,0,0,0,0,0,0,0,other
2013,76.1,16.45,male,other,less_than_hs,0,0,0,1,1,outdoor,0,0,0,0,0,0,1,1,0,informal
2013,58.3,2.0,male,other,less_than_hs,0,0,0,1,1,outdoor,0,0,0,0,0,0,0,0,0,employment
2013,40.1,1.22,male,other,less_than_hs,0,0,0,1,1,outdoor,0,0,1,0,0,0,0,0,0,informal
2013,15.0,2.67,male,other,less_than_hs,0,0,0,1,1,outdoor,1,0,0,1,1,0,0,0,0,other
2013,76.7,1.66,male,other,less_than_hs,0,0,0,1,1,outdoor,0,0,0,0,0,0,1,1,0,other
2013,25.1,1.75,male,other,less_than_hs,0,0,0,1,1,outdoor,0,0,0,1,0,0,0,0,0,welfare
2013,21.6,1.83,male,other,less_than_hs,0,0,0,1,1,outdoor,1,0,0,1,0,0,0,1,1,disability
2013,58.9,6.86,male,other,less_than_hs,0,0,0,1,1,outdoor,0,0,0,0,0,1,1,0,0,disability
2013,78.8,3.03,male,other,less_than_hs,0,0,0,1,1,outdoor,0,0,0,0,1,0,0,1,0,disability
2013,64.0,1.85,male,other,less_than_hs,0,0,0,1,1,outdoor,0,0,0,0,0,0,0,0,0,other
2013,49.5,1.2,male,other,less_than_hs,0,0,0,1,0,outdoor,0,0,1,1,0,0,0,1,1,welfare
2013,62.8,3.63,male,other,less_than_hs,0,0,0,1,0,outdoor,0,0,0,0,0,0,0,0,0,other
2013,52.4,1.1,male,other,less_than_hs,0,0,0,1,0,outdoor,0,0,0,0,0,0,0,0,0,welfare
2013,33.2,2.05,male,other,less_than_hs,0,0,0,1,0,outdoor,0,0,0,0,1,0,0,1,0,welfare
2013,19.4,2.59,male,other,less_than_hs,0,0,0,1,0,outdoor,1,0,0,0,0,0,0,0,0,disability
2013,39.7,0.31,male,other,less_than_hs,0,0,0,1,0,outdoor,0,0,0,0,0,0,0,0,0,disability
2013,39.4,0.29,male,other,less_than_hs,0,0,0,1,0,outdoor,0,0,0,0,0,0,0,0,0,welfare
2013,28.0,1.13,male,other,less_than_hs,0,0,0,1,0,outdoor,0,0,0,0,0,0,0,0,0,welfare
2013,49.3,0.64,male,other,less_than_hs,0,0,0,1,0,outdoor,0,0,0,0,0,0,0,0,0,disability
2013,67.5,2.2,male,other,less_than_hs,0,0,0,1,0,outdoor,0,0,0,0,0,0,0,0,0,welfare
2013,44.7,2.76,male,other,less_than_hs,0,0,0,1,0,outdoor,0,0,0,0,0,0,0,1,0,employment
2013,43.8,0.52,male,other,less_than_hs,0,0,0,1,0,outdoor,0,0,0,0,0,0,1,0,0,informal
2013,28.5,0.32,male,other,less_than_hs,0,0,0,1,0,outdoor,0,0,1,0,0,0,0,0,1,disability
2013,61.2,1.82,male,other,less_than_hs,0,0,0,1,0,outdoor,0,0,1,0,0,0,0,0,1,welfare
2013,40.5,0.39,male,other,less_than_hs,0,0,0,1,0,outdoor,0,0,0,0,0,0,0,0,1,disability
2013,33.5,2.08,male,other,less_than_hs,0,0,0,1,0,outdoor,0,0,0,0,0,1,0,1,0,informal
2013,45.5,6.64,male,other,less_than_hs,0,0,0,0,1,emergency_shelter,0,0,0,1,0,0,0,1,0,welfare
2013,70.1,15.2,male,other,less_than_hs,0,0,0,0,1,emergency_shelter,0,0,0,1,0,0,1,1,0,welfare
2013,33.0,1.59,male,other,less_than_hs,0,0,0,0,1,emergency_shelter,0,0,0,1,0,0,0,1,0,other
2013,48.0,2.21,male,other,less_than_hs,0,0,0,0,1,emergency_shelter,0,0,0,1,0,0,0,0,0,disability
2013,33.7,1.35,male,other,less_than_hs,0,0,0,0,1,emergency_shelter,0,0,0,0,0,0,0,0,0,disability
2013,75.7,30.0,male,other,less_than_hs,0,0,0,0,1,emergency_shelter,0,0,0,0,1,0,0,1,1,welfare
2013,27.3,15.18,male,other,less_than_hs,0,0,0,0,1,emergency_shelter,0,0,0,0,1,0,0,0,1,welfare
2013,51.9,3.03,male,other,less_than_hs,0,0,0,0,1,emergency_shelter,0,0,0,0,0,1,0,1,0,disability
2013,34.3,8.27,male,other,less_than_hs,0,0,0,0,1,emergency_shelter,0,0,0,0,1,0,0,0,0,welfare
2013,39.6,2.9,male,other,less_than_hs,0,0,0,0,1,other,0,0,0,0,0,0,0,1,0,disability
2013,50.9,3.75,male,other,less_than_hs,0,0,0,0,1,emergency_shelter,0,0,0,0,0,0,0,0,0,disability
2013,61.7,1.19,male,other,less_than_hs,0,0,0,0,1,other,0,0,0,0,0,0,0,0,1,welfare
2013,67.3,5.67,male,other,less_than_hs,0,0,0,0,1,emergency_shelter,0,0,0,0,0,0,0,0,0,other
2013,23.1,1.29,male,other,less_than_hs,0,0,0,0,1,emergency_shelter,1,0,0,0,0,0,0,0,0,welfare
2013,48.3,7.63,male,other,less_than_hs,0,0,0,0,1,emergency_shelter,0,0,0,0,0,0,0,1,0,welfare
2013,65.0,6.28,male,other,less_than_hs,0,0,0,0,1,emergency_shelter,0,0,0,0,0,0,0,0,0,other
2013,21.0,4.83,male,other,less_than_hs,0,0,0,0,1,emergency_shelter,1,0,0,0,0,0,0,0,0,employment
2013,49.0,1.07,male,other,less_than_hs,0,0,0,0,1,emergency_shelter,0,0,0,1,0,0,1,0,0,welfare
2013,44.6,1.82,male,other,less_than_hs,0,0,0,0,1,emergency_shelter,0,0,0,0,1,0,0,1,0,other
2013,50.4,1.68,male,other,less_than_hs,0,0,0,0,1,emergency_shelter,0,0,1,0,0,0,0,0,0,disability
2013,33.8,2.04,male,other,less_than_hs,0,0,0,0,1,emergency_shelter,0,0,0,0,0,0,0,0,0,employment
2013,24.5,1.19,male,other,less_than_hs,0,0,0,0,1,emergency_shelter,1,0,0,0,1,0,0,0,0,other
2013,17.8,16.94,male,other,less_than_hs,0,0,0,0,1,emergency_shelter,1,0,0,0,0,0,0,0,0,other
2013,58.3,3.14,male,other,less_than_hs,0,0,0,0,1,emergency_shelter,0,0,0,0,0,0,0,0,0,disability
2013,60.1,1.83,male,other,less_than_hs,0,0,0,0,1,emergency_shelter,0,0,0,0,0,1,0,0,0,disability
2013,48.8,2.2,male,other,less_than_hs,0,0,0,0,1,emergency_shelter,0,0,0,0,0,0,0,0,0,disability
2013,37.1,2.45,male,other,less_than_hs,0,0,0,0,1,other,0,0,0,0,0,0,0,1,0,welfare
2013,21.9,3.53,male,other,less_than_hs,0,0,0,0,1,emergency_shelter,1,0,1,0,0,0,0,0,1,welfare
2013,52.5,2.86,male,other,less_than_hs,0,0,0,0,1,emergency_shelter,0,0,0,0,0,0,0,0,0,welfare
2013,29.2,14.08,male,other,less_than_hs,0,0,0,0,1,other,0,0,0,1,0,0,0,0,1,other
2013,34.6,2.74,male,other,less_than_hs,0,0,0,0,1,emergency_shelter,0,0,0,0,0,0,0,0,1,employment
2013,36.4,30.0,male,other,less_than_hs,0,0,0,0,1,emergency_shelter,0,0,0,1,0,0,0,1,0,other
2013,41.8,8.69,male,other,less_than_hs,0,0,0,0,1,emergency_shelter,0,0,0,0,0,0,0,0,1,disability
2013,34.0,1.51,male,other,less_than_hs,0,0,0,0,1,emergency_shelter,0,0,0,0,0,0,0,0,0,disability
2013,45.1,15.76,male,other,less_than_hs,0,0,0,0,1,emergency_shelter,0,0,0,1,0,0,0,0,0,welfare
2013,35.9,1.26,male,other,less_than_hs,0,0,0,0,1,emergency_shelter,0,0,0,0,0,0,0,1,0,disability
2013,54.4,7.32,male,other,less_than_hs,0,0,0,0,1,emergency_shelter,0,0,0,0,0,0,0,0,0,welfare
2013,59.0,2.13,male,other,less_than_hs,0,0,0,0,1,emergency_shelter,0,0,0,1,0,0,0,0,0,other
2013,46.1,10.19,male,other,less_than_hs,0,0,0,0,1,other,0,0,0,0,0,0,0,0,0,disability
2013,51.1,9.58,male,other,less_than_hs,0,0,0,0,1,emergency_shelter,0,0,1,0,0,0,0,0,0,welfare
2013,74.2,6.95,male,other,less_than_hs,0,0,0,0,1,emergency_shelter,0,0,0,0,0,0,1,1,1,employment
2013,28.2,6.49,male,other,less_than_hs,0,0,0,0,1,emergency_shelter,0,0,0,0,0,0,0,0,0,disability
2013,27.3,1.82,male,other,less_than_hs,0,0,0,0,1,emergency_shelter,0,0,0,0,0,0,0,0,0,welfare
2013,54.3,1.17,male,other,less_than_hs,0,0,0,0,1,emergency_shelter,0,0,0,1,1,0,0,0,1,other
2013,71.9,2.23,male,other,less_than_hs,0,0,0,0,1,emergency_shelter,0,0,0,0,0,1,1,0,0,welfare
2013,41.0,1.41,male,other,less_than_hs,0,0,0,0,1,emergency_shelter,0,0,0,0,0,1,0,1,0,welfare
2013,68.8,4.62,male,other,less_than_hs,0,0,0,0,1,respite,0,0,0,1,0,0,0,0,1,other
2013,46.0,1.98,male,other,less_than_hs,0,0,0,0,1,emergency_shelter,0,0,0,0,0,0,1,0,0,informal
2013,35.1,30.0,male,other,less_than_hs,0,0,0,0,1,emergency_shelter,0,0,0,0,0,0,0,1,0,disability
2013,30.7,3.94,male,other,less_than_hs,0,0,0,0,1,emergency_shelter,0,0,0,1,0,0,0,0,1,welfare
2013,53.4,7.5,male,other,less_than_hs,0,0,0,0,1,emergency_shelter,0,0,0,0,0,0,0,1,0,welfare
2013,31.8,1.3,male,other,less_than_hs,0,0,0,0,1,respite,0,0,0,1,1,0,0,1,1,welfare
2013,45.7,9.23,male,other,less_than_hs,0,0,0,0,1,emergency_shelter,0,0,0,0,0,0,0,0,0,welfare
2013,66.8,14.54,male,other,less_than_hs,0,0,0,0,1,emergency_shelter,0,0,0,0,0,0,0,0,0,disability
2013,40.3,2.68,male,other,less_than_hs,0,0,0,0,1,emergency_shelter,0,0,0,0,0,0,0,0,0,welfare
2013,63.0,3.58,male,other,less_than_hs,0,0,0,0,1,emergency_shelter,0,0,0,0,0,0,0,0,1,welfare
2013,24.6,1.73,male,other,less_than_hs,0,0,0,0,0,emergency_shelter,1,0,0,0,0,0,0,0,0,welfare
2013,36.1,0.37,male,other,less_than_hs,0,0,0,0,0,emergency_shelter,0,0,0,0,0,0,0,0,0,other
2013,41.4,0.05,male,other,less_than_hs,0,0,0,0,0,other,0,0,0,0,0,0,0,1,0,other
2013,53.7,0.1,male,other,less_than_hs,0,0,0,0,0,other,0,0,1,0,1,0,0,0,0,welfare
2013,30.4,4.13,male,other,less_than_hs,0,0,0,0,0,emergency_shelter,0,0,0,0,0,0,0,1,0,welfare
2013,43.1,0.42,male,other,less_than_hs,0,0,0,0,0,emergency_shelter,0,0,0,0,0,0,0,0,0,welfare
2013,25.9,1.76,male,other,less_than_hs,0,0,0,0,0,emergency_shelter,0,0,0,0,0,0,0,0,0,welfare
2013,27.7,1.18,male,other,less_than_hs,0,0,0,0,0,emergency_shelter,0,0,0,0,0,0,0,0,0,other
2013,41.2,0.58,male,other,less_than_hs,0,0,0,0,0,emergency_shelter,0,0,0,0,1,0,0,0,1,welfare
2013,15.0,0.28,male,other,less_than_hs,0,0,0,0,0,emergency_shelter,1,0,1,0,0,0,0,0,0,disability
2013,70.4,0.16,male,other,less_than_hs,0,0,0,0,0,emergency_shelter,0,0,0,0,0,0,0,1,0,welfare
2013,24.9,1.15,male,other,less_than_hs,0,0,0,0,0,respite,1,0,0,0,0,0,0,0,0,welfare
2013,41.0,1.79,male,other,less_than_hs,0,0,0,0,0,emergency_shelter,0,0,0,1,0,0,0,0,0,welfare
2013,58.0,1.24,male,other,less_than_hs,0,0,0,0,0,emergency_shelter,0,0,1,0,0,0,1,0,0,welfare
2013,29.5,0.91,male,other,less_than_hs,0,0,0,0,0,emergency_shelter,0,0,0,0,0,1,0,1,0,disability
2013,15.0,0.05,male,other,less_than_hs,0,0,0,0,0,emergency_shelter,1,0,0,1,0,0,0,1,0,disability
2013,35.4,4.15,male,other,less_than_hs,0,0,0,0,0,emergency_shelter,0,0,0,0,1,0,0,1,1,employment
2013,29.4,1.92,male,other,less_than_hs,0,0,0,0,0,emergency_shelter,0,0,0,1,0,0,0,1,1,welfare
2013,15.0,0.42,male,other,less_than_hs,0,0,0,0,0,emergency_shelter,1,0,0,1,0,0,0,1,0,disability
2013,45.6,4.69,male,other,less_than_hs,0,0,0,0,0,respite,0,0,0,0,0,0,0,0,0,informal
2013,44.5,1.11,male,other,less_than_hs,0,0,0,0,0,emergency_shelter,0,0,0,0,0,0,0,0,0,employment
2013,57.6,1.05,male,other,less_than_hs,0,0,0,0,0,emergency_shelter,0,0,0,0,0,0,0,1,0,other
2013,25.9,1.65,male,other,less_than_hs,0,0,0,0,0,emergency_shelter,0,0,0,1,0,0,0,0,0,disability
2013,19.2,2.0,male,other,less_than_hs,0,0,0,0,0,emergency_shelter,1,0,0,0,0,0,0,0,0,disability
2013,35.9,1.28,male,other,less_than_hs,0,0,0,0,0,emergency_shelter,0,0,0,0,0,0,0,0,0,welfare
2013,40.4,0.16,male,other,less_than_hs,0,0,0,0,0,emergency_shelter,0,0,0,0,0,0,0,0,0,disability
2013,54.5,0.5,male,other,less_than_hs,0,0,0,0,0,emergency_shelter,0,0,0,0,0,0,0,1,0,other
2013,61.3,3.16,male,other,less_than_hs,0,0,0,0,0,other,0,0,0,0,0,0,0,0,0,disability
2013,58.6,0.31,male,other,less_than_hs,0,0,0,0,0,emergency_shelter,0,0,0,0,1,0,0,0,0,welfare
2013,45.5,0.56,male,other,less_than_hs,0,0,0,0,0,emergency_shelter,0,0,0,1,0,0,0,1,0,other
2013,52.8,0.68,male,other,less_than_hs,0,0,0,0,0,emergency_shelter,0,0,0,1,0,0,0,0,0,welfare
2013,32.6,0.69,male,other,less_than_hs,0,0,0,0,0,emergency_shelter,0,0,0,0,0,0,0,0,0,disability
2013,44.0,1.14,male,other,less_than_hs,0,0,0,0,0,emergency_shelter,0,0,0,0,0,0,0,1,1,employment
2013,24.9,3.44,male,other,less_than_hs,0,0,0,0,0,emergency_shelter,1,0,0,0,0,0,0,1,0,welfare
2013,42.5,0.33,male,other,less_than_hs,0,0,0,0,0,emergency_shelter,0,0,0,0,0,1,0,0,1,disability
2013,42.8,0.16,male,other,less_than_hs,0,0,0,0,0,emergency_shelter,0,0,0,0,0,0,0,1,1,welfare
2013,65.7,0.26,male,other,less_than_hs,0,0,0,0,0,emergency_shelter,0,0,0,0,0,0,1,1,0,other
2013,38.4,2.62,male,other,less_than_hs,0,0,0,0,0,emergency_shelter,0,0,0,0,1,0,0,1,0,other
2013,42.9,1.25,male,other,less_than_hs,0,0,0,0,0,emergency_shelter,0,0,0,0,0,0,0,0,0,disability
2013,44.9,0.4,male,other,less_than_hs,0,0,0,0,0,emergency_shelter,0,0,0,0,0,0,0,1,0,disability
2013,35.2,2.03,male,other,less_than_hs,0,0,0,0,0,emergency_shelter,0,0,0,0,0,0,0,0,0,disability
2013,30.4,2.37,male,other,less_than_hs,0,0,0,0,0,emergency_shelter,0,0,0,0,0,1,1,0,1,welfare
2013,59.8,2.25,male,other,less_than_hs,0,0,0,0,0,emergency_shelter,0,0,0,0,0,0,0,0,0,employment
2013,27.9,3.01,male,other,less_than_hs,0,0,0,0,0,emergency_shelter,0,0,0,0,0,0,0,0,0,other
2013,23.0,0.35,male,other,less_than_hs,0,0,0,0,0,other,1,0,0,0,0,0,0,0,0,welfare
2013,51.1,1.69,male,other,less_than_hs,0,0,0,0,0,emergency_shelter,0,0,0,0,0,0,0,0,0,disability
2013,57.8,0.74,male,other,less_than_hs,0,0,0,0,0,emergency_shelter,0,0,0,0,0,0,0,0,0,welfare
2013,35.3,2.21,male,other,less_than_hs,0,0,0,0,0,emergency_shelter,0,0,0,0,0,0,0,0,0,disability
2013,35.5,1.56,male,other,less_than_hs,0,0,0,0,0,emergency_shelter,0,0,0,0,0,0,0,0,0,disability
2013,45.6,1.8,male,other,less_than_hs,0,0,0,0,0,respite,0,0,0,0,0,0,0,1,0,disability
2013,31.7,1.28,male,other,less_than_hs,0,0,0,0,0,other,0,0,0,0,0,0,0,0,1,disability
2013,33.2,5.04,male,other,hs_graduate,1,1,0,0,1,respite,0,0,0,0,0,0,0,0,0,welfare
2013,15.3,4.81,male,other,hs_graduate,1,0,0,0,1,emergency_shelter,1,0,0,1,0,0,0,0,0,welfare
2013,20.8,6.45,male,other,hs_graduate,1,0,0,0,1,emergency_shelter,1,0,0,0,0,0,0,0,0,disability
2013,65.0,2.88,male,other,hs_graduate,1,0,0,0,1,emergency_shelter,0,0,0,0,0,0,0,0,0,other
2013,68.1,2.42,male,other,hs_graduate,1,0,0,0,1,emergency_shelter,0,0,0,0,0,0,1,0,0,welfare
2013,34.1,1.34,male,other,hs_graduate,1,0,0,0,1,emergency_shelter,0,0,0,0,0,0,0,0,0,disability
2013,60.9,1.91,male,other,hs_graduate,1,0,0,0,1,emergency_shelter,0,0,0,0,1,0,0,1,0,disability
2013,36.6,2.38,male,other,hs_graduate,1,0,0,0,1,respite,0,0,0,0,0,0,0,0,0,welfare
2013,47.1,1.19,male,other,hs_graduate,1,0,0,0,1,emergency_shelter,0,0,1,1,0,0,0,0,0,other
2013,32.9,1.54,male,other,hs_graduate,1,0,0,0,1,emergency_shelter,0,0,0,0,0,0,0,1,0,welfare
2013,75.6,3.51,male,other,hs_graduate,1,0,0,0,1,emergency_shelter,0,0,0,1,0,0,0,0,0,other
2013,40.5,5.28,male,other,hs_graduate,1,0,0,0,1,other,0,0,0,0,0,0,0,0,0,welfare
2013,46.4,30.0,male,other,hs_graduate,1,0,0,0,1,emergency_shelter,0,0,0,0,0,1,1,0,0,welfare
2013,35.0,16.21,male,other,hs_graduate,1,0,0,0,1,emergency_shelter,0,0,0,0,0,0,1,1,0,welfare
2013,70.7,3.96,male,other,hs_graduate,1,0,0,0,1,respite,0,0,0,0,0,0,1,0,0,welfare
2013,71.0,2.32,male,other,hs_graduate,1,0,0,0,1,respite,0,0,0,0,0,0,0,1,1,employment
2013,67.4,3.89,male,other,hs_graduate,1,0,0,0,1,emergency_shelter,0,0,0,0,0,0,0,0,0,other
2013,58.0,6.38,male,other,hs_graduate,1,0,0,0,1,emergency_shelter,0,0,0,0,0,0,0,0,1,disability
2013,35.9,1.26,male,other,hs_graduate,1,0,0,0,1,emergency_shelter,0,0,0,0,0,0,0,0,0,welfare
2013,56.2,2.26,male,other,hs_graduate,1,0,0,0,1,emergency_shelter,0,0,0,0,1,0,1,1,0,welfare
2013,44.5,8.17,male,other,hs_graduate,1,0,0,0,1,emergency_shelter,0,0,0,0,0,0,0,0,0,welfare
2013,63.0,2.14,male,other,hs_graduate,1,0,0,0,1,emergency_shelter,0,0,0,0,0,0,0,0,0,disability
2013,60.2,3.28,male,other,hs_graduate,1,0,0,0,1,emergency_shelter,0,0,0,0,0,0,0,0,0,welfare
2013,32.5,1.71,male,other,hs_graduate,1,0,0,0,0,other,0,0,0,1,0,0,0,0,0,welfare
2013,15.0,0.72,male,other,hs_graduate,1,0,0,0,0,emergency_shelter,1,0,0,0,0,0,0,0,0,welfare
2013,39.3,1.8,male,other,hs_graduate,1,0,0,0,0,emergency_shelter,0,0,0,0,0,0,1,1,0,welfare
2013,54.2,0.08,male,other,hs_graduate,1,0,0,0,0,emergency_shelter,0,0,0,0,0,0,0,0,0,welfare
2013,52.5,0.8,male,other,hs_graduate,1,0,0,0,0,emergency_shelter,0,0,0,0,0,1,0,1,1,employment
2013,46.6,0.05,male,other,hs_graduate,1,0,0,0,0,other,0,0,0,0,0,0,0,0,0,other
2013,26.2,0.08,male,other,hs_graduate,1,0,0,0,0,emergency_shelter,0,0,0,0,1,1,1,0,0,other
2013,47.1,2.84,male,other,hs_graduate,1,0,0,0,0,emergency_shelter,0,0,0,0,0,0,0,0,0,disability
2013,33.6,0.18,male,other,hs_graduate,1,0,0,0,0,emergency_shelter,0,0,0,0,0,0,0,1,1,disability
2013,46.5,0.91,male,other,hs_graduate,1,0,0,0,0,emergency_shelter,0,0,0,1,0,0,0,1,0,employment
2013,43.3,0.64,male,other,hs_graduate,1,0,0,0,0,emergency_shelter,0,0,0,1,0,0,0,0,0,welfare
2013,27.9,0.51,male,other,hs_graduate,1,0,0,0,0,other,0,0,0,0,0,0,0,0,0,other
2013,29.1,2.76,male,other,hs_graduate,1,0,0,0,0,emergency_shelter,0,0,0,0,0,0,0,1,1,welfare
2013,46.6,0.05,male,other,hs_graduate,1,0,0,0,0,emergency_shelter,0,0,0,0,0,0,0,1,0,other
2013,38.5,1.31,male,other,hs_graduate,1,0,0,0,0,emergency_shelter,0,0,0,0,0,0,1,0,0,disability
2013,29.8,3.97,male,other,hs_graduate,1,0,0,0,0,emergency_shelter,0,0,0,0,0,0,0,0,0,welfare
2013,28.7,0.99,male,other,hs_graduate,1,0,0,0,0,emergency_shelter,0,0,0,0,0,0,0,0,0,disability
2013,53.5,10.18,male,other,hs_graduate,0,1,1,0,1,emergency_shelter,0,0,0,0,0,0,0,1,0,disability
2013,38.3,10.3,male,other,hs_graduate,0,1,1,0,1,emergency_shelter,0,0,0,0,0,0,0,0,1,welfare
2013,58.8,9.73,male,other,hs_graduate,0,1,1,0,1,emergency_shelter,0,0,0,0,1,0,0,0,0,disability
2013,81.9,1.6,male,other,hs_graduate,0,1,1,0,1,emergency_shelter,0,0,1,0,0,0,0,1,0,welfare
2013,40.5,2.48,male,other,hs_graduate,0,1,1,0,1,respite,0,0,0,0,0,0,0,1,0,welfare
2013,46.7,30.0,male,other,hs_graduate,0,1,1,0,1,respite,0,0,0,1,0,0,0,0,0,informal
2013,49.9,6.04,male,other,hs_graduate,0,1,1,0,1,emergency_shelter,0,0,0,0,0,0,0,0,0,disability
2013,70.0,1.06,male,other,hs_graduate,0,1,1,0,1,other,0,0,1,1,0,1,1,1,0,informal
2013,43.4,1.14,male,other,hs_graduate,0,1,1,0,1,emergency_shelter,0,0,0,0,0,0,0,0,0,other
2013,33.0,2.55,male,other,hs_graduate,0,1,1,0,1,emergency_shelter,0,0,0,0,0,0,0,0,1,other
2013,26.9,12.85,male,other,hs_graduate,0,1,1,0,1,emergency_shelter,0,0,0,0,0,0,0,1,0,welfare
2013,43.8,3.02,male,other,hs_graduate,0,1,1,0,1,respite,0,0,0,0,0,0,0,0,0,welfare
2013,38.3,2.75,male,other,hs_graduate,0,1,1,0,1,emergency_shelter,0,0,0,0,1,0,0,1,0,welfare
2013,72.7,1.23,male,other,hs_graduate,0,1,1,0,1,emergency_shelter,0,0,0,0,0,0,0,0,0,welfare
2013,69.4,4.12,male,other,hs_graduate,0,1,1,0,1,emergency_shelter,0,0,0,0,0,0,0,1,0,welfare
2013,30.1,7.48,male,other,hs_graduate,0,1,1,0,1,emergency_shelter,0,0,0,0,0,0,0,0,0,welfare
2013,34.6,2.13,male,other,hs_graduate,0,1,1,0,1,emergency_shelter,0,0,0,0,0,0,0,1,1,informal
2013,45.6,6.12,male,other,hs_graduate,0,1,1,0,1,respite,0,0,0,0,0,0,0,1,0,welfare
2013,64.2,25.76,male,other,hs_graduate,0,1,1,0,1,emergency_shelter,0,0,0,0,0,0,0,0,0,disability
2013,45.4,1.49,male,other,hs_graduate,0,1,1,0,1,emergency_shelter,0,0,0,0,0,1,0,0,0,welfare
2013,35.5,2.92,male,other,hs_graduate,0,1,1,0,1,other,0,0,0,0,0,0,0,1,0,disability
2013,43.8,1.76,male,other,hs_graduate,0,1,1,0,1,emergency_shelter,0,0,0,0,0,0,0,1,1,welfare
2013,35.8,6.57,male,other,hs_graduate,0,1,1,0,1,other,0,0,0,0,0,0,0,1,0,disability
2013,53.0,3.33,male,other,hs_graduate,0,1,1,0,1,emergency_shelter,0,0,0,0,1,0,0,1,0,welfare
2013,34.7,3.87,male,other,hs_graduate,0,1,1,0,1,emergency_shelter,0,0,0,0,1,1,0,1,0,informal
2013,37.5,6.71,male,other,hs_graduate,0,1,1,0,1,emergency_shelter,0,0,0,0,1,0,0,1,0,welfare
2013,60.9,2.2,male,other,hs_graduate,0,1,1,0,1,respite,0,0,1,0,1,0,0,0,0,disability
2013,33.8,13.53,male,other,hs_graduate,0,1,1,0,1,emergency_shelter,0,0,0,0,0,0,0,0,1,welfare
2013,24.4,2.98,male,other,hs_graduate,0,1,1,0,1,emergency_shelter,1,0,0,0,0,0,0,0,0,disability
2013,42.9,1.66,male,other,hs_graduate,0,1,1,0,0,emergency_shelter,0,0,0,0,0,0,0,0,0,welfare
2013,42.1,1.26,male,other,hs_graduate,0,1,1,0,0,emergency_shelter,0,0,0,0,0,0,1,1,0,welfare
2013,37.9,1.16,male,other,hs_graduate,0,1,1,0,0,other,0,0,0,0,0,0,0,0,0,other
2013,66.7,0.52,male,other,hs_graduate,0,1,1,0,0,respite,0,0,0,1,0,0,0,1,0,disability
2013,44.7,2.21,male,other,hs_graduate,0,1,1,0,0,emergency_shelter,0,0,0,0,1,0,0,0,0,welfare
2013,30.3,0.76,male,other,hs_graduate,0,1,1,0,0,emergency_shelter,0,0,1,0,0,0,0,0,0,other
2013,50.0,4.64,male,other,hs_graduate,0,1,1,0,0,emergency_shelter,0,0,0,1,0,0,1,0,0,other
2013,45.4,1.21,male,other,hs_graduate,0,1,1,0,0,emergency_shelter,0,0,0,0,0,0,0,0,0,disability
2013,45.9,0.16,male,other,hs_graduate,0,1,1,0,0,respite,0,0,0,1,0,1,0,0,0,welfare
2013,66.9,1.35,male,other,hs_graduate,0,1,1,0,0,emergency_shelter,0,0,0,0,0,0,0,0,1,disability
2013,46.5,0.47,male,other,hs_graduate,0,1,1,0,0,emergency_shelter,0,0,0,0,0,0,0,0,0,welfare
2013,37.3,1.39,male,other,hs_graduate,0,1,1,0,0,emergency_shelter,0,0,1,0,0,0,0,1,1,disability
2013,15.0,0.09,male,other,hs_graduate,0,1,1,0,0,emergency_shelter,1,0,1,1,0,0,0,0,0,other
2013,39.3,0.23,male,other,hs_graduate,0,1,1,0,0,emergency_shelter,0,0,0,0,0,1,0,0,0,disability
2013,59.9,2.32,male,other,hs_graduate,0,1,1,0,0,respite,0,0,0,0,0,0,0,0,0,welfare
2013,40.3,0.31,male,other,hs_graduate,0,1,1,0,0,emergency_shelter,0,0,0,0,1,0,1,0,0,welfare
2013,15.0,2.18,male,other,hs_graduate,0,1,1,0,0,emergency_shelter,1,0,1,0,0,0,0,0,0,other
2013,34.6,0.39,male,other,hs_graduate,0,1,1,0,0,other,0,0,0,1,0,0,0,0,0,welfare
2013,55.5,1.24,male,other,hs_graduate,0,1,1,0,0,emergency_shelter,0,0,1,0,1,0,0,0,1,disability
2013,49.2,1.42,male,other,hs_graduate,0,1,1,0,0,emergency_shelter,0,0,0,0,0,0,0,0,0,disability
2013,29.8,0.86,male,other,hs_graduate,0,1,1,0,0,emergency_shelter,0,0,0,0,0,0,0,0,0,disability
2013,33.7,0.44,male,other,hs_graduate,0,1,1,0,0,emergency_shelter,0,0,0,1,1,0,0,1,0,welfare
2013,35.9,0.29,male,other,hs_graduate,0,1,1,0,0,respite,0,0,0,0,0,0,0,0,1,welfare
2013,32.3,0.05,male,other,hs_graduate,0,1,1,0,0,emergency_shelter,0,0,0,0,0,0,0,1,1,welfare
2013,16.2,1.25,male,other,hs_graduate,0,1,0,0,1,emergency_shelter,1,0,0,0,0,0,0,1,0,disability
2013,38.5,1.2,male,other,hs_graduate,0,1,0,0,1,emergency_shelter,0,0,0,0,0,0,0,0,0,welfare
2013,55.1,12.9,male,other,hs_graduate,0,1,0,0,1,emergency_shelter,0,0,0,0,0,0,0,0,1,welfare
2013,47.3,4.27,male,other,hs_graduate,0,1,0,0,1,emergency_shelter,0,0,1,0,0,0,0,0,0,other
2013,49.0,7.75,male,other,hs_graduate,0,1,0,0,1,emergency_shelter,0,0,0,0,0,0,0,1,0,welfare
2013,57.0,10.26,male,other,hs_graduate,0,1,0,0,1,emergency_shelter,0,0,0,0,0,0,0,1,0,employment
2013,37.2,3.28,male,other,hs_graduate,0,1,0,0,1,emergency_shelter,0,0,0,0,0,0,0,1,0,welfare
2013,53.8,2.88,male,other,hs_graduate,0,1,0,0,1,other,0,0,0,0,0,0,0,0,0,disability
2013,39.2,2.37,male,other,hs_graduate,0,1,0,0,1,emergency_shelter,0,0,0,0,0,0,0,0,0,welfare
2013,49.4,1.87,male,other,hs_graduate,0,1,0,0,1,emergency_shelter,0,0,0,0,0,0,0,0,0,welfare
2013,35.6,2.39,male,other,hs_graduate,0,1,0,0,1,emergency_shelter,0,0,0,0,0,0,0,0,1,disability
2013,31.9,6.08,male,other,hs_graduate,0,1,0,0,1,emergency_shelter,0,0,0,0,0,0,0,1,0,disability
2013,45.9,3.54,male,other,hs_graduate,0,1,0,0,1,emergency_shelter,0,0,0,0,0,0,0,0,0,disability
2013,18.2,11.27,male,other,hs_graduate,0,1,0,0,1,emergency_shelter,1,0,1,1,0,1,1,0,0,other
2013,40.5,2.43,male,other,hs_graduate,0,1,0,0,1,emergency_shelter,0,0,0,1,0,0,0,0,0,disability
2013,22.1,3.59,male,other,hs_graduate,0,1,0,0,1,emergency_shelter,1,0,0,0,0,0,0,1,1,employment
2013,55.5,3.83,male,other,hs_graduate,0,1,0,0,1,emergency_shelter,0,0,0,0,0,0,0,0,0,disability
2013,59.3,3.45,male,other,hs_graduate,0,1,0,0,1,emergency_shelter,0,0,0,0,0,0,0,0,0,welfare
2013,32.5,4.73,male,other,hs_graduate,0,1,0,0,1,emergency_shelter,0,0,0,0,0,0,0,0,0,welfare
2013,50.6,1.59,male,other,hs_graduate,0,1,0,0,1,emergency_shelter,0,0,0,1,0,0,0,0,0,other
2013,57.2,2.84,male,other,hs_graduate,0,1,0,0,1,emergency_shelter,0,0,0,0,0,0,0,0,0,disability
2013,57.2,1.23,male,other,hs_graduate,0,1,0,0,1,emergency_shelter,0,0,0,0,0,0,0,0,0,welfare
2013,47.6,2.15,male,other,hs_graduate,0,1,0,0,1,emergency_shelter,0,0,0,0,0,0,0,1,0,employment
2013,54.9,2.69,male,other,hs_graduate,0,1,0,0,1,emergency_shelter,0,0,0,0,0,0,0,0,0,other
2013,35.5,4.07,male,other,hs_graduate,0,1,0,0,1,emergency_shelter,0,0,0,1,0,0,0,0,0,disability
2013,45.8,20.26,male,other,hs_graduate,0,1,0,0,1,other,0,0,0,0,0,0,0,1,0,disability
2013,38.1,3.53,male,other,hs_graduate,0,1,0,0,1,emergency_shelter,0,0,0,0,0,0,0,1,0,welfare
2013,34.3,5.43,male,other,hs_graduate,0,1,0,0,1,emergency_shelter,0,0,0,1,0,0,0,0,0,disability
2013,45.1,2.8,male,other,hs_graduate,0,1,0,0,1,emergency_shelter,0,0,0,0,0,0,0,1,0,disability
2013,49.5,3.86,male,other,hs_graduate,0,1,0,0,1,emergency_shelter,0,0,1,0,0,1,0,0,0,welfare
2013,57.9,0.09,male,other,hs_graduate,0,1,0,0,0,emergency_shelter,0,0,0,0,0,0,0,0,0,welfare
2013,43.0,0.1,male,other,hs_graduate,0,1,0,0,0,emergency_shelter,0,0,0,0,0,0,0,0,0,welfare
2013,15.0,0.53,male,other,hs_graduate,0,1,0,0,0,emergency_shelter,1,0,0,0,0,0,0,1,1,welfare
2013,41.3,3.41,male,other,hs_graduate,0,1,0,0,0,emergency_shelter,0,0,0,0,0,0,0,0,0,welfare
2013,56.7,1.33,male,other,hs_graduate,0,1,0,0,0,emergency_shelter,0,0,0,0,0,0,0,1,1,welfare
2013,36.0,1.36,male,other,hs_graduate,0,1,0,0,0,respite,0,0,0,0,0,0,0,0,1,welfare
2013,32.5,0.54,male,other,hs_graduate,0,1,0,0,0,emergency_shelter,0,0,0,0,1,0,0,1,0,welfare
2013,22.3,1.08,male,other,hs_graduate,0,1,0,0,0,emergency_shelter,1,0,0,0,0,0,1,0,0,disability
2013,15.6,0.05,male,other,hs_graduate,0,1,0,0,0,emergency_shelter,1,0,0,0,0,1,1,0,1,disability
2013,53.2,1.21,male,other,hs_graduate,0,1,0,0,0,emergency_shelter,0,0,0,0,0,0,0,1,0,welfare
2013,39.1,2.93,male,other,hs_graduate,0,1,0,0,0,emergency_shelter,0,0,0,0,0,0,0,1,0,welfare
2013,52.4,1.14,male,other,hs_graduate,0,1,0,0,0,emergency_shelter,0,0,0,0,0,0,1,1,1,welfare
2013,63.0,2.48,male,other,hs_graduate,0,1,0,0,0,emergency_shelter,0,0,0,0,0,0,0,1,1,employment
2013,54.5,1.54,male,other,hs_graduate,0,1,0,0,0,emergency_shelter,0,0,0,0,0,0,0,1,0,disability
2013,34.0,0.15,male,other,hs_graduate,0,1,0,0,0,respite,0,0,0,0,1,0,0,1,0,disability
2013,43.6,2.79,male,other,hs_graduate,0,1,0,0,0,respite,0,0,0,0,0,0,0,0,1,disability
2013,33.0,0.08,male,other,hs_graduate,0,1,0,0,0,respite,0,0,0,0,0,0,0,0,0,welfare
2013,31.7,0.92,male,other,hs_graduate,0,1,0,0,0,emergency_shelter,0,0,0,0,0,0,0,0,0,welfare
2013,46.4,0.18,male,other,hs_graduate,0,1,0,0,0,emergency_shelter,0,0,0,0,0,0,0,1,0,welfare
2013,29.9,0.05,male,other,hs_graduate,0,1,0,0,0,emergency_shelter,0,0,0,0,0,0,0,0,0,welfare
2013,15.0,0.66,male,other,hs_graduate,0,1,0,0,0,emergency_shelter,1,0,0,1,0,0,0,0,0,other
2013,29.2,0.42,male,other,hs_graduate,0,1,0,0,0,emergency_shelter,0,0,0,1,0,0,0,0,0,other
2013,37.3,0.8,male,other,hs_graduate,0,1,0,0,0,emergency_shelter,0,0,0,1,0,0,0,1,0,welfare
2013,62.9,1.03,male,other,hs_graduate,0,1,0,0,0,emergency_shelter,0,0,0,0,0,0,0,0,0,other
2013,34.7,0.05,male,other,hs_graduate,0,1,0,0,0,emergency_shelter,0,0,0,0,0,0,0,0,0,welfare
2013,41.1,1.06,male,other,hs_graduate,0,0,1,0,1,emergency_shelter,0,0,1,0,0,0,0,0,0,other
2013,27.6,2.8,male,other,hs_graduate,0,0,1,0,1,respite,0,0,0,1,0,0,0,1,0,other
2013,31.1,25.52,male,other,hs_graduate,0,0,1,0,1,other,0,0,0,0,0,0,0,1,0,other
2013,38.6,2.14,male,other,hs_graduate,0,0,1,0,1,emergency_shelter,0,0,0,0,0,0,0,0,0,welfare
2013,45.3,1.08,male,other,hs_graduate,0,0,1,0,1,other,0,0,0,0,0,0,0,0,0,welfare
2013,42.3,1.06,male,other,hs_graduate,0,0,1,0,1,emergency_shelter,0,0,0,1,0,0,0,0,1,welfare
2013,24.8,2.16,male,other,hs_graduate,0,0,1,0,1,emergency_shelter,1,0,0,0,0,0,0,0,0,disability
2013,61.6,1.37,male,other,hs_graduate,0,0,1,0,1,emergency_shelter,0,0,0,1,1,1,0,0,0,employment
2013,42.5,1.05,male,other,hs_graduate,0,0,1,0,1,emergency_shelter,0,0,0,0,0,0,0,0,0,other
2013,34.6,5.69,male,other,hs_graduate,0,0,1,0,1,emergency_shelter,0,0,0,0,0,0,0,0,0,disability
2013,60.1,2.52,male,other,hs_graduate,0,0,1,0,1,emergency_shelter,0,0,0,1,0,0,0,1,0,welfare
2013,28.0,1.77,male,other,hs_graduate,0,0,1,0,1,emergency_shelter,0,0,0,0,0,0,0,0,0,employment
2013,21.8,11.93,male,other,hs_graduate,0,0,1,0,1,emergency_shelter,1,0,0,0,0,0,0,0,0,welfare
2013,62.4,1.26,male,other,hs_graduate,0,0,1,0,1,respite,0,0,0,0,0,0,0,1,1,other
2013,71.1,22.04,male,other,hs_graduate,0,0,1,0,1,emergency_shelter,0,0,0,1,0,0,0,1,0,other
2013,38.1,1.86,male,other,hs_graduate,0,0,1,0,1,emergency_shelter,0,0,1,0,1,0,0,0,1,welfare
2013,44.0,10.94,male,other,hs_graduate,0,0,1,0,1,emergency_shelter,0,0,0,0,0,0,0,0,1,disability
2013,25.5,1.01,male,other,hs_graduate,0,0,1,0,0,respite,0,0,1,0,0,0,0,1,1,welfare
2013,23.9,1.16,male,other,hs_graduate,0,0,1,0,0,emergency_shelter,1,0,0,0,0,0,0,0,0,welfare
2013,29.5,0.27,male,other,hs_graduate,0,0,1,0,0,emergency_shelter,0,0,0,1,0,1,0,0,0,employment
2013,42.5,0.6,male,other,hs_graduate,0,0,1,0,0,emergency_shelter,0,0,0,0,0,0,0,0,1,disability
2013,48.5,0.05,male,other,hs_graduate,0,0,1,0,0,emergency_shelter,0,0,0,0,0,0,0,0,0,welfare
2013,55.1,0.77,male,other,hs_graduate,0,0,1,0,0,emergency_shelter,0,0,1,0,0,1,1,1,0,employment
2013,16.1,0.94,male,other,hs_graduate,0,0,1,0,0,respite,1,0,0,0,1,0,0,0,0,welfare
2013,39.2,0.31,male,other,hs_graduate,0,0,1,0,0,other,0,0,1,0,0,0,0,0,0,employment
2013,26.1,3.99,male,other,hs_graduate,0,0,1,0,0,emergency_shelter,0,0,1,0,0,0,0,0,0,welfare
2013,38.7,2.88,male,other,hs_graduate,0,0,1,0,0,emergency_shelter,0,0,0,0,0,0,0,0,0,disability
2013,74.3,1.54,male,other,hs_graduate,0,0,1,0,0,other,0,0,1,0,0,0,0,1,0,other
2013,45.7,0.91,male,other,hs_graduate,0,0,1,0,0,emergency_shelter,0,0,0,0,0,0,0,0,0,welfare
2013,57.2,11.32,male,other,hs_graduate,0,0,0,1,1,outdoor,0,0,0,0,0,0,0,1,0,disability
2013,48.2,1.13,male,other,hs_graduate,0,0,0,1,1,outdoor,0,0,0,1,0,0,0,1,0,welfare
2013,59.2,10.57,male,other,hs_graduate,0,0,0,1,1,outdoor,0,0,0,0,0,0,0,1,0,other
2013,24.3,2.46,male,other,hs_graduate,0,0,0,1,1,outdoor,1,0,0,0,0,0,0,0,0,welfare
2013,32.8,2.83,male,other,hs_graduate,0,0,0,1,1,outdoor,0,0,0,1,0,0,0,0,0,welfare
2013,53.6,3.79,male,other,hs_graduate,0,0,0,1,1,outdoor,0,0,0,0,1,1,1,0,1,disability
2013,34.4,15.08,male,other,hs_graduate,0,0,0,1,1,outdoor,0,0,0,1,0,0,0,1,0,welfare
2013,48.0,1.04,male,other,hs_graduate,0,0,0,1,1,outdoor,0,0,1,0,0,0,0,1,0,welfare
2013,15.0,2.62,male,other,hs_graduate,0,0,0,1,1,outdoor,1,0,1,0,0,0,0,0,0,welfare
2013,82.6,4.52,male,other,hs_graduate,0,0,0,1,1,outdoor,0,0,0,0,0,0,1,0,0,other
2013,40.8,5.05,male,other,hs_graduate,0,0,0,1,1,outdoor,0,0,0,0,0,1,0,1,0,disability
2013,61.3,4.59,male,other,hs_graduate,0,0,0,1,1,outdoor,0,0,0,0,0,0,1,0,0,disability
2013,39.9,1.3,male,other,hs_graduate,0,0,0,1,1,outdoor,0,0,0,0,0,0,0,1,0,other
2013,50.4,1.8,male,other,hs_graduate,0,0,0,1,1,outdoor,0,0,1,0,0,0,0,1,0,welfare
2013,65.5,2.03,male,other,hs_graduate,0,0,0,1,1,outdoor,0,0,1,1,1,1,1,0,0,disability
2013,60.9,6.9,male,other,hs_graduate,0,0,0,1,1,outdoor,0,0,0,0,0,0,0,0,0,employment
2013,41.7,1.73,male,other,hs_graduate,0,0,0,1,1,outdoor,0,0,0,0,0,0,0,1,1,other
2013,54.9,0.11,male,other,hs_graduate,0,0,0,1,0,outdoor,0,0,1,0,1,0,1,1,1,disability
2013,48.8,0.8,male,other,hs_graduate,0,0,0,1,0,outdoor,0,0,0,1,0,0,1,0,1,disability
2013,51.8,0.1,male,other,hs_graduate,0,0,0,1,0,outdoor,0,0,0,0,1,0,0,1,0,disability
2013,48.8,0.63,male,other,hs_graduate,0,0,0,1,0,outdoor,0,0,0,0,0,0,0,0,0,other
2013,32.6,0.63,male,other,hs_graduate,0,0,0,1,0,outdoor,0,0,0,0,0,0,0,1,0,other
2013,47.6,0.08,male,other,hs_graduate,0,0,0,1,0,outdoor,0,0,0,0,0,0,1,1,0,welfare
2013,52.8,0.51,male,other,hs_graduate,0,0,0,1,0,outdoor,0,0,0,0,0,0,0,0,0,welfare
2013,52.2,0.14,male,other,hs_graduate,0,0,0,1,0,outdoor,0,0,0,0,0,0,0,1,0,employment
2013,58.2,1.98,male,other,hs_graduate,0,0,0,1,0,outdoor,0,0,0,0,0,0,0,0,0,disability
2013,51.5,3.54,male,other,hs_graduate,0,0,0,1,0,outdoor,0,0,0,0,1,0,0,1,1,informal
2013,46.5,0.09,male,other,hs_graduate,0,0,0,1,0,outdoor,0,0,0,0,0,0,0,0,0,disability
2013,56.6,3.72,male,other,hs_graduate,0,0,0,1,0,outdoor,0,0,0,0,0,0,0,1,0,welfare
2013,18.1,8.3,male,other,hs_graduate,0,0,0,0,1,emergency_shelter,1,0,0,0,0,0,0,1,0,welfare
2013,47.6,1.85,male,other,hs_graduate,0,0,0,0,1,emergency_shelter,0,0,0,0,0,0,0,0,0,disability
2013,44.6,6.46,male,other,hs_graduate,0,0,0,0,1,emergency_shelter,0,0,0,1,0,0,0,1,1,welfare
2013,33.2,11.22,male,other,hs_graduate,0,0,0,0,1,emergency_shelter,0,0,0,0,0,0,0,0,0,welfare
2013,53.8,2.38,male,other,hs_graduate,0,0,0,0,1,emergency_shelter,0,0,1,1,1,0,1,1,1,welfare
2013,57.7,12.93,male,other,hs_graduate,0,0,0,0,1,respite,0,0,0,0,0,1,0,0,0,disability
2013,22.1,2.11,male,other,hs_graduate,0,0,0,0,1,emergency_shelter,1,0,0,0,0,0,0,0,0,disability
2013,33.9,25.56,male,other,hs_graduate,0,0,0,0,1,emergency_shelter,0,0,0,0,0,0,0,0,0,welfare
2013,33.8,1.19,male,other,hs_graduate,0,0,0,0,1,emergency_shelter,0,0,0,0,1,1,0,1,0,other
2013,31.4,4.51,male,other,hs_graduate,0,0,0,0,1,emergency_shelter,0,0,0,0,0,0,0,0,0,disability
2013,56.2,2.72,male,other,hs_graduate,0,0,0,0,1,emergency_shelter,0,0,0,0,0,0,0,0,0,other
2013,41.9,2.16,male,other,hs_graduate,0,0,0,0,1,emergency_shelter,0,0,0,0,0,0,0,0,0,welfare
2013,40.9,3.85,male,other,hs_graduate,0,0,0,0,1,respite,0,0,0,0,1,0,1,1,0,informal
2013,16.5,4.75,male,other,hs_graduate,0,0,0,0,1,emergency_shelter,1,0,0,1,0,0,0,1,0,disability
2013,53.5,1.01,male,other,hs_graduate,0,0,0,0,1,emergency_shelter,0,0,0,0,0,0,0,0,0,employment
2013,27.3,1.39,male,other,hs_graduate,0,0,0,0,1,emergency_shelter,0,0,0,0,0,0,0,0,0,disability
2013,45.4,4.9,male,other,hs_graduate,0,0,0,0,1,emergency_shelter,0,0,1,0,0,0,0,0,0,employment
2013,48.5,4.24,male,other,hs_graduate,0,0,0,0,1,emergency_shelter,0,0,0,0,0,0,0,0,0,other
2013,63.6,26.61,male,other,hs_graduate,0,0,0,0,1,emergency_shelter,0,0,0,0,0,0,0,0,0,disability
2013,26.3,5.79,male,other,hs_graduate,0,0,0,0,1,emergency_shelter,0,0,0,0,1,0,0,1,0,welfare
2013,15.0,20.33,male,other,hs_graduate,0,0,0,0,1,emergency_shelter,1,0,0,0,0,0,0,0,0,disability
2013,47.2,4.73,male,other,hs_graduate,0,0,0,0,1,emergency_shelter,0,0,1,0,0,0,0,0,0,welfare
2013,69.8,1.8,male,other,hs_graduate,0,0,0,0,1,emergency_shelter,0,0,0,0,0,0,0,0,0,disability
2013,61.9,1.23,male,other,hs_graduate,0,0,0,0,1,emergency_shelter,0,0,0,1,0,0,0,0,1,disability
2013,47.5,6.28,male,other,hs_graduate,0,0,0,0,1,emergency_shelter,0,0,0,0,0,0,0,0,0,employment
2013,37.7,3.97,male,other,hs_graduate,0,0,0,0,1,other,0,0,0,0,0,0,0,0,0,welfare
2013,55.9,1.1,male,other,hs_graduate,0,0,0,0,1,emergency_shelter,0,0,0,1,0,0,0,1,1,disability
2013,31.0,2.04,male,other,hs_graduate,0,0,0,0,1,emergency_shelter,0,0,0,0,0,0,0,0,0,disability
2013,51.3,22.37,male,other,hs_graduate,0,0,0,0,1,emergency_shelter,0,0,0,0,0,0,0,0,0,disability
2013,51.7,2.76,male,other,hs_graduate,0,0,0,0,1,emergency_shelter,0,0,0,1,0,0,1,0,0,other
2013,59.4,2.38,male,other,hs_graduate,0,0,0,0,1,emergency_shelter,0,0,0,0,0,0,0,1,0,welfare
2013,83.2,2.51,male,other,hs_graduate,0,0,0,0,1,emergency_shelter,0,0,0,0,0,0,0,0,0,welfare
2013,50.1,1.51,male,other,hs_graduate,0,0,0,0,1,other,0,0,0,0,0,0,0,1,0,welfare
2013,37.5,2.08,male,other,hs_graduate,0,0,0,0,1,emergency_shelter,0,0,0,1,0,0,0,0,0,disability
2013,44.2,2.08,male,other,hs_graduate,0,0,0,0,1,emergency_shelter,0,0,1,0,0,0,0,0,0,welfare
2013,19.8,1.11,male,other,hs_graduate,0,0,0,0,1,emergency_shelter,1,0,0,1,0,0,0,1,0,disability
2013,34.9,5.94,male,other,hs_graduate,0,0,0,0,1,emergency_shelter,0,0,0,1,1,0,0,0,0,welfare
2013,38.9,2.3,male,other,hs_graduate,0,0,0,0,1,emergency_shelter,0,0,0,1,0,1,1,1,0,welfare
2013,37.3,7.49,male,other,hs_graduate,0,0,0,0,1,emergency_shelter,0,0,0,0,0,0,0,1,0,welfare
2013,46.7,8.64,male,other,hs_graduate,0,0,0,0,1,emergency_shelter,0,0,1,0,0,0,0,1,0,disability
2013,33.1,1.52,male,other,hs_graduate,0,0,0,0,1,emergency_shelter,0,0,1,0,0,0,0,0,0,disability
2013,60.3,4.13,male,other,hs_graduate,0,0,0,0,1,emergency_shelter,0,0,1,1,1,1,0,0,0,informal
2013,44.6,2.59,male,other,hs_graduate,0,0,0,0,1,emergency_shelter,0,0,0,0,0,0,0,0,1,welfare
2013,44.5,10.34,male,other,hs_graduate,0,0,0,0,1,emergency_shelter,0,0,0,0,0,0,0,1,0,disability
2013,40.0,1.53,male,other,hs_graduate,0,0,0,0,1,emergency_shelter,0,0,0,0,0,0,0,0,0,disability
2013,46.8,4.38,male,other,hs_graduate,0,0,0,0,1,emergency_shelter,0,0,0,0,0,0,0,0,0,other
2013,56.2,3.6,male,other,hs_graduate,0,0,0,0,1,emergency_shelter,0,0,0,0,0,0,0,0,0,welfare
2013,32.5,1.79,male,other,hs_graduate,0,0,0,0,1,emergency_shelter,0,0,0,0,0,0,0,1,0,other
2013,35.4,1.31,male,other,hs_graduate,0,0,0,0,1,other,0,0,0,0,0,0,0,1,0,disability
2013,40.3,4.06,male,other,hs_graduate,0,0,0,0,1,respite,0,0,0,1,1,0,0,0,0,welfare
2013,25.8,5.34,male,other,hs_graduate,0,0,0,0,1,emergency_shelter,0,0,0,0,0,0,0,1,0,disability
2013,30.1,0.06,male,other,hs_graduate,0,0,0,0,0,emergency_shelter,0,0,0,1,0,0,0,1,1,welfare
2013,44.0,2.23,male,other,hs_graduate,0,0,0,0,0,emergency_shelter,0,0,0,0,0,0,0,0,0,disability
2013,45.0,4.77,male,other,hs_graduate,0,0,0,0,0,emergency_shelter,0,0,0,0,0,0,0,0,0,disability
2013,38.5,1.89,male,other,hs_graduate,0,0,0,0,0,emergency_shelter,0,0,0,0,0,0,0,0,0,disability
2013,62.5,2.31,male,other,hs_graduate,0,0,0,0,0,emergency_shelter,0,0,0,0,1,0,0,0,0,welfare
2013,19.2,0.33,male,other,hs_graduate,0,0,0,0,0,emergency_shelter,1,0,0,0,0,0,0,0,0,welfare
2013,30.0,3.88,male,other,hs_graduate,0,0,0,0,0,emergency_shelter,0,0,0,0,0,0,0,0,0,welfare
2013,40.2,0.26,male,other,hs_graduate,0,0,0,0,0,emergency_shelter,0,0,0,0,1,0,1,0,1,other
2013,18.6,3.63,male,other,hs_graduate,0,0,0,0,0,emergency_shelter,1,0,0,0,0,0,0,0,0,welfare
2013,39.1,6.32,male,other,hs_graduate,0,0,0,0,0,respite,0,0,1,0,1,0,0,0,1,welfare
2013,64.9,1.49,male,other,hs_graduate,0,0,0,0,0,other,0,0,1,0,0,0,0,0,0,other
2013,41.9,4.77,male,other,hs_graduate,0,0,0,0,0,emergency_shelter,0,0,0,0,0,0,0,0,1,welfare
2013,44.8,1.01,male,other,hs_graduate,0,0,0,0,0,emergency_shelter,0,0,0,1,0,0,0,1,1,disability
2013,24.0,0.36,male,other,hs_graduate,0,0,0,0,0,emergency_shelter,1,0,0,0,0,0,0,0,0,other
2013,33.0,0.69,male,other,hs_graduate,0,0,0,0,0,emergency_shelter,0,0,1,1,0,0,0,0,0,disability
2013,36.3,1.08,male,other,hs_graduate,0,0,0,0,0,emergency_shelter,0,0,0,0,0,0,1,0,0,welfare
2013,37.2,0.09,male,other,hs_graduate,0,0,0,0,0,respite,0,0,0,0,1,0,1,1,0,employment
2013,59.5,1.17,male,other,hs_graduate,0,0,0,0,0,other,0,0,0,0,1,0,0,0,0,welfare
2013,49.4,4.77,male,other,hs_graduate,0,0,0,0,0,emergency_shelter,0,0,0,0,1,1,0,1,1,welfare
2013,26.0,0.25,male,other,hs_graduate,0,0,0,0,0,emergency_shelter,0,0,0,0,0,1,0,0,0,disability
2013,45.1,1.89,male,other,hs_graduate,0,0,0,0,0,emergency_shelter,0,0,0,1,0,0,0,1,0,welfare
2013,48.6,2.86,male,other,hs_graduate,0,0,0,0,0,emergency_shelter,0,0,0,0,0,0,0,0,0,welfare
2013,57.6,3.45,male,other,hs_graduate,0,0,0,0,0,emergency_shelter,0,0,0,0,0,0,1,1,0,disability
2013,63.7,3.87,male,other,hs_graduate,0,0,0,0,0,emergency_shelter,0,0,0,0,0,0,0,1,0,welfare
2013,27.4,0.88,male,other,hs_graduate,0,0,0,0,0,emergency_shelter,0,0,0,0,0,0,0,1,1,disability
2013,30.2,4.54,male,other,hs_graduate,0,0,0,0,0,emergency_shelter,0,0,1,1,0,0,0,0,0,informal
2013,24.0,1.7,male,other,hs_graduate,0,0,0,0,0,emergency_shelter,1,0,0,0,0,0,0,0,0,welfare
2013,38.3,0.21,male,other,hs_graduate,0,0,0,0,0,respite,0,0,0,0,0,0,0,0,0,other
2013,48.1,0.78,male,other,hs_graduate,0,0,0,0,0,emergency_shelter,0,0,0,0,0,0,0,0,0,disability
2013,55.4,1.52,male,other,hs_graduate,0,0,0,0,0,emergency_shelter,0,0,0,0,1,0,0,0,0,disability
2013,40.5,0.34,male,other,hs_graduate,0,0,0,0,0,emergency_shelter,0,0,0,0,0,0,0,0,0,disability
2013,37.1,1.23,male,other,hs_graduate,0,0,0,0,0,emergency_shelter,0,0,0,0,0,0,0,0,0,disability
2013,43.7,1.32,male,other,hs_graduate,0,0,0,0,0,emergency_shelter,0,0,0,1,1,0,1,1,0,welfare
2013,29.9,0.21,male,other,hs_graduate,0,0,0,0,0,emergency_shelter,0,0,0,0,0,0,0,0,0,other
2013,70.9,1.0,male,other,hs_graduate,0,0,0,0,0,respite,0,0,0,0,0,0,0,0,0,employment
2013,19.1,1.77,male,other,hs_graduate,0,0,0,0,0,emergency_shelter,1,0,0,0,0,0,0,1,0,other
2013,44.2,0.83,male,other,hs_graduate,0,0,0,0,0,other,0,0,0,0,0,0,0,0,0,disability
2013,69.9,0.05,male,other,hs_graduate,0,0,0,0,0,emergency_shelter,0,0,0,0,0,0,0,0,0,other
2013,41.7,0.05,male,other,hs_graduate,0,0,0,0,0,emergency_shelter,0,0,0,0,0,0,0,0,0,disability
2013,38.9,0.53,male,other,hs_graduate,0,0,0,0,0,emergency_shelter,0,0,0,1,0,0,1,0,0,other
2013,36.6,3.13,male,other,hs_graduate,0,0,0,0,0,emergency_shelter,0,0,1,0,0,0,1,1,1,disability
2013,39.1,0.31,male,other,hs_graduate,0,0,0,0,0,emergency_shelter,0,0,0,1,0,0,0,0,0,other
2013,60.8,1.21,male,other,hs_graduate,0,0,0,0,0,emergency_shelter,0,0,0,0,0,0,0,0,0,disability
2013,15.0,0.3,male,other,hs_graduate,0,0,0,0,0,emergency_shelter,1,0,0,0,0,0,0,0,0,employment
2013,63.1,0.47,male,other,hs_graduate,0,0,0,0,0,respite,0,0,0,0,1,0,0,0,0,welfare
2013,21.7,2.26,male,other,hs_graduate,0,0,0,0,0,other,1,0,0,1,0,0,0,0,0,welfare
2013,40.9,1.5,male,other,some_post_sec,1,0,0,0,1,emergency_shelter,0,0,0,0,0,0,0,0,0,welfare
2013,42.0,1.15,male,other,some_post_sec,1,0,0,0,1,emergency_shelter,0,0,1,0,0,0,0,0,0,other
2013,57.5,1.15,male,other,some_post_sec,1,0,0,0,1,emergency_shelter,0,0,0,0,0,0,0,1,0,welfare
2013,42.8,17.75,male,other,some_post_sec,1,0,0,0,1,respite,0,0,0,0,0,0,0,0,0,welfare
2013,65.8,2.81,male,other,some_post_sec,1,0,0,0,1,emergency_shelter,0,0,0,1,1,0,0,0,0,disability
2013,24.3,2.26,male,other,some_post_sec,1,0,0,0,1,emergency_shelter,1,0,0,0,0,0,0,0,0,welfare
2013,44.4,7.11,male,other,some_post_sec,1,0,0,0,1,emergency_shelter,0,0,0,0,0,0,0,0,1,welfare
2013,27.1,8.01,male,other,some_post_sec,1,0,0,0,1,emergency_shelter,0,0,0,0,0,0,0,0,0,other
2013,49.7,1.93,male,other,some_post_sec,1,0,0,0,1,emergency_shelter,0,0,0,0,0,0,0,0,0,welfare
2013,57.0,4.6,male,other,some_post_sec,1,0,0,0,1,emergency_shelter,0,0,0,0,0,0,0,1,0,welfare
2013,35.7,0.31,male,other,some_post_sec,1,0,0,0,0,emergency_shelter,0,0,0,0,0,0,1,1,0,disability
2013,32.1,0.05,male,other,some_post_sec,1,0,0,0,0,emergency_shelter,0,0,0,0,0,0,0,0,0,disability
2013,42.1,1.57,male,other,some_post_sec,1,0,0,0,0,respite,0,0,0,0,0,0,0,1,0,employment
2013,26.4,4.09,male,other,some_post_sec,1,0,0,0,0,emergency_shelter,0,0,0,0,0,0,0,0,1,employment
2013,26.4,0.3,male,other,some_post_sec,1,0,0,0,0,emergency_shelter,0,0,0,1,0,0,0,1,0,disability
2013,61.3,1.79,male,other,some_post_sec,0,1,1,0,1,emergency_shelter,0,0,0,0,0,0,0,1,1,disability
2013,30.9,4.92,male,other,some_post_sec,0,1,1,0,1,emergency_shelter,0,0,0,0,0,1,0,1,0,other
2013,38.1,5.75,male,other,some_post_sec,0,1,1,0,1,emergency_shelter,0,0,0,1,0,0,0,1,0,disability
2013,51.1,1.22,male,other,some_post_sec,0,1,1,0,1,emergency_shelter,0,0,0,1,0,0,0,1,0,other
2013,55.6,2.85,male,other,some_post_sec,0,1,1,0,1,other,0,0,0,0,0,0,0,0,0,disability
2013,41.1,2.82,male,other,some_post_sec,0,1,1,0,1,respite,0,0,0,0,1,0,0,1,0,disability
2013,36.2,2.08,male,other,some_post_sec,0,1,1,0,1,emergency_shelter,0,0,0,0,0,0,0,0,0,welfare
2013,64.5,16.17,male,other,some_post_sec,0,1,1,0,1,emergency_shelter,0,0,0,0,0,0,0,0,0,welfare
2013,68.9,7.68,male,other,some_post_sec,0,1,1,0,1,emergency_shelter,0,0,0,0,0,0,0,0,0,welfare
2013,58.3,4.65,male,other,some_post_sec,0,1,1,0,1,other,0,0,0,0,0,0,0,0,0,welfare
2013,45.8,4.92,male,other,some_post_sec,0,1,1,0,1,emergency_shelter,0,0,0,1,1,0,0,1,0,disability
2013,33.3,2.53,male,other,some_post_sec,0,1,1,0,1,emergency_shelter,0,0,0,1,0,0,0,0,0,welfare
2013,33.0,14.29,male,other,some_post_sec,0,1,1,0,1,emergency_shelter,0,0,0,0,0,0,0,0,0,welfare
2013,51.9,4.62,male,other,some_post_sec,0,1,1,0,1,emergency_shelter,0,0,0,0,0,0,0,0,1,employment
2013,50.5,5.16,male,other,some_post_sec,0,1,1,0,1,emergency_shelter,0,0,0,1,0,0,0,0,0,informal
2013,64.2,9.22,male,other,some_post_sec,0,1,1,0,1,emergency_shelter,0,0,0,0,0,0,0,0,1,welfare
2013,53.7,1.71,male,other,some_post_sec,0,1,1,0,1,emergency_shelter,0,0,0,0,0,0,1,1,0,welfare
2013,20.6,0.97,male,other,some_post_sec,0,1,1,0,0,emergency_shelter,1,0,0,0,0,0,0,0,0,other
2013,20.3,0.61,male,other,some_post_sec,0,1,1,0,0,respite,1,0,0,0,0,0,0,1,0,other
2013,36.6,0.17,male,other,some_post_sec,0,1,1,0,0,respite,0,0,0,0,1,0,0,1,0,welfare
2013,54.1,2.41,male,other,some_post_sec,0,1,1,0,0,emergency_shelter,0,0,0,0,0,1,0,0,0,disability
2013,49.7,0.21,male,other,some_post_sec,0,1,1,0,0,emergency_shelter,0,0,0,0,0,1,0,1,0,other
2013,48.6,0.44,male,other,some_post_sec,0,1,1,0,0,emergency_shelter,0,0,0,0,0,0,0,0,0,disability
2013,42.3,0.41,male,other,some_post_sec,0,1,1,0,0,emergency_shelter,0,0,0,0,0,0,0,0,0,disability
2013,41.7,2.46,male,other,some_post_sec,0,1,1,0,0,emergency_shelter,0,0,0,1,1,1,0,0,1,employment
2013,32.4,1.34,male,other,some_post_sec,0,1,1,0,0,emergency_shelter,0,0,1,0,0,0,0,0,0,welfare
2013,51.4,1.91,male,other,some_post_sec,0,1,1,0,0,emergency_shelter,0,0,0,0,0,0,1,0,0,other
2013,47.5,0.35,male,other,some_post_sec,0,1,1,0,0,emergency_shelter,0,0,0,0,0,0,0,0,1,welfare
2013,48.5,1.18,male,other,some_post_sec,0,1,1,0,0,emergency_shelter,0,0,0,0,0,0,0,0,0,other
2013,37.2,1.73,male,other,some_post_sec,0,1,0,0,1,emergency_shelter,0,0,0,1,0,0,0,0,0,disability
2013,35.8,1.72,male,other,some_post_sec,0,1,0,0,1,emergency_shelter,0,0,0,1,0,0,0,0,1,disability
2013,66.1,2.37,male,other,some_post_sec,0,1,0,0,1,emergency_shelter,0,0,0,1,1,1,1,1,1,welfare
2013,37.1,30.0,male,other,some_post_sec,0,1,0,0,1,emergency_shelter,0,0,1,0,1,0,0,0,0,other
2013,20.7,1.14,male,other,some_post_sec,0,1,0,0,1,other,1,0,0,0,0,0,1,1,0,welfare
2013,29.0,2.88,male,other,some_post_sec,0,1,0,0,1,emergency_shelter,0,0,0,1,0,0,0,0,0,disability
2013,61.9,1.42,male,other,some_post_sec,0,1,0,0,1,emergency_shelter,0,0,0,0,0,0,0,0,0,disability
2013,42.4,29.55,male,other,some_post_sec,0,1,0,0,1,emergency_shelter,0,0,0,0,0,0,0,0,0,disability
2013,36.9,1.25,male,other,some_post_sec,0,1,0,0,1,other,0,0,0,0,0,0,0,0,0,employment
2013,46.8,2.23,male,other,some_post_sec,0,1,0,0,1,emergency_shelter,0,0,0,1,0,0,0,1,1,disability
2013,51.6,5.32,male,other,some_post_sec,0,1,0,0,1,emergency_shelter,0,0,0,0,0,0,0,0,0,other
2013,60.2,4.76,male,other,some_post_sec,0,1,0,0,1,emergency_shelter,0,0,1,1,1,0,0,0,0,welfare
2013,64.9,2.33,male,other,some_post_sec,0,1,0,0,1,emergency_shelter,0,0,0,0,0,0,1,1,0,welfare
2013,39.6,1.98,male,other,some_post_sec,0,1,0,0,1,emergency_shelter,0,0,0,0,0,0,0,0,0,disability
2013,26.0,2.21,male,other,some_post_sec,0,1,0,0,1,emergency_shelter,0,0,0,0,0,0,0,0,0,disability
2013,38.8,1.68,male,other,some_post_sec,0,1,0,0,1,emergency_shelter,0,0,0,0,0,0,0,0,0,welfare
2013,48.2,1.5,male,other,some_post_sec,0,1,0,0,1,other,0,0,0,0,1,0,0,0,0,other
2013,53.0,0.63,male,other,some_post_sec,0,1,0,0,0,emergency_shelter,0,0,0,0,0,0,0,0,0,welfare
2013,25.5,0.05,male,other,some_post_sec,0,1,0,0,0,emergency_shelter,0,0,0,0,1,1,0,1,0,other
2013,53.1,1.05,male,other,some_post_sec,0,1,0,0,0,emergency_shelter,0,0,0,0,1,0,0,0,0,informal
2013,63.1,0.35,male,other,some_post_sec,0,1,0,0,0,respite,0,0,0,1,0,0,0,1,0,disability
2013,25.9,0.72,male,other,some_post_sec,0,1,0,0,0,emergency_shelter,0,0,0,0,1,1,0,0,0,disability
2013,28.8,3.79,male,other,some_post_sec,0,1,0,0,0,emergency_shelter,0,0,0,1,0,0,0,1,0,welfare
2013,55.8,0.61,male,other,some_post_sec,0,1,0,0,0,emergency_shelter,0,0,0,0,0,0,0,0,0,welfare
2013,45.4,2.2,male,other,some_post_sec,0,1,0,0,0,emergency_shelter,0,0,0,0,0,0,0,1,0,disability
2013,49.3,0.25,male,other,some_post_sec,0,1,0,0,0,emergency_shelter,0,0,0,0,0,0,0,0,0,welfare
2013,46.4,1.34,male,other,some_post_sec,0,1,0,0,0,emergency_shelter,0,0,0,0,0,0,0,0,0,welfare
2013,47.1,4.53,male,other,some_post_sec,0,1,0,0,0,emergency_shelter,0,0,0,0,0,0,0,0,0,other
2013,23.0,0.13,male,other,some_post_sec,0,1,0,0,0,emergency_shelter,1,0,0,0,0,0,0,0,0,disability
2013,56.3,0.05,male,other,some_post_sec,0,1,0,0,0,emergency_shelter,0,0,1,0,0,0,0,1,1,disability
2013,61.0,5.34,male,other,some_post_sec,0,0,1,0,1,emergency_shelter,0,0,0,0,0,0,0,0,0,welfare
2013,37.6,1.03,male,other,some_post_sec,0,0,1,0,1,emergency_shelter,0,0,0,1,0,0,0,1,0,welfare
2013,48.3,1.63,male,other,some_post_sec,0,0,1,0,1,emergency_shelter,0,0,0,0,0,0,0,0,0,welfare
2013,48.7,1.52,male,other,some_post_sec,0,0,1,0,1,emergency_shelter,0,0,0,0,0,1,0,1,0,other
2013,41.3,1.7,male,other,some_post_sec,0,0,1,0,1,emergency_shelter,0,0,0,1,0,0,0,0,0,informal
2013,36.5,16.13,male,other,some_post_sec,0,0,0,1,1,outdoor,0,0,1,1,0,0,0,0,0,welfare
2013,48.0,3.07,male,other,some_post_sec,0,0,0,1,1,outdoor,0,0,0,0,0,0,0,1,0,disability
2013,51.6,1.48,male,other,some_post_sec,0,0,0,1,1,outdoor,0,0,0,0,0,0,0,0,0,welfare
2013,51.2,3.69,male,other,some_post_sec,0,0,0,1,1,outdoor,0,0,0,0,0,0,0,0,1,welfare
2013,56.8,1.84,male,other,some_post_sec,0,0,0,0,1,emergency_shelter,0,0,0,1,0,0,0,0,0,other
2013,57.0,1.63,male,other,some_post_sec,0,0,0,0,1,emergency_shelter,0,0,0,0,0,0,1,0,1,other
2013,33.9,2.86,male,other,some_post_sec,0,0,0,0,1,emergency_shelter,0,0,0,0,1,1,0,1,0,welfare
2013,45.1,3.0,male,other,some_post_sec,0,0,0,0,1,emergency_shelter,0,0,0,1,0,0,0,1,0,welfare
2013,54.2,2.03,male,other,some_post_sec,0,0,0,0,1,respite,0,0,0,1,0,0,1,0,0,disability
2013,41.7,2.01,male,other,some_post_sec,0,0,0,0,1,emergency_shelter,0,0,0,0,0,0,1,0,0,disability
2013,59.6,7.72,male,other,some_post_sec,0,0,0,0,1,emergency_shelter,0,0,0,0,0,0,0,0,0,disability
2013,77.7,6.47,male,other,some_post_sec,0,0,0,0,1,emergency_shelter,0,0,0,0,1,0,0,1,0,disability
2013,33.6,1.83,male,other,some_post_sec,0,0,0,0,1,emergency_shelter,0,0,0,0,0,0,0,0,0,welfare
2013,25.3,13.37,male,other,some_post_sec,0,0,0,0,1,emergency_shelter,0,0,0,0,0,0,0,0,0,employment
2013,48.9,20.97,male,other,some_post_sec,0,0,0,0,1,emergency_shelter,0,0,0,0,0,0,0,1,1,welfare
2013,54.7,1.91,male,other,some_post_sec,0,0,0,0,1,emergency_shelter,0,0,1,0,1,0,0,0,0,welfare
2013,41.4,2.02,male,other,some_post_sec,0,0,0,0,1,emergency_shelter,0,0,0,1,0,0,0,0,0,welfare
2013,64.9,2.8,male,other,some_post_sec,0,0,0,0,1,emergency_shelter,0,0,0,0,0,0,0,0,0,welfare
2013,25.9,17.82,male,other,some_post_sec,0,0,0,0,1,emergency_shelter,0,0,0,1,0,1,0,1,0,disability
2013,54.3,10.09,male,other,some_post_sec,0,0,0,0,1,emergency_shelter,0,0,1,0,1,0,0,1,0,other
2013,36.1,1.22,male,other,some_post_sec,0,0,0,0,1,other,0,0,0,0,0,0,0,1,0,disability
2013,68.7,2.18,male,other,some_post_sec,0,0,0,0,1,emergency_shelter,0,0,0,0,0,0,1,0,0,other
2013,72.5,3.13,male,other,some_post_sec,0,0,0,0,1,emergency_shelter,0,0,0,0,0,0,0,0,0,employment
2013,33.9,2.78,male,other,some_post_sec,0,0,0,0,1,emergency_shelter,0,0,0,0,0,0,0,0,0,welfare
2013,36.9,1.46,male,other,some_post_sec,0,0,0,0,1,emergency_shelter,0,0,0,0,0,0,0,0,1,disability
2013,56.6,9.06,male,other,some_post_sec,0,0,0,0,1,emergency_shelter,0,0,0,0,1,0,0,0,1,disability
2013,39.2,4.37,male,other,some_post_sec,0,0,0,0,1,emergency_shelter,0,0,0,0,0,0,0,0,0,welfare
2013,44.0,8.09,male,other,some_post_sec,0,0,0,0,1,emergency_shelter,0,0,0,0,0,0,0,0,1,welfare
2013,45.0,9.06,male,other,some_post_sec,0,0,0,0,1,emergency_shelter,0,0,0,0,0,0,0,0,0,disability
2013,17.7,5.53,male,other,some_post_sec,0,0,0,0,1,emergency_shelter,1,0,0,0,0,0,0,0,0,welfare
2013,44.4,2.41,male,other,some_post_sec,0,0,0,0,1,emergency_shelter,0,0,1,0,0,1,1,0,0,disability
2013,34.9,3.63,male,other,some_post_sec,0,0,0,0,1,respite,0,0,0,0,0,0,0,1,0,welfare
2013,37.7,1.37,male,other,some_post_sec,0,0,0,0,1,emergency_shelter,0,0,0,0,0,0,0,0,0,other
2013,64.8,4.33,male,other,some_post_sec,0,0,0,0,1,emergency_shelter,0,0,0,0,0,1,1,1,1,other
2013,27.0,1.42,male,other,some_post_sec,0,0,0,0,1,emergency_shelter,0,0,0,0,0,0,0,0,0,welfare
2013,56.0,4.61,male,other,some_post_sec,0,0,0,0,1,emergency_shelter,0,0,0,0,0,0,0,1,0,disability
2013,40.7,1.57,male,other,some_post_sec,0,0,0,0,1,emergency_shelter,0,0,0,0,1,0,1,0,1,disability
2013,40.7,1.26,male,other,some_post_sec,0,0,0,0,1,emergency_shelter,0,0,1,0,0,0,0,0,0,other
2013,55.7,1.38,male,other,some_post_sec,0,0,0,0,1,emergency_shelter,0,0,0,0,0,0,0,0,0,disability
2013,49.4,1.0,male,other,some_post_sec,0,0,0,0,1,emergency_shelter,0,0,0,0,0,0,0,0,0,informal
2013,52.6,4.99,male,other,some_post_sec,0,0,0,0,1,emergency_shelter,0,0,0,0,0,0,1,0,0,employment
2013,58.2,5.22,male,other,some_post_sec,0,0,0,0,1,emergency_shelter,0,0,0,0,0,0,0,0,0,other
2013,40.0,2.86,male,other,some_post_sec,0,0,0,0,1,respite,0,0,1,1,1,0,0,1,0,employment
2013,33.0,0.56,male,other,some_post_sec,0,0,0,0,0,respite,0,0,0,0,0,0,0,1,0,employment
2013,42.1,0.09,male,other,some_post_sec,0,0,0,0,0,emergency_shelter,0,0,0,0,0,0,0,1,1,welfare
2013,21.3,0.55,male,other,some_post_sec,0,0,0,0,0,emergency_shelter,1,0,0,0,0,0,0,0,0,other
2013,37.4,0.75,male,other,some_post_sec,0,0,0,0,0,emergency_shelter,0,0,0,0,0,0,0,0,0,other
2013,40.9,1.54,male,other,some_post_sec,0,0,0,0,0,emergency_shelter,0,0,0,0,1,0,0,0,0,welfare
2013,78.3,1.28,male,other,some_post_sec,0,0,0,0,0,emergency_shelter,0,0,0,0,0,0,0,0,0,welfare
2013,26.0,1.48,male,other,some_post_sec,0,0,0,0,0,emergency_shelter,0,0,0,0,0,0,0,1,0,welfare
2013,62.1,0.05,male,other,some_post_sec,0,0,0,0,0,emergency_shelter,0,0,0,0,1,0,0,0,0,welfare
2013,55.6,0.29,male,other,some_post_sec,0,0,0,0,0,emergency_shelter,0,0,0,0,0,0,0,0,0,other
2013,45.5,1.3,male,other,some_post_sec,0,0,0,0,0,emergency_shelter,0,0,0,1,0,0,0,1,0,welfare
2013,66.2,0.79,male,other,some_post_sec,0,0,0,0,0,emergency_shelter,0,0,0,0,0,0,0,0,0,welfare
2013,46.8,0.05,male,other,some_post_sec,0,0,0,0,0,emergency_shelter,0,0,0,0,0,0,0,1,1,welfare
2013,47.0,1.96,male,other,some_post_sec,0,0,0,0,0,respite,0,0,0,0,0,0,0,1,0,welfare
2013,40.9,1.78,male,other,some_post_sec,0,0,0,0,0,emergency_shelter,0,0,0,0,0,0,0,0,0,other
2013,58.7,0.95,male,other,some_post_sec,0,0,0,0,0,emergency_shelter,0,0,0,1,1,1,0,0,0,employment
2013,57.0,0.08,male,other,some_post_sec,0,0,0,0,0,emergency_shelter,0,0,0,0,0,0,0,0,0,disability
2013,32.8,1.75,male,other,some_post_sec,0,0,0,0,0,emergency_shelter,0,0,0,0,0,0,0,0,0,welfare
2013,23.1,1.05,male,other,some_post_sec,0,0,0,0,0,emergency_shelter,1,0,0,1,0,0,0,0,0,disability
2013,38.8,1.83,male,other,some_post_sec,0,0,0,0,0,respite,0,0,0,1,0,1,1,1,0,welfare
2013,30.4,1.67,male,other,some_post_sec,0,0,0,0,0,emergency_shelter,0,0,0,0,0,0,0,0,0,other
2013,40.7,1.95,male,other,some_post_sec,0,0,0,0,0,emergency_shelter,0,0,0,0,0,0,0,0,0,welfare
2013,58.9,0.88,male,other,some_post_sec,0,0,0,0,0,emergency_shelter,0,0,0,0,0,0,0,0,0,other
2013,35.2,0.18,male,other,some_post_sec,0,0,0,0,0,emergency_shelter,0,0,0,0,0,0,0,0,0,disability
2013,41.0,1.33,male,other,some_post_sec,0,0,0,0,0,emergency_shelter,0,0,0,1,0,0,0,1,1,other
2013,42.4,1.16,male,other,some_post_sec,0,0,0,0,0,other,0,0,0,0,0,0,0,0,0,welfare
2013,53.5,1.63,male,other,some_post_sec,0,0,0,0,0,emergency_shelter,0,0,0,0,0,0,0,0,0,disability
2013,15.0,0.22,male,other,some_post_sec,0,0,0,0,0,emergency_shelter,1,0,0,1,1,0,1,0,1,welfare
2013,33.1,0.26,male,other,some_post_sec,0,0,0,0,0,emergency_shelter,0,0,1,0,0,0,0,0,0,other
2013,44.6,2.65,male,other,some_post_sec,0,0,0,0,0,emergency_shelter,0,0,0,0,0,0,0,0,0,disability
2013,58.4,1.66,male,other,some_post_sec,0,0,0,0,0,emergency_shelter,0,0,0,0,0,0,1,0,1,welfare
2013,34.7,2.87,male,other,some_post_sec,0,0,0,0,0,emergency_shelter,0,0,0,0,0,0,0,0,0,other
2013,15.3,1.71,male,other,some_post_sec,0,0,0,0,0,emergency_shelter,1,0,0,0,0,0,0,0,0,disability
2013,50.3,1.09,male,other,some_post_sec,0,0,0,0,0,emergency_shelter,0,0,1,0,1,1,1,1,0,welfare
2013,32.7,1.27,male,other,some_post_sec,0,0,0,0,0,emergency_shelter,0,0,0,0,0,0,0,0,1,welfare
2013,27.9,12.01,male,other,post_sec_higher,1,0,0,0,1,emergency_shelter,0,0,1,1,0,0,0,1,1,employment
2013,52.3,30.0,male,other,post_sec_higher,1,0,0,0,1,emergency_shelter,0,0,0,0,0,0,0,1,0,welfare
2013,53.4,7.6,male,other,post_sec_higher,1,0,0,0,1,emergency_shelter,0,0,0,1,1,0,0,1,0,disability
2013,34.8,8.39,male,other,post_sec_higher,1,0,0,0,1,emergency_shelter,0,0,1,0,0,0,0,0,0,welfare
2013,52.7,1.63,male,other,post_sec_higher,1,0,0,0,1,emergency_shelter,0,0,0,0,0,0,0,0,0,disability
2013,48.2,3.32,male,other,post_sec_higher,1,0,0,0,1,emergency_shelter,0,0,0,0,0,0,0,1,0,employment
2013,37.1,1.14,male,other,post_sec_higher,1,0,0,0,1,emergency_shelter,0,0,0,0,0,0,0,0,0,welfare
2013,30.5,1.21,male,other,post_sec_higher,1,0,0,0,1,emergency_shelter,0,0,0,0,0,0,1,1,1,employment
2013,17.1,30.0,male,other,post_sec_higher,1,0,0,0,1,emergency_shelter,1,0,0,0,1,0,1,0,0,employment
2013,49.5,1.91,male,other,post_sec_higher,1,0,0,0,1,emergency_shelter,0,0,0,0,0,0,1,0,0,other
2013,22.7,5.52,male,other,post_sec_higher,1,0,0,0,1,emergency_shelter,1,0,1,0,0,0,0,1,0,other
2013,45.9,6.97,male,other,post_sec_higher,1,0,0,0,1,emergency_shelter,0,0,0,0,0,0,0,0,0,other
2013,40.9,9.02,male,other,post_sec_higher,1,0,0,0,1,emergency_shelter,0,0,1,0,0,0,0,0,0,welfare
2013,54.1,30.0,male,other,post_sec_higher,1,0,0,0,1,respite,0,0,0,0,0,0,0,0,0,other
2013,40.4,1.61,male,other,post_sec_higher,1,0,0,0,1,emergency_shelter,0,0,0,0,0,0,0,1,0,other
2013,40.0,1.08,male,other,post_sec_higher,1,0,0,0,1,emergency_shelter,0,0,0,0,1,0,0,1,0,welfare
2013,54.8,2.27,male,other,post_sec_higher,1,0,0,0,1,emergency_shelter,0,0,0,0,0,0,0,0,0,disability
2013,45.1,0.29,male,other,post_sec_higher,1,0,0,0,0,other,0,0,0,0,0,0,0,0,0,disability
2013,56.2,6.52,male,other,post_sec_higher,1,0,0,0,0,emergency_shelter,0,0,0,1,0,1,1,1,0,welfare
2013,43.6,4.76,male,other,post_sec_higher,1,0,0,0,0,emergency_shelter,0,0,0,0,0,0,0,0,0,other
2013,41.9,1.26,male,other,post_sec_higher,1,0,0,0,0,emergency_shelter,0,0,0,1,0,0,0,1,0,welfare
2013,36.7,1.96,male,other,post_sec_higher,1,0,0,0,0,emergency_shelter,0,0,0,0,0,0,0,0,0,welfare
2013,63.5,1.51,male,other,post_sec_higher,1,0,0,0,0,emergency_shelter,0,0,0,0,0,0,0,1,0,disability
2013,30.1,1.08,male,other,post_sec_higher,1,0,0,0,0,emergency_shelter,0,0,0,1,1,0,0,0,0,disability
2013,63.1,0.07,male,other,post_sec_higher,1,0,0,0,0,emergency_shelter,0,0,0,0,0,0,0,0,0,welfare
2013,48.6,0.73,male,other,post_sec_higher,1,0,0,0,0,emergency_shelter,0,0,0,0,0,0,0,0,0,other
2013,22.0,1.35,male,other,post_sec_higher,1,0,0,0,0,emergency_shelter,1,0,1,0,0,0,0,0,0,employment
2013,46.7,1.36,male,other,post_sec_higher,1,0,0,0,0,emergency_shelter,0,0,0,0,0,0,0,0,0,other
2013,15.0,0.56,male,other,post_sec_higher,1,0,0,0,0,emergency_shelter,1,0,0,0,0,0,0,0,0,disability
2013,72.4,10.4,male,other,post_sec_higher,0,1,1,0,1,emergency_shelter,0,0,0,0,0,0,0,0,0,welfare
2013,37.2,10.53,male,other,post_sec_higher,0,1,1,0,1,emergency_shelter,0,0,0,0,0,0,0,1,0,welfare
2013,39.9,4.15,male,other,post_sec_higher,0,1,1,0,1,emergency_shelter,0,0,0,0,0,0,0,0,0,other
2013,49.4,1.51,male,other,post_sec_higher,0,1,1,0,1,emergency_shelter,0,0,0,0,0,0,0,0,0,disability
2013,66.4,9.29,male,other,post_sec_higher,0,1,1,0,1,emergency_shelter,0,0,1,0,0,0,0,0,1,disability
2013,56.6,10.77,male,other,post_sec_higher,0,1,1,0,1,emergency_shelter,0,0,0,1,0,0,1,1,0,disability
2013,50.4,1.47,male,other,post_sec_higher,0,1,1,0,1,emergency_shelter,0,0,0,1,0,0,1,0,0,other
2013,51.1,5.32,male,other,post_sec_higher,0,1,1,0,1,emergency_shelter,0,0,0,0,0,0,1,1,0,disability
2013,45.2,1.76,male,other,post_sec_higher,0,1,1,0,1,emergency_shelter,0,0,0,0,0,0,0,0,0,disability
2013,52.4,6.85,male,other,post_sec_higher,0,1,1,0,1,emergency_shelter,0,0,0,0,0,0,0,0,0,welfare
2013,15.0,30.0,male,other,post_sec_higher,0,1,1,0,1,other,1,0,1,1,0,0,0,0,1,welfare
2013,40.4,1.06,male,other,post_sec_higher,0,1,1,0,1,emergency_shelter,0,0,0,0,0,1,0,0,0,other
2013,48.0,11.69,male,other,post_sec_higher,0,1,1,0,1,other,0,0,0,0,0,0,0,0,1,other
2013,28.5,3.74,male,other,post_sec_higher,0,1,1,0,1,emergency_shelter,0,0,0,1,0,0,0,0,0,welfare
2013,50.0,30.0,male,other,post_sec_higher,0,1,1,0,1,emergency_shelter,0,0,0,1,0,0,0,0,0,other
2013,41.7,2.55,male,other,post_sec_higher,0,1,1,0,1,emergency_shelter,0,0,0,0,0,0,0,0,0,welfare
2013,69.2,8.5,male,other,post_sec_higher,0,1,1,0,1,emergency_shelter,0,0,0,0,0,0,0,0,0,disability
2013,66.6,1.13,male,other,post_sec_higher,0,1,1,0,1,emergency_shelter,0,0,1,1,1,0,0,0,1,other
2013,38.1,1.94,male,other,post_sec_higher,0,1,1,0,1,emergency_shelter,0,0,0,0,0,0,0,0,0,welfare
2013,42.5,1.14,male,other,post_sec_higher,0,1,1,0,1,emergency_shelter,0,0,0,0,0,0,0,0,1,welfare
2013,43.6,30.0,male,other,post_sec_higher,0,1,1,0,1,emergency_shelter,0,0,0,0,0,1,1,0,0,welfare
2013,38.3,7.31,male,other,post_sec_higher,0,1,1,0,1,emergency_shelter,0,0,0,0,0,0,0,0,1,welfare
2013,47.3,8.75,male,other,post_sec_higher,0,1,1,0,1,emergency_shelter,0,0,0,0,0,0,1,0,0,disability
2013,34.0,17.14,male,other,post_sec_higher,0,1,1,0,1,emergency_shelter,0,0,0,0,0,0,0,0,1,welfare
2013,49.9,0.07,male,other,post_sec_higher,0,1,1,0,0,respite,0,0,0,0,0,0,0,0,0,informal
2013,33.8,0.65,male,other,post_sec_higher,0,1,1,0,0,emergency_shelter,0,0,0,0,0,0,0,1,0,welfare
2013,35.8,0.74,male,other,post_sec_higher,0,1,1,0,0,respite,0,0,0,1,0,0,0,0,1,disability
2013,28.6,1.55,male,other,post_sec_higher,0,1,1,0,0,emergency_shelter,0,0,1,0,0,0,0,1,0,other
2013,41.2,1.02,male,other,post_sec_higher,0,1,1,0,0,emergency_shelter,0,0,0,1,0,0,0,0,0,disability
2013,29.7,1.32,male,other,post_sec_higher,0,1,1,0,0,emergency_shelter,0,0,0,0,0,0,0,0,0,employment
2013,49.6,1.8,male,other,post_sec_higher,0,1,1,0,0,emergency_shelter,0,0,0,0,0,0,1,0,0,disability
2013,16.6,2.38,male,other,post_sec_higher,0,1,1,0,0,emergency_shelter,1,0,0,0,1,0,0,0,0,disability
2013,36.6,0.45,male,other,post_sec_higher,0,1,1,0,0,emergency_shelter,0,0,0,1,0,0,0,0,0,welfare
2013,45.8,0.93,male,other,post_sec_higher,0,1,1,0,0,other,0,0,0,0,0,0,0,1,0,welfare
2013,44.2,2.2,male,other,post_sec_higher,0,1,1,0,0,emergency_shelter,0,0,0,0,0,0,0,1,0,other
2013,79.3,5.46,male,other,post_sec_higher,0,1,1,0,0,emergency_shelter,0,0,0,1,0,0,0,0,0,other
2013,46.5,2.64,male,other,post_sec_higher,0,1,1,0,0,emergency_shelter,0,0,0,0,0,0,0,1,1,informal
2013,27.5,0.56,male,other,post_sec_higher,0,1,1,0,0,emergency_shelter,0,0,0,0,0,0,0,0,0,welfare
2013,40.3,0.26,male,other,post_sec_higher,0,1,1,0,0,emergency_shelter,0,0,0,0,1,0,0,0,0,welfare
2013,16.7,0.81,male,other,post_sec_higher,0,1,1,0,0,emergency_shelter,1,0,0,0,0,0,0,0,0,other
2013,40.5,1.62,male,other,post_sec_higher,0,1,1,0,0,emergency_shelter,0,0,0,1,0,0,0,1,0,welfare
2013,29.9,0.81,male,other,post_sec_higher,0,1,1,0,0,emergency_shelter,0,0,0,0,1,0,0,0,0,informal
2013,54.4,0.79,male,other,post_sec_higher,0,1,1,0,0,emergency_shelter,0,0,0,0,0,0,0,1,1,welfare
2013,36.9,1.0,male,other,post_sec_higher,0,1,0,0,1,emergency_shelter,0,0,0,0,0,0,0,0,0,welfare
2013,47.6,9.73,male,other,post_sec_higher,0,1,0,0,1,respite,0,0,0,0,0,0,0,1,0,welfare
2013,29.2,6.56,male,other,post_sec_higher,0,1,0,0,1,emergency_shelter,0,0,0,0,0,0,0,1,1,welfare
2013,36.4,3.79,male,other,post_sec_higher,0,1,0,0,1,emergency_shelter,0,0,0,0,0,0,1,1,0,welfare
2013,32.9,5.56,male,other,post_sec_higher,0,1,0,0,1,emergency_shelter,0,0,1,1,0,0,0,0,0,employment
2013,36.1,1.35,male,other,post_sec_higher,0,1,0,0,1,emergency_shelter,0,0,0,0,0,1,1,1,1,welfare
2013,37.1,2.51,male,other,post_sec_higher,0,1,0,0,1,emergency_shelter,0,0,0,0,0,0,0,0,0,other
2013,36.9,2.0,male,other,post_sec_higher,0,1,0,0,1,emergency_shelter,0,0,1,1,0,0,0,0,0,other
2013,56.3,1.2,male,other,post_sec_higher,0,1,0,0,1,respite,0,0,0,0,0,0,0,0,0,disability
2013,29.1,2.68,male,other,post_sec_higher,0,1,0,0,1,emergency_shelter,0,0,0,0,0,0,0,1,0,disability
2013,47.7,14.26,male,other,post_sec_higher,0,1,0,0,1,emergency_shelter,0,0,0,1,0,0,0,1,0,welfare
2013,61.7,1.08,male,other,post_sec_higher,0,1,0,0,1,emergency_shelter,0,0,0,0,0,0,0,0,0,welfare
2013,37.4,1.77,male,other,post_sec_higher,0,1,0,0,1,emergency_shelter,0,0,0,0,0,0,0,0,0,disability
2013,34.5,1.5,male,other,post_sec_higher,0,1,0,0,1,emergency_shelter,0,0,0,0,0,0,0,1,1,employment
2013,41.4,1.6,male,other,post_sec_higher,0,1,0,0,1,emergency_shelter,0,0,0,0,0,0,0,0,0,informal
2013,61.1,12.77,male,other,post_sec_higher,0,1,0,0,1,respite,0,0,0,0,0,0,1,0,0,informal
2013,47.3,2.57,male,other,post_sec_higher,0,1,0,0,1,emergency_shelter,0,0,0,0,0,0,0,0,0,welfare
2013,37.2,2.56,male,other,post_sec_higher,0,1,0,0,1,emergency_shelter,0,0,0,0,0,1,0,1,0,welfare
2013,51.4,5.78,male,other,post_sec_higher,0,1,0,0,1,emergency_shelter,0,0,0,0,0,0,0,0,0,welfare
2013,29.2,1.36,male,other,post_sec_higher,0,1,0,0,1,emergency_shelter,0,0,0,0,0,0,0,0,0,disability
2013,54.1,2.68,male,other,post_sec_higher,0,1,0,0,1,emergency_shelter,0,0,0,0,0,0,0,0,0,welfare
2013,50.3,2.36,male,other,post_sec_higher,0,1,0,0,1,emergency_shelter,0,0,0,0,0,0,0,0,0,disability
2013,40.3,3.5,male,other,post_sec_higher,0,1,0,0,1,emergency_shelter,0,0,0,0,0,1,1,1,0,welfare
2013,32.9,30.0,male,other,post_sec_higher,0,1,0,0,1,emergency_shelter,0,0,0,0,0,0,0,0,0,employment
2013,32.2,5.98,male,other,post_sec_higher,0,1,0,0,1,emergency_shelter,0,0,0,0,0,0,0,0,0,welfare
2013,35.8,3.25,male,other,post_sec_higher,0,1,0,0,0,emergency_shelter,0,0,0,0,0,0,0,1,0,welfare
2013,25.8,0.37,male,other,post_sec_higher,0,1,0,0,0,emergency_shelter,0,0,0,0,0,0,0,0,0,welfare
2013,35.3,1.13,male,other,post_sec_higher,0,1,0,0,0,emergency_shelter,0,0,0,0,0,0,0,0,0,disability
2013,59.2,1.36,male,other,post_sec_higher,0,1,0,0,0,respite,0,0,0,0,0,0,0,0,0,disability
2013,34.1,0.46,male,other,post_sec_higher,0,1,0,0,0,other,0,0,0,0,1,0,0,1,1,welfare
2013,46.6,2.26,male,other,post_sec_higher,0,1,0,0,0,emergency_shelter,0,0,1,0,0,0,0,0,0,disability
2013,31.4,3.53,male,other,post_sec_higher,0,1,0,0,0,emergency_shelter,0,0,0,0,0,0,0,0,0,disability
2013,52.2,2.59,male,other,post_sec_higher,0,1,0,0,0,respite,0,0,0,0,0,0,0,0,0,welfare
2013,51.2,1.61,male,other,post_sec_higher,0,1,0,0,0,emergency_shelter,0,0,0,0,0,0,0,1,0,welfare
2013,67.5,0.39,male,other,post_sec_higher,0,1,0,0,0,emergency_shelter,0,0,0,0,0,0,0,0,0,employment
2013,39.1,0.4,male,other,post_sec_higher,0,1,0,0,0,emergency_shelter,0,0,0,0,0,0,1,0,0,welfare
2013,51.0,3.97,male,other,post_sec_higher,0,1,0,0,0,emergency_shelter,0,0,0,0,0,0,0,0,0,other
2013,43.0,0.05,male,other,post_sec_higher,0,1,0,0,0,emergency_shelter,0,0,0,0,0,0,1,1,0,other
2013,59.7,1.51,male,other,post_sec_higher,0,1,0,0,0,other,0,0,1,1,1,0,0,0,0,employment
2013,31.5,1.47,male,other,post_sec_higher,0,1,0,0,0,emergency_shelter,0,0,0,1,0,0,0,0,0,informal
2013,52.0,1.17,male,other,post_sec_higher,0,1,0,0,0,emergency_shelter,0,0,0,0,0,0,0,0,0,welfare
2013,38.9,5.54,male,other,post_sec_higher,0,1,0,0,0,emergency_shelter,0,0,0,0,1,0,0,1,0,other
2013,40.7,0.45,male,other,post_sec_higher,0,1,0,0,0,emergency_shelter,0,0,1,0,0,0,0,1,0,welfare
2013,42.9,0.5,male,other,post_sec_higher,0,1,0,0,0,emergency_shelter,0,0,0,0,0,0,0,0,0,welfare
2013,45.1,0.1,male,other,post_sec_higher,0,1,0,0,0,emergency_shelter,0,0,0,0,0,0,0,0,0,welfare
2013,51.1,2.36,male,other,post_sec_higher,0,0,1,0,1,emergency_shelter,0,0,0,1,0,0,0,0,0,welfare
2013,65.9,7.81,male,other,post_sec_higher,0,0,1,0,1,respite,0,0,0,1,1,0,1,1,0,informal
2013,31.3,1.27,male,other,post_sec_higher,0,0,1,0,1,emergency_shelter,0,0,0,1,0,0,0,0,0,disability
2013,69.1,5.27,male,other,post_sec_higher,0,0,1,0,1,emergency_shelter,0,0,0,0,1,0,0,1,0,disability
2013,57.7,2.97,male,other,post_sec_higher,0,0,1,0,1,emergency_shelter,0,0,0,0,0,0,0,1,0,welfare
2013,41.3,1.76,male,other,post_sec_higher,0,0,1,0,1,other,0,0,0,1,0,0,0,0,0,other
2013,60.5,2.72,male,other,post_sec_higher,0,0,1,0,1,respite,0,0,0,0,0,0,0,0,1,welfare
2013,29.1,1.81,male,other,post_sec_higher,0,0,1,0,1,emergency_shelter,0,0,0,1,0,0,0,0,1,welfare
2013,33.1,3.49,male,other,post_sec_higher,0,0,1,0,1,emergency_shelter,0,0,0,0,0,0,0,0,0,welfare
2013,36.1,2.38,male,other,post_sec_higher,0,0,1,0,1,respite,0,0,0,0,0,0,0,0,0,disability
2013,37.2,1.38,male,other,post_sec_higher,0,0,1,0,1,emergency_shelter,0,0,0,1,0,0,0,0,0,welfare
2013,29.8,1.26,male,other,post_sec_higher,0,0,1,0,1,emergency_shelter,0,0,0,0,1,0,0,0,0,welfare
2013,39.9,0.91,male,other,post_sec_higher,0,0,1,0,0,other,0,0,0,1,0,0,0,0,0,other
2013,42.9,0.13,male,other,post_sec_higher,0,0,1,0,0,emergency_shelter,0,0,0,0,0,0,0,0,0,disability
2013,25.8,0.23,male,other,post_sec_higher,0,0,1,0,0,other,0,0,0,1,0,0,0,1,0,welfare
2013,75.4,1.01,male,other,post_sec_higher,0,0,1,0,0,emergency_shelter,0,0,0,0,0,0,0,0,0,disability
2013,62.8,0.42,male,other,post_sec_higher,0,0,1,0,0,emergency_shelter,0,0,0,0,1,0,0,0,1,disability
2013,50.0,3.34,male,other,post_sec_higher,0,0,1,0,0,emergency_shelter,0,0,0,0,0,0,0,0,0,employment
2013,42.6,2.05,male,other,post_sec_higher,0,0,1,0,0,emergency_shelter,0,0,0,0,0,0,0,0,0,welfare
2013,41.6,6.94,male,other,post_sec_higher,0,0,0,1,1,outdoor,0,0,0,0,0,0,0,0,0,disability
2013,38.8,1.91,male,other,post_sec_higher,0,0,0,1,1,outdoor,0,0,0,0,1,0,0,0,0,disability
2013,71.0,1.51,male,other,post_sec_higher,0,0,0,1,1,outdoor,0,0,0,1,1,0,0,0,0,welfare
2013,52.4,1.18,male,other,post_sec_higher,0,0,0,1,1,outdoor,0,0,0,1,0,0,0,0,0,other
2013,25.9,2.56,male,other,post_sec_higher,0,0,0,1,1,outdoor,0,0,0,0,0,0,0,1,0,employment
2013,51.4,2.65,male,other,post_sec_higher,0,0,0,1,1,outdoor,0,0,0,0,0,0,0,0,0,welfare
2013,22.9,8.22,male,other,post_sec_higher,0,0,0,1,1,outdoor,1,0,0,0,0,0,0,1,0,disability
2013,59.8,1.54,male,other,post_sec_higher,0,0,0,1,1,outdoor,0,0,0,0,0,0,0,1,0,other
2013,38.0,2.13,male,other,post_sec_higher,0,0,0,1,1,outdoor,0,0,0,0,0,0,0,1,0,welfare
2013,43.3,7.03,male,other,post_sec_higher,0,0,0,1,1,outdoor,0,0,0,0,0,0,0,1,1,informal
2013,63.2,7.54,male,other,post_sec_higher,0,0,0,1,1,outdoor,0,0,0,0,0,0,0,0,0,disability
2013,26.6,2.15,male,other,post_sec_higher,0,0,0,1,1,outdoor,0,0,0,0,0,0,0,0,0,welfare
2013,22.0,0.77,male,other,post_sec_higher,0,0,0,1,0,outdoor,1,0,0,0,0,1,0,1,1,welfare
2013,15.4,0.63,male,other,post_sec_higher,0,0,0,1,0,outdoor,1,0,0,0,0,0,0,1,1,disability
2013,36.2,0.21,male,other,post_sec_higher,0,0,0,1,0,outdoor,0,0,0,0,0,0,0,0,0,disability
2013,44.3,1.28,male,other,post_sec_higher,0,0,0,1,0,outdoor,0,0,0,0,0,0,0,0,0,welfare
2013,47.9,4.25,male,other,post_sec_higher,0,0,0,1,0,outdoor,0,0,0,0,0,0,0,1,0,welfare
2013,34.5,0.99,male,other,post_sec_higher,0,0,0,1,0,outdoor,0,0,0,0,0,0,0,0,0,disability
2013,42.1,1.51,male,other,post_sec_higher,0,0,0,1,0,outdoor,0,0,0,1,0,0,0,0,0,welfare
2013,42.7,2.12,male,other,post_sec_higher,0,0,0,0,1,emergency_shelter,0,0,1,0,0,0,0,1,0,disability
2013,34.7,13.53,male,other,post_sec_higher,0,0,0,0,1,emergency_shelter,0,0,0,0,0,1,0,1,1,disability
2013,48.3,1.64,male,other,post_sec_higher,0,0,0,0,1,emergency_shelter,0,0,0,1,0,0,0,1,0,welfare
2013,31.9,8.36,male,other,post_sec_higher,0,0,0,0,1,emergency_shelter,0,0,0,0,0,0,0,0,0,employment
2013,47.1,2.66,male,other,post_sec_higher,0,0,0,0,1,respite,0,0,0,0,0,0,0,0,0,welfare
2013,51.4,2.85,male,other,post_sec_higher,0,0,0,0,1,other,0,0,0,0,0,0,0,0,0,employment
2013,41.6,1.84,male,other,post_sec_higher,0,0,0,0,1,emergency_shelter,0,0,0,0,0,0,0,0,0,welfare
2013,35.8,3.29,male,other,post_sec_higher,0,0,0,0,1,emergency_shelter,0,0,0,0,0,0,0,0,0,welfare
2013,15.0,1.9,male,other,post_sec_higher,0,0,0,0,1,respite,1,0,0,1,0,0,0,1,0,other
2013,60.6,1.08,male,other,post_sec_higher,0,0,0,0,1,respite,0,0,0,1,0,0,1,0,0,employment
2013,50.2,1.71,male,other,post_sec_higher,0,0,0,0,1,emergency_shelter,0,0,1,0,0,0,0,0,0,welfare
2013,50.6,1.01,male,other,post_sec_higher,0,0,0,0,1,emergency_shelter,0,0,0,1,1,0,0,1,0,disability
2013,22.7,30.0,male,other,post_sec_higher,0,0,0,0,1,emergency_shelter,1,0,0,1,0,0,1,1,0,welfare
2013,63.9,26.44,male,other,post_sec_higher,0,0,0,0,1,emergency_shelter,0,0,0,1,1,1,1,0,0,welfare
2013,38.1,2.19,male,other,post_sec_higher,0,0,0,0,1,emergency_shelter,0,0,0,0,0,1,0,1,0,employment
2013,40.6,5.15,male,other,post_sec_higher,0,0,0,0,1,emergency_shelter,0,0,0,0,0,0,0,0,0,welfare
2013,29.6,1.98,male,other,post_sec_higher,0,0,0,0,1,emergency_shelter,0,0,0,0,0,0,1,0,0,disability
2013,19.6,4.3,male,other,post_sec_higher,0,0,0,0,1,emergency_shelter,1,0,0,0,0,0,0,0,1,disability
2013,60.8,6.93,male,other,post_sec_higher,0,0,0,0,1,emergency_shelter,0,0,1,0,0,0,0,0,0,disability
2013,62.6,19.2,male,other,post_sec_higher,0,0,0,0,1,emergency_shelter,0,0,0,0,0,0,0,1,0,welfare
2013,42.3,2.22,male,other,post_sec_higher,0,0,0,0,1,emergency_shelter,0,0,0,0,1,0,0,0,0,welfare
2013,35.1,6.32,male,other,post_sec_higher,0,0,0,0,1,emergency_shelter,0,0,0,0,0,0,0,1,1,disability
2013,39.3,1.69,male,other,post_sec_higher,0,0,0,0,1,emergency_shelter,0,0,0,0,0,0,0,0,0,welfare
2013,39.7,30.0,male,other,post_sec_higher,0,0,0,0,1,other,0,0,0,0,0,0,1,0,0,disability
2013,27.8,1.05,male,other,post_sec_higher,0,0,0,0,1,emergency_shelter,0,0,0,0,0,0,0,1,0,disability
2013,40.5,3.56,male,other,post_sec_higher,0,0,0,0,1,emergency_shelter,0,0,1,0,0,0,0,0,0,welfare
2013,46.7,4.15,male,other,post_sec_higher,0,0,0,0,1,emergency_shelter,0,0,0,0,0,0,0,1,0,welfare
2013,58.9,4.52,male,other,post_sec_higher,0,0,0,0,1,emergency_shelter,0,0,0,0,0,0,0,0,1,disability
2013,44.8,1.27,male,other,post_sec_higher,0,0,0,0,1,respite,0,0,0,1,0,0,0,0,1,disability
2013,22.5,17.26,male,other,post_sec_higher,0,0,0,0,1,emergency_shelter,1,0,0,0,0,0,0,0,0,informal
2013,49.5,1.43,male,other,post_sec_higher,0,0,0,0,1,emergency_shelter,0,0,0,1,0,0,0,0,0,disability
2013,41.0,3.75,male,other,post_sec_higher,0,0,0,0,1,emergency_shelter,0,0,0,0,0,0,1,0,0,employment
2013,63.8,1.55,male,other,post_sec_higher,0,0,0,0,1,emergency_shelter,0,0,0,0,0,0,0,0,0,welfare
2013,64.6,1.83,male,other,post_sec_higher,0,0,0,0,1,respite,0,0,0,0,1,0,0,1,0,welfare
2013,65.1,3.08,male,other,post_sec_higher,0,0,0,0,1,emergency_shelter,0,0,0,1,0,0,0,0,1,welfare
2013,36.7,2.3,male,other,post_sec_higher,0,0,0,0,1,emergency_shelter,0,0,1,1,0,0,0,0,0,other
2013,72.5,1.37,male,other,post_sec_higher,0,0,0,0,1,emergency_shelter,0,0,0,0,0,0,1,0,0,disability
2013,49.5,1.4,male,other,post_sec_higher,0,0,0,0,1,emergency_shelter,0,0,1,0,1,0,0,0,0,welfare
2013,67.4,2.3,male,other,post_sec_higher,0,0,0,0,1,other,0,0,0,0,0,0,0,1,0,disability
2013,37.6,5.71,male,other,post_sec_higher,0,0,0,0,1,emergency_shelter,0,0,0,0,0,0,0,1,1,welfare
2013,40.4,11.74,male,other,post_sec_higher,0,0,0,0,1,emergency_shelter,0,0,0,0,0,0,0,0,0,other
2013,48.4,1.18,male,other,post_sec_higher,0,0,0,0,1,emergency_shelter,0,0,0,1,0,1,0,0,0,welfare
2013,46.7,2.19,male,other,post_sec_higher,0,0,0,0,1,respite,0,0,0,0,0,0,0,1,0,welfare
2013,62.2,1.22,male,other,post_sec_higher,0,0,0,0,1,emergency_shelter,0,0,0,1,0,0,0,1,0,informal
2013,41.4,1.03,male,other,post_sec_higher,0,0,0,0,1,emergency_shelter,0,0,0,0,0,0,0,0,0,disability
2013,60.9,4.18,male,other,post_sec_higher,0,0,0,0,1,emergency_shelter,0,0,0,0,0,0,0,0,0,welfare
2013,41.4,0.41,male,other,post_sec_higher,0,0,0,0,0,emergency_shelter,0,0,0,0,0,0,0,1,0,other
2013,32.4,0.76,male,other,post_sec_higher,0,0,0,0,0,emergency_shelter,0,0,0,1,1,0,1,0,0,welfare
2013,15.0,1.16,male,other,post_sec_higher,0,0,0,0,0,emergency_shelter,1,0,0,0,0,0,0,1,0,disability
2013,32.1,0.64,male,other,post_sec_higher,0,0,0,0,0,emergency_shelter,0,0,0,0,0,0,0,0,1,disability
2013,51.0,0.67,male,other,post_sec_higher,0,0,0,0,0,emergency_shelter,0,0,0,0,0,0,0,0,0,disability
2013,15.0,0.48,male,other,post_sec_higher,0,0,0,0,0,emergency_shelter,1,0,0,1,0,0,0,0,0,disability
2013,45.1,1.0,male,other,post_sec_higher,0,0,0,0,0,respite,0,0,0,0,0,0,0,0,0,welfare
2013,25.0,2.28,male,other,post_sec_higher,0,0,0,0,0,emergency_shelter,1,0,1,0,1,0,0,0,0,disability
2013,50.1,0.27,male,other,post_sec_higher,0,0,0,0,0,emergency_shelter,0,0,0,0,0,1,0,1,0,disability
2013,51.6,3.27,male,other,post_sec_higher,0,0,0,0,0,emergency_shelter,0,0,0,1,0,0,0,0,0,welfare
2013,39.2,1.4,male,other,post_sec_higher,0,0,0,0,0,emergency_shelter,0,0,0,0,0,0,0,0,0,welfare
2013,39.2,2.08,male,other,post_sec_higher,0,0,0,0,0,respite,0,0,0,0,0,0,0,1,0,welfare
2013,30.3,0.97,male,other,post_sec_higher,0,0,0,0,0,emergency_shelter,0,0,0,0,0,0,1,0,0,welfare
2013,22.8,1.81,male,other,post_sec_higher,0,0,0,0,0,emergency_shelter,1,0,0,1,0,0,0,0,0,disability
2013,65.4,0.05,male,other,post_sec_higher,0,0,0,0,0,emergency_shelter,0,0,0,0,0,0,0,0,0,disability
2013,29.5,2.05,male,other,post_sec_higher,0,0,0,0,0,emergency_shelter,0,0,0,0,0,0,0,0,0,disability
2013,63.5,0.05,male,other,post_sec_higher,0,0,0,0,0,emergency_shelter,0,0,0,1,0,0,1,1,1,welfare
2013,29.6,2.65,male,other,post_sec_higher,0,0,0,0,0,emergency_shelter,0,0,0,0,0,0,0,0,0,disability
2013,49.0,5.79,male,other,post_sec_higher,0,0,0,0,0,emergency_shelter,0,0,0,0,0,0,0,0,0,welfare
2013,25.7,0.42,male,other,post_sec_higher,0,0,0,0,0,emergency_shelter,0,0,0,0,1,0,0,1,0,disability
2013,48.9,0.28,male,other,post_sec_higher,0,0,0,0,0,emergency_shelter,0,0,0,0,0,0,0,0,1,other
2013,37.0,1.74,male,other,post_sec_higher,0,0,0,0,0,emergency_shelter,0,0,0,0,0,0,0,0,0,welfare
2013,37.2,0.35,male,other,post_sec_higher,0,0,0,0,0,emergency_shelter,0,0,0,0,0,0,0,1,0,welfare
2013,50.1,2.41,male,other,post_sec_higher,0,0,0,0,0,emergency_shelter,0,0,0,0,0,0,0,0,0,informal
2013,35.0,0.13,male,other,post_sec_higher,0,0,0,0,0,other,0,0,0,1,0,0,0,1,0,welfare
2013,21.6,0.16,male,other,post_sec_higher,0,0,0,0,0,emergency_shelter,1,0,0,0,1,0,0,0,0,welfare
2013,52.3,4.64,male,other,post_sec_higher,0,0,0,0,0,respite,0,0,0,1,0,0,0,1,0,other
2013,25.6,1.34,male,other,post_sec_higher,0,0,0,0,0,emergency_shelter,0,0,0,0,0,0,0,1,0,welfare
2013,48.8,2.25,male,other,post_sec_higher,0,0,0,0,0,emergency_shelter,0,0,0,0,0,0,0,1,0,informal
2013,55.2,0.47,male,other,post_sec_higher,0,0,0,0,0,emergency_shelter,0,0,0,0,0,0,1,0,1,welfare
2013,36.3,1.35,male,other,post_sec_higher,0,0,0,0,0,emergency_shelter,0,0,0,0,0,0,0,0,1,other
2013,58.2,1.08,male,other,post_sec_higher,0,0,0,0,0,emergency_shelter,0,0,1,1,0,0,0,0,0,disability
2013,48.3,1.11,male,other,post_sec_higher,0,0,0,0,0,emergency_shelter,0,0,0,0,0,0,0,1,0,disability
2013,31.9,1.38,male,other,post_sec_higher,0,0,0,0,0,emergency_shelter,0,0,0,0,0,1,0,0,0,welfare
2013,61.2,1.03,male,other,post_sec_higher,0,0,0,0,0,respite,0,0,0,1,0,0,1,1,1,disability
2013,25.6,0.67,male,other,post_sec_higher,0,0,0,0,0,emergency_shelter,0,0,0,0,0,0,1,0,0,disability
2013,36.3,0.39,male,other,post_sec_higher,0,0,0,0,0,emergency_shelter,0,0,0,0,0,0,0,1,0,employment
2013,38.7,1.76,male,other,post_sec_higher,0,0,0,0,0,emergency_shelter,0,0,0,0,0,0,0,0,0,welfare
2013,50.1,0.31,male,other,post_sec_higher,0,0,0,0,0,emergency_shelter,0,0,0,0,0,0,0,0,1,other
2013,57.2,1.41,male,other,post_sec_higher,0,0,0,0,0,emergency_shelter,0,0,0,0,0,0,0,1,0,welfare
2013,56.3,0.32,male,other,post_sec_higher,0,0,0,0,0,emergency_shelter,0,0,0,0,0,0,0,0,0,informal
2013,47.7,1.0,female,indigenous,less_than_hs,0,0,0,0,1,emergency_shelter,0,1,0,0,0,0,0,0,0,welfare
2013,46.2,4.88,female,indigenous,less_than_hs,0,0,0,0,1,emergency_shelter,0,1,0,0,0,0,0,0,1,disability
2013,46.7,2.03,female,indigenous,less_than_hs,0,0,0,0,1,respite,0,1,1,0,1,1,1,0,0,disability
2013,61.2,1.65,female,indigenous,less_than_hs,0,0,0,0,1,other,0,1,0,0,0,0,0,1,0,welfare
2013,60.8,1.03,female,indigenous,less_than_hs,0,0,0,0,1,emergency_shelter,0,1,0,0,0,1,0,0,1,employment
2013,43.0,3.04,female,indigenous,less_than_hs,0,0,0,0,1,emergency_shelter,0,1,1,0,0,0,0,0,1,disability
2013,48.1,8.68,female,indigenous,less_than_hs,0,0,0,0,1,emergency_shelter,0,1,0,1,0,0,0,1,0,welfare
2013,53.7,22.68,female,indigenous,less_than_hs,0,0,0,0,1,emergency_shelter,0,1,0,1,1,0,0,0,0,welfare
2013,28.7,3.23,female,indigenous,less_than_hs,0,0,0,0,1,emergency_shelter,0,1,0,0,0,0,0,0,0,welfare
2013,61.6,2.86,female,indigenous,less_than_hs,0,0,0,0,1,emergency_shelter,0,1,1,0,0,0,1,0,0,informal
2013,68.9,1.18,female,indigenous,less_than_hs,0,0,0,0,1,emergency_shelter,0,1,0,1,0,0,0,0,0,welfare
2013,60.9,3.1,female,indigenous,less_than_hs,0,0,0,0,1,emergency_shelter,0,1,0,0,0,0,0,0,0,welfare
2013,27.2,2.13,female,indigenous,less_than_hs,0,0,0,0,1,emergency_shelter,0,1,0,0,0,0,0,0,0,other
2013,17.0,3.59,female,indigenous,less_than_hs,0,0,0,0,1,emergency_shelter,1,1,0,0,0,0,0,0,0,disability
2013,54.5,2.17,female,indigenous,less_than_hs,0,0,0,0,1,emergency_shelter,0,1,0,0,0,0,0,0,0,welfare
2013,34.0,1.6,female,indigenous,less_than_hs,0,0,0,0,1,emergency_shelter,0,1,0,0,0,0,0,1,1,other
2013,48.6,1.21,female,indigenous,less_than_hs,0,0,0,0,1,emergency_shelter,0,1,0,0,0,0,0,0,0,welfare
2013,66.1,1.86,female,indigenous,less_than_hs,0,0,0,0,1,emergency_shelter,0,1,0,0,0,0,0,0,0,informal
2013,35.4,1.21,female,indigenous,less_than_hs,0,0,0,0,1,emergency_shelter,0,1,1,1,1,1,1,0,0,welfare
2013,39.3,1.42,female,indigenous,less_than_hs,0,0,0,0,1,respite,0,1,1,0,0,0,0,0,0,welfare
2013,48.5,30.0,female,indigenous,less_than_hs,0,0,0,0,1,emergency_shelter,0,1,0,0,0,1,0,1,1,disability
2013,52.0,2.06,female,indigenous,less_than_hs,0,0,0,0,0,emergency_shelter,0,1,0,0,0,0,0,0,0,other
2013,61.8,0.05,female,indigenous,less_than_hs,0,0,0,0,0,emergency_shelter,0,1,1,0,0,0,0,0,0,informal
2013,35.2,0.83,female,indigenous,less_than_hs,0,0,0,0,0,respite,0,1,0,1,0,1,0,0,0,other
2013,17.3,1.4,female,indigenous,less_than_hs,0,0,0,0,0,emergency_shelter,1,1,0,0,0,0,0,1,0,welfare
2013,56.2,0.35,female,indigenous,less_than_hs,0,0,0,0,0,emergency_shelter,0,1,0,0,0,0,0,0,0,disability
2013,46.5,0.44,female,indigenous,less_than_hs,0,0,0,0,0,emergency_shelter,0,1,0,0,0,0,0,0,0,disability
2013,37.5,1.14,female,indigenous,less_than_hs,0,0,0,0,0,emergency_shelter,0,1,0,0,0,0,0,0,0,other
2013,38.2,2.74,female,indigenous,less_than_hs,0,0,0,0,0,emergency_shelter,0,1,1,0,0,0,0,0,0,welfare
2013,77.4,1.99,female,indigenous,less_than_hs,0,0,0,0,0,emergency_shelter,0,1,0,0,0,0,0,1,0,disability
2013,32.6,1.05,female,indigenous,less_than_hs,0,0,0,0,0,emergency_shelter,0,1,0,0,0,0,0,1,0,welfare
2013,29.7,1.57,female,indigenous,less_than_hs,0,0,0,0,0,emergency_shelter,0,1,0,0,0,0,0,0,1,welfare
2013,42.8,0.54,female,indigenous,less_than_hs,0,0,0,0,0,emergency_shelter,0,1,0,0,0,0,0,0,0,welfare
2013,58.1,1.23,female,indigenous,less_than_hs,0,0,0,0,0,emergency_shelter,0,1,1,1,0,0,0,0,0,welfare
2013,73.5,0.75,female,indigenous,less_than_hs,0,0,0,0,0,emergency_shelter,0,1,0,0,0,0,0,1,0,welfare
2013,50.8,0.25,female,indigenous,less_than_hs,0,0,0,0,0,other,0,1,0,0,0,0,0,0,0,other
2013,23.8,1.45,female,indigenous,less_than_hs,0,0,0,0,0,emergency_shelter,1,1,0,1,0,0,0,1,0,disability
2013,47.7,1.13,female,indigenous,hs_graduate,0,0,0,0,1,emergency_shelter,0,1,0,1,0,0,0,0,0,employment
2013,30.9,7.2,female,indigenous,hs_graduate,0,0,0,0,1,emergency_shelter,0,1,0,0,0,0,0,1,0,welfare
2013,43.4,17.68,female,indigenous,hs_graduate,0,0,0,0,1,respite,0,1,0,0,0,0,0,1,0,other
2013,49.3,4.03,female,indigenous,hs_graduate,0,0,0,0,1,emergency_shelter,0,1,0,0,0,0,0,0,0,employment
2013,42.1,21.56,female,indigenous,hs_graduate,0,0,0,0,1,emergency_shelter,0,1,0,0,0,0,0,0,0,welfare
2013,37.7,1.35,female,indigenous,hs_graduate,0,0,0,0,1,emergency_shelter,0,1,0,0,1,1,0,0,0,welfare
2013,27.1,2.62,female,indigenous,hs_graduate,0,0,0,0,1,emergency_shelter,0,1,0,0,0,0,0,0,0,welfare
2013,44.9,3.54,female,indigenous,hs_graduate,0,0,0,0,1,emergency_shelter,0,1,0,0,0,0,0,1,0,other
2013,15.7,3.36,female,indigenous,hs_graduate,0,0,0,0,1,emergency_shelter,1,1,0,0,0,0,0,1,0,other
2013,35.0,2.22,female,indigenous,hs_graduate,0,0,0,0,1,respite,0,1,0,1,0,0,1,0,1,welfare
2013,31.6,1.95,female,indigenous,hs_graduate,0,0,0,0,1,emergency_shelter,0,1,0,0,1,0,0,0,0,welfare
2013,41.2,1.28,female,indigenous,hs_graduate,0,0,0,0,1,emergency_shelter,0,1,0,0,0,0,0,1,0,disability
2013,41.6,2.18,female,indigenous,hs_graduate,0,0,0,0,1,emergency_shelter,0,1,0,1,0,0,0,1,0,welfare
2013,58.0,1.38,female,indigenous,hs_graduate,0,0,0,0,1,emergency_shelter,0,1,0,0,1,1,0,0,0,welfare
2013,66.8,5.26,female,indigenous,hs_graduate,0,0,0,0,1,emergency_shelter,0,1,0,0,0,0,0,1,0,employment
2013,29.0,1.51,female,indigenous,hs_graduate,0,0,0,0,1,emergency_shelter,0,1,0,0,0,0,0,0,1,disability
2013,72.5,1.12,female,indigenous,hs_graduate,0,0,0,0,1,emergency_shelter,0,1,0,0,0,0,0,0,0,other
2013,30.7,0.87,female,indigenous,hs_graduate,0,0,0,0,0,emergency_shelter,0,1,0,0,0,0,0,0,0,welfare
2013,58.4,1.04,female,indigenous,hs_graduate,0,0,0,0,0,emergency_shelter,0,1,0,0,0,0,0,1,0,welfare
2013,46.0,3.3,female,indigenous,hs_graduate,0,0,0,0,0,emergency_shelter,0,1,0,1,0,1,0,0,0,disability
2013,41.0,1.34,female,indigenous,hs_graduate,0,0,0,0,0,emergency_shelter,0,1,0,0,0,0,0,0,0,welfare
2013,30.0,0.79,female,indigenous,hs_graduate,0,0,0,0,0,emergency_shelter,0,1,1,0,1,0,0,0,0,informal
2013,56.9,1.99,female,indigenous,hs_graduate,0,0,0,0,0,emergency_shelter,0,1,0,0,0,0,0,0,0,welfare
2013,47.7,3.61,female,indigenous,hs_graduate,0,0,0,0,0,respite,0,1,0,1,0,0,0,1,0,welfare
2013,31.7,0.05,female,indigenous,hs_graduate,0,0,0,0,0,emergency_shelter,0,1,1,0,0,0,0,0,0,disability
2013,54.2,4.86,female,indigenous,hs_graduate,0,0,0,0,0,emergency_shelter,0,1,0,1,1,0,0,0,1,welfare
2013,49.4,0.11,female,indigenous,hs_graduate,0,0,0,0,0,emergency_shelter,0,1,0,0,0,0,0,0,1,other
2013,30.2,2.02,female,indigenous,hs_graduate,0,0,0,0,0,emergency_shelter,0,1,0,0,0,0,0,0,0,welfare
2013,40.2,0.39,female,indigenous,hs_graduate,0,0,0,0,0,respite,0,1,0,0,0,0,0,0,1,other
2013,37.7,3.14,female,indigenous,some_post_sec,0,0,0,0,1,emergency_shelter,0,1,0,0,0,0,0,1,0,other
2013,49.2,7.62,female,indigenous,some_post_sec,0,0,0,0,1,other,0,1,0,0,1,0,0,0,0,other
2013,61.5,3.84,female,indigenous,some_post_sec,0,0,0,0,1,emergency_shelter,0,1,0,1,0,0,0,1,0,other
2013,60.6,6.34,female,indigenous,some_post_sec,0,0,0,0,1,emergency_shelter,0,1,0,1,0,0,0,0,0,disability
2013,36.8,3.51,female,indigenous,some_post_sec,0,0,0,0,1,emergency_shelter,0,1,0,0,1,0,0,0,0,other
2013,60.0,2.16,female,indigenous,post_sec_higher,0,0,0,0,1,emergency_shelter,0,1,0,0,0,1,0,0,0,disability
2013,71.7,1.11,female,indigenous,post_sec_higher,0,0,0,0,1,respite,0,1,0,0,0,0,0,0,0,disability
2013,64.2,2.21,female,indigenous,post_sec_higher,0,0,0,0,1,emergency_shelter,0,1,0,1,0,0,0,1,0,disability
2013,52.4,2.84,female,indigenous,post_sec_higher,0,0,0,0,1,other,0,1,0,0,0,0,0,1,0,employment
2013,23.0,2.66,female,indigenous,post_sec_higher,0,0,0,0,1,emergency_shelter,1,1,0,0,0,0,0,0,0,welfare
2013,46.5,2.14,female,indigenous,post_sec_higher,0,0,0,0,1,emergency_shelter,0,1,0,0,0,1,0,0,0,welfare
2013,36.3,8.14,female,indigenous,post_sec_higher,0,0,0,0,1,emergency_shelter,0,1,0,1,0,1,0,0,0,disability
2013,47.9,1.33,female,indigenous,post_sec_higher,0,0,0,0,1,emergency_shelter,0,1,0,0,0,0,0,0,0,welfare
2013,27.6,2.8,female,indigenous,post_sec_higher,0,0,0,0,1,emergency_shelter,0,1,0,0,0,0,0,1,0,welfare
2013,41.7,1.13,female,indigenous,post_sec_higher,0,0,0,0,1,emergency_shelter,0,1,0,0,0,0,0,0,0,welfare
2013,37.4,1.15,female,indigenous,post_sec_higher,0,0,0,0,1,emergency_shelter,0,1,0,1,0,0,0,0,0,disability
2013,36.9,3.3,female,indigenous,post_sec_higher,0,0,0,0,1,other,0,1,0,0,0,0,0,0,1,disability
2013,34.8,0.97,female,indigenous,post_sec_higher,0,0,0,0,0,emergency_shelter,0,1,0,1,0,0,0,0,0,disability
2013,53.1,0.1,female,indigenous,post_sec_higher,0,0,0,0,0,emergency_shelter,0,1,0,0,0,0,0,0,0,employment
2013,18.7,0.05,female,indigenous,post_sec_higher,0,0,0,0,0,emergency_shelter,1,1,0,0,0,0,0,0,0,welfare
2013,43.3,1.33,female,indigenous,post_sec_higher,0,0,0,0,0,emergency_shelter,0,1,0,0,0,0,0,0,0,welfare
2013,46.1,1.23,female,indigenous,post_sec_higher,0,0,0,0,0,emergency_shelter,0,1,0,0,0,0,0,0,0,employment
2013,43.4,0.63,female,indigenous,post_sec_higher,0,0,0,0,0,other,0,1,0,1,0,0,1,0,0,employment
2013,36.9,0.81,female,indigenous,post_sec_higher,0,0,0,0,0,emergency_shelter,0,1,0,1,0,0,0,1,0,employment
2013,30.4,30.0,female,other,less_than_hs,1,0,0,0,1,emergency_shelter,0,0,0,0,1,1,0,0,0,other
2013,31.8,1.43,female,other,less_than_hs,1,0,0,0,1,other,0,0,0,0,0,0,0,0,0,disability
2013,60.5,6.75,female,other,less_than_hs,1,0,0,0,1,emergency_shelter,0,0,0,0,0,0,0,0,0,informal
2013,25.1,1.93,female,other,less_than_hs,1,0,0,0,1,emergency_shelter,0,0,1,0,1,1,0,1,0,welfare
2013,36.7,5.2,female,other,less_than_hs,1,0,0,0,1,emergency_shelter,0,0,0,0,0,0,0,1,0,disability
2013,53.3,2.31,female,other,less_than_hs,1,0,0,0,1,emergency_shelter,0,0,1,0,0,0,0,0,0,other
2013,59.2,3.34,female,other,less_than_hs,1,0,0,0,1,emergency_shelter,0,0,0,0,0,0,1,0,0,welfare
2013,24.9,7.88,female,other,less_than_hs,1,0,0,0,1,other,1,0,0,0,0,0,0,0,0,welfare
2013,81.6,6.9,female,other,less_than_hs,1,0,0,0,1,respite,0,0,0,0,0,0,0,0,0,welfare
2013,32.0,9.48,female,other,less_than_hs,1,0,0,0,1,respite,0,0,0,0,0,0,0,1,0,welfare
2013,26.2,1.13,female,other,less_than_hs,1,0,0,0,1,other,0,0,0,0,0,0,0,0,0,disability
2013,51.6,4.58,female,other,less_than_hs,1,0,0,0,1,emergency_shelter,0,0,0,0,1,0,0,0,0,disability
2013,39.7,1.32,female,other,less_than_hs,1,0,0,0,1,emergency_shelter,0,0,0,0,1,0,0,0,0,other
2013,37.7,2.29,female,other,less_than_hs,1,0,0,0,1,emergency_shelter,0,0,0,0,0,0,0,0,0,other
2013,52.9,3.1,female,other,less_than_hs,1,0,0,0,1,emergency_shelter,0,0,1,1,1,0,1,1,0,disability
2013,23.2,2.23,female,other,less_than_hs,1,0,0,0,1,emergency_shelter,1,0,0,0,0,0,0,1,0,informal
2013,17.8,1.0,female,other,less_than_hs,1,0,0,0,0,emergency_shelter,1,0,0,1,0,0,0,1,0,welfare
2013,57.6,0.36,female,other,less_than_hs,1,0,0,0,0,emergency_shelter,0,0,0,0,0,0,0,0,1,disability
2013,17.3,1.42,female,other,less_than_hs,1,0,0,0,0,emergency_shelter,1,0,1,0,0,0,0,0,1,welfare
2013,25.1,1.01,female,other,less_than_hs,1,0,0,0,0,emergency_shelter,0,0,0,0,0,0,0,0,0,welfare
2013,45.3,1.91,female,other,less_than_hs,1,0,0,0,0,emergency_shelter,0,0,0,0,0,1,0,0,1,welfare
2013,77.6,1.59,female,other,less_than_hs,1,0,0,0,0,emergency_shelter,0,0,0,0,0,0,0,0,0,other
2013,22.6,1.13,female,other,less_than_hs,1,0,0,0,0,emergency_shelter,1,0,0,0,0,0,1,0,0,disability
2013,22.0,0.8,female,other,less_than_hs,1,0,0,0,0,emergency_shelter,1,0,0,1,0,0,0,0,0,welfare
2013,46.3,0.17,female,other,less_than_hs,1,0,0,0,0,emergency_shelter,0,0,0,1,0,0,0,0,0,welfare
2013,58.5,0.36,female,other,less_than_hs,1,0,0,0,0,other,0,0,0,1,0,0,0,1,0,informal
2013,32.9,0.65,female,other,less_than_hs,1,0,0,0,0,emergency_shelter,0,0,0,0,0,0,0,1,0,disability
2013,32.1,3.42,female,other,less_than_hs,0,1,1,0,1,emergency_shelter,0,0,1,0,1,0,1,1,0,welfare
2013,43.7,2.35,female,other,less_than_hs,0,1,1,0,1,other,0,0,0,0,0,0,0,0,0,other
2013,56.5,3.67,female,other,less_than_hs,0,1,1,0,1,other,0,0,0,0,0,0,0,0,0,employment
2013,74.3,1.18,female,other,less_than_hs,0,1,1,0,1,emergency_shelter,0,0,0,0,0,1,0,0,0,welfare
2013,52.7,1.19,female,other,less_than_hs,0,1,1,0,1,emergency_shelter,0,0,0,0,0,0,0,0,0,informal
2013,15.0,1.4,female,other,less_than_hs,0,1,1,0,1,respite,1,0,0,0,0,1,0,0,0,disability
2013,44.1,2.88,female,other,less_than_hs,0,1,1,0,1,emergency_shelter,0,0,0,1,0,0,0,0,0,other
2013,45.3,1.52,female,other,less_than_hs,0,1,1,0,1,emergency_shelter,0,0,0,1,0,0,0,0,0,employment
2013,57.7,1.75,female,other,less_than_hs,0,1,1,0,1,respite,0,0,0,0,0,0,0,1,1,disability
2013,47.2,2.22,female,other,less_than_hs,0,1,1,0,1,emergency_shelter,0,0,0,0,0,0,0,0,0,disability
2013,62.1,7.14,female,other,less_than_hs,0,1,1,0,1,emergency_shelter,0,0,0,0,1,1,0,1,1,disability
2013,50.1,1.03,female,other,less_than_hs,0,1,1,0,1,emergency_shelter,0,0,0,0,0,0,0,0,0,disability
2013,66.4,4.03,female,other,less_than_hs,0,1,1,0,1,respite,0,0,0,0,0,0,0,0,1,welfare
2013,38.5,4.27,female,other,less_than_hs,0,1,1,0,1,emergency_shelter,0,0,0,1,0,0,0,0,0,disability
2013,46.6,6.73,female,other,less_than_hs,0,1,1,0,1,emergency_shelter,0,0,0,0,1,1,1,1,0,other
2013,56.2,16.14,female,other,less_than_hs,0,1,1,0,1,emergency_shelter,0,0,0,1,1,1,1,1,0,welfare
2013,36.6,1.04,female,other,less_than_hs,0,1,1,0,1,emergency_shelter,0,0,0,0,0,0,0,0,0,welfare
2013,33.5,1.35,female,other,less_than_hs,0,1,1,0,1,emergency_shelter,0,0,0,1,1,0,1,0,1,welfare
2013,35.8,10.77,female,other,less_than_hs,0,1,1,0,1,emergency_shelter,0,0,0,0,0,0,0,1,0,welfare
2013,34.1,2.52,female,other,less_than_hs,0,1,1,0,1,emergency_shelter,0,0,0,0,0,0,0,1,0,welfare
2013,51.9,3.22,female,other,less_than_hs,0,1,1,0,1,emergency_shelter,0,0,0,0,1,0,1,0,0,disability
2013,18.9,4.2,female,other,less_than_hs,0,1,1,0,1,other,1,0,0,0,0,0,0,0,1,other
2013,49.4,0.32,female,other,less_than_hs,0,1,1,0,0,emergency_shelter,0,0,0,0,1,0,0,0,0,welfare
2013,44.2,0.62,female,other,less_than_hs,0,1,1,0,0,emergency_shelter,0,0,0,0,0,0,0,0,0,disability
2013,55.7,0.38,female,other,less_than_hs,0,1,1,0,0,emergency_shelter,0,0,0,0,0,0,0,0,1,welfare
2013,31.8,0.27,female,other,less_than_hs,0,1,1,0,0,respite,0,0,0,0,0,0,0,0,0,welfare
2013,52.2,1.84,female,other,less_than_hs,0,1,1,0,0,emergency_shelter,0,0,0,0,1,0,1,1,0,disability
2013,56.4,2.88,female,other,less_than_hs,0,1,1,0,0,respite,0,0,0,1,1,0,0,0,0,informal
2013,40.3,0.55,female,other,less_than_hs,0,1,1,0,0,respite,0,0,0,0,0,0,1,0,0,welfare
2013,47.4,1.67,female,other,less_than_hs,0,1,1,0,0,emergency_shelter,0,0,0,0,0,0,1,1,1,welfare
2013,46.9,2.73,female,other,less_than_hs,0,1,1,0,0,emergency_shelter,0,0,0,0,0,0,0,0,0,welfare
2013,30.1,2.25,female,other,less_than_hs,0,1,1,0,0,emergency_shelter,0,0,0,0,0,1,0,0,0,other
2013,49.0,0.24,female,other,less_than_hs,0,1,1,0,0,other,0,0,0,1,1,0,0,0,0,disability
2013,64.3,3.76,female,other,less_than_hs,0,1,1,0,0,emergency_shelter,0,0,0,0,0,0,0,0,0,welfare
2013,41.9,0.57,female,other,less_than_hs,0,1,1,0,0,emergency_shelter,0,0,0,1,0,0,0,0,0,employment
2013,21.1,0.5,female,other,less_than_hs,0,1,1,0,0,emergency_shelter,1,0,1,0,0,0,1,0,1,welfare
2013,32.0,0.08,female,other,less_than_hs,0,1,1,0,0,emergency_shelter,0,0,1,0,0,0,0,1,0,disability
2013,16.7,0.8,female,other,less_than_hs,0,1,1,0,0,emergency_shelter,1,0,0,0,0,0,0,0,0,disability
2013,59.7,0.14,female,other,less_than_hs,0,1,1,0,0,emergency_shelter,0,0,0,0,0,0,0,0,0,informal
2013,55.3,5.02,female,other,less_than_hs,0,1,0,0,1,other,0,0,0,0,1,0,0,0,0,welfare
2013,58.5,2.83,female,other,less_than_hs,0,1,0,0,1,emergency_shelter,0,0,0,0,0,0,0,0,0,employment
2013,36.0,3.57,female,other,less_than_hs,0,1,0,0,1,emergency_shelter,0,0,0,0,0,0,0,0,0,welfare
2013,42.8,2.53,female,other,less_than_hs,0,1,0,0,1,emergency_shelter,0,0,0,0,0,0,0,1,0,welfare
2013,49.4,7.73,female,other,less_than_hs,0,1,0,0,1,emergency_shelter,0,0,0,0,0,0,0,0,1,disability
2013,61.4,7.76,female,other,less_than_hs,0,1,0,0,1,emergency_shelter,0,0,0,0,0,0,0,0,0,disability
2013,55.5,4.84,female,other,less_than_hs,0,1,0,0,1,emergency_shelter,0,0,0,0,0,0,0,0,0,other
2013,56.0,1.23,female,other,less_than_hs,0,1,0,0,1,other,0,0,0,0,0,0,1,0,1,welfare
2013,38.6,8.13,female,other,less_than_hs,0,1,0,0,1,emergency_shelter,0,0,0,0,0,1,1,1,0,welfare
2013,50.2,4.3,female,other,less_than_hs,0,1,0,0,1,emergency_shelter,0,0,0,0,0,0,0,0,0,informal
2013,34.5,4.65,female,other,less_than_hs,0,1,0,0,1,emergency_shelter,0,0,1,1,0,0,0,1,1,welfare
2013,56.4,2.05,female,other,less_than_hs,0,1,0,0,1,emergency_shelter,0,0,1,0,0,0,0,1,0,disability
2013,60.7,10.28,female,other,less_than_hs,0,1,0,0,1,emergency_shelter,0,0,0,0,0,0,1,0,0,disability
2013,52.3,5.1,female,other,less_than_hs,0,1,0,0,1,respite,0,0,1,1,0,0,1,1,0,welfare
2013,39.5,1.25,female,other,less_than_hs,0,1,0,0,1,emergency_shelter,0,0,0,0,0,0,0,0,0,other
2013,41.7,2.25,female,other,less_than_hs,0,1,0,0,1,emergency_shelter,0,0,0,1,1,0,0,1,1,disability
2013,69.9,10.79,female,other,less_than_hs,0,1,0,0,1,emergency_shelter,0,0,0,0,0,0,0,1,1,disability
2013,39.7,1.1,female,other,less_than_hs,0,1,0,0,1,other,0,0,1,0,0,0,0,1,0,other
2013,59.3,24.27,female,other,less_than_hs,0,1,0,0,1,emergency_shelter,0,0,0,0,0,1,0,0,0,disability
2013,49.3,4.4,female,other,less_than_hs,0,1,0,0,1,emergency_shelter,0,0,0,0,0,0,0,1,0,welfare
2013,39.9,3.84,female,other,less_than_hs,0,1,0,0,1,emergency_shelter,0,0,0,0,0,0,0,0,0,disability
2013,25.8,1.7,female,other,less_than_hs,0,1,0,0,1,emergency_shelter,0,0,0,0,0,1,0,1,0,welfare
2013,47.6,1.63,female,other,less_than_hs,0,1,0,0,1,emergency_shelter,0,0,0,0,0,0,0,0,0,welfare
2013,61.2,0.05,female,other,less_than_hs,0,1,0,0,0,other,0,0,0,0,0,0,0,0,0,disability
2013,36.3,2.96,female,other,less_than_hs,0,1,0,0,0,emergency_shelter,0,0,0,1,0,0,0,0,0,welfare
2013,48.7,2.23,female,other,less_than_hs,0,1,0,0,0,emergency_shelter,0,0,0,0,0,0,0,0,0,welfare
2013,34.8,1.63,female,other,less_than_hs,0,1,0,0,0,emergency_shelter,0,0,0,0,0,0,0,0,0,welfare
2013,27.7,0.22,female,other,less_than_hs,0,1,0,0,0,emergency_shelter,0,0,0,0,0,0,0,0,0,welfare
2013,67.2,0.15,female,other,less_than_hs,0,1,0,0,0,emergency_shelter,0,0,0,0,0,0,0,0,0,welfare
2013,18.4,0.08,female,other,less_than_hs,0,1,0,0,0,emergency_shelter,1,0,0,1,0,0,0,0,0,welfare
2013,37.6,1.54,female,other,less_than_hs,0,1,0,0,0,emergency_shelter,0,0,0,0,0,0,0,1,0,welfare
2013,42.8,3.17,female,other,less_than_hs,0,1,0,0,0,emergency_shelter,0,0,0,0,0,0,0,1,0,welfare
2013,64.7,0.68,female,other,less_than_hs,0,1,0,0,0,emergency_shelter,0,0,0,0,0,0,0,0,0,welfare
2013,54.2,0.15,female,other,less_than_hs,0,1,0,0,0,emergency_shelter,0,0,0,1,0,0,0,1,1,welfare
2013,18.2,0.86,female,other,less_than_hs,0,1,0,0,0,respite,1,0,0,1,0,0,0,0,0,disability
2013,41.6,0.51,female,other,less_than_hs,0,1,0,0,0,respite,0,0,0,0,0,0,0,0,1,disability
2013,41.9,0.56,female,other,less_than_hs,0,1,0,0,0,emergency_shelter,0,0,0,0,0,0,0,1,0,disability
2013,38.4,1.17,female,other,less_than_hs,0,1,0,0,0,emergency_shelter,0,0,0,0,0,0,0,1,0,other
2013,50.3,1.52,female,other,less_than_hs,0,1,0,0,0,emergency_shelter,0,0,0,0,0,0,0,1,1,welfare
2013,21.9,0.14,female,other,less_than_hs,0,1,0,0,0,other,1,0,0,0,0,0,0,0,0,welfare
2013,35.9,0.05,female,other,less_than_hs,0,1,0,0,0,emergency_shelter,0,0,0,1,0,0,0,0,1,disability
2013,48.1,1.77,female,other,less_than_hs,0,0,1,0,1,emergency_shelter,0,0,0,0,0,1,1,1,0,disability
2013,21.8,2.3,female,other,less_than_hs,0,0,1,0,1,emergency_shelter,1,0,1,0,0,0,0,1,0,other
2013,48.6,2.11,female,other,less_than_hs,0,0,1,0,1,emergency_shelter,0,0,1,1,0,0,0,1,0,other
2013,36.7,10.06,female,other,less_than_hs,0,0,1,0,1,emergency_shelter,0,0,0,1,1,1,0,0,0,disability
2013,24.7,12.44,female,other,less_than_hs,0,0,1,0,1,emergency_shelter,1,0,0,1,1,0,1,0,0,informal
2013,37.4,2.72,female,other,less_than_hs,0,0,1,0,1,emergency_shelter,0,0,0,0,0,0,0,0,1,welfare
2013,37.2,1.92,female,other,less_than_hs,0,0,1,0,1,emergency_shelter,0,0,0,0,0,0,0,1,1,employment
2013,59.0,1.23,female,other,less_than_hs,0,0,1,0,1,emergency_shelter,0,0,1,1,0,0,0,1,1,welfare
2013,29.7,21.17,female,other,less_than_hs,0,0,1,0,1,respite,0,0,0,1,0,0,0,1,0,welfare
2013,33.5,1.13,female,other,less_than_hs,0,0,1,0,1,emergency_shelter,0,0,0,0,1,0,0,0,0,informal
2013,47.9,1.8,female,other,less_than_hs,0,0,1,0,1,respite,0,0,0,0,0,0,0,0,0,disability
2013,23.0,3.28,female,other,less_than_hs,0,0,1,0,0,emergency_shelter,1,0,0,0,0,0,1,0,0,employment
2013,30.3,2.88,female,other,less_than_hs,0,0,1,0,0,emergency_shelter,0,0,0,0,0,0,0,0,1,employment
2013,42.8,2.06,female,other,less_than_hs,0,0,1,0,0,emergency_shelter,0,0,0,0,0,0,0,0,0,employment
2013,38.8,2.63,female,other,less_than_hs,0,0,1,0,0,emergency_shelter,0,0,0,1,0,0,0,0,0,welfare
2013,44.7,0.27,female,other,less_than_hs,0,0,1,0,0,emergency_shelter,0,0,0,0,0,1,0,1,1,disability
2013,63.6,0.4,female,other,less_than_hs,0,0,1,0,0,emergency_shelter,0,0,0,0,0,0,0,1,1,welfare
2013,45.6,2.28,female,other,less_than_hs,0,0,0,1,1,outdoor,0,0,1,0,0,0,0,0,0,employment
2013,37.4,1.08,female,other,less_than_hs,0,0,0,1,1,outdoor,0,0,0,0,0,0,0,1,0,welfare
2013,32.0,1.71,female,other,less_than_hs,0,0,0,1,1,outdoor,0,0,0,0,0,1,0,0,0,welfare
2013,64.8,21.94,female,other,less_than_hs,0,0,0,1,1,outdoor,0,0,0,0,0,0,0,0,0,welfare
2013,44.8,21.24,female,other,less_than_hs,0,0,0,1,1,outdoor,0,0,0,0,0,0,0,1,1,disability
2013,55.7,2.01,female,other,less_than_hs,0,0,0,1,1,outdoor,0,0,0,0,0,0,0,0,0,employment
2013,62.8,1.09,female,other,less_than_hs,0,0,0,1,1,outdoor,0,0,0,0,0,0,0,0,0,disability
2013,46.9,1.42,female,other,less_than_hs,0,0,0,1,1,outdoor,0,0,0,0,1,0,0,0,0,disability
2013,27.9,2.18,female,other,less_than_hs,0,0,0,1,1,outdoor,0,0,0,0,0,0,0,0,0,disability
2013,41.5,19.47,female,other,less_than_hs,0,0,0,1,1,outdoor,0,0,0,0,0,0,0,0,0,disability
2013,31.2,0.5,female,other,less_than_hs,0,0,0,1,0,outdoor,0,0,1,0,0,0,0,1,0,welfare
2013,47.2,1.19,female,other,less_than_hs,0,0,0,1,0,outdoor,0,0,0,1,0,0,0,0,0,other
2013,33.9,0.26,female,other,less_than_hs,0,0,0,1,0,outdoor,0,0,0,1,0,0,0,1,1,disability
2013,60.0,0.19,female,other,less_than_hs,0,0,0,1,0,outdoor,0,0,0,0,0,0,0,0,0,informal
2013,33.7,3.34,female,other,less_than_hs,0,0,0,1,0,outdoor,0,0,0,0,0,0,0,1,0,disability
2013,61.1,5.76,female,other,less_than_hs,0,0,0,0,1,emergency_shelter,0,0,0,0,0,0,0,0,0,welfare
2013,51.3,1.95,female,other,less_than_hs,0,0,0,0,1,emergency_shelter,0,0,0,0,0,1,0,1,0,welfare
2013,41.8,20.73,female,other,less_than_hs,0,0,0,0,1,emergency_shelter,0,0,0,0,0,0,0,1,1,other
2013,37.2,5.33,female,other,less_than_hs,0,0,0,0,1,other,0,0,0,1,0,0,0,0,0,disability
2013,59.1,3.5,female,other,less_than_hs,0,0,0,0,1,emergency_shelter,0,0,0,1,1,0,0,1,0,employment
2013,24.7,10.39,female,other,less_than_hs,0,0,0,0,1,other,1,0,0,0,0,0,0,0,0,disability
2013,31.0,1.1,female,other,less_than_hs,0,0,0,0,1,emergency_shelter,0,0,0,0,0,0,0,0,0,welfare
2013,39.0,1.66,female,other,less_than_hs,0,0,0,0,1,emergency_shelter,0,0,0,0,0,0,0,0,0,other
2013,61.9,2.55,female,other,less_than_hs,0,0,0,0,1,respite,0,0,0,0,0,0,0,1,0,informal
2013,49.9,1.56,female,other,less_than_hs,0,0,0,0,1,emergency_shelter,0,0,0,0,1,0,0,1,0,welfare
2013,31.0,5.44,female,other,less_than_hs,0,0,0,0,1,emergency_shelter,0,0,0,1,0,0,0,0,0,welfare
2013,40.3,14.05,female,other,less_than_hs,0,0,0,0,1,emergency_shelter,0,0,1,0,1,0,0,1,0,other
2013,36.0,2.33,female,other,less_than_hs,0,0,0,0,1,emergency_shelter,0,0,0,0,0,0,0,1,0,welfare
2013,34.7,1.97,female,other,less_than_hs,0,0,0,0,1,emergency_shelter,0,0,0,0,0,0,0,1,0,disability
2013,58.3,24.33,female,other,less_than_hs,0,0,0,0,1,emergency_shelter,0,0,0,0,0,0,0,0,0,other
2013,25.4,2.44,female,other,less_than_hs,0,0,0,0,1,emergency_shelter,0,0,1,0,1,0,0,1,0,disability
2013,67.1,2.69,female,other,less_than_hs,0,0,0,0,1,emergency_shelter,0,0,0,0,0,0,0,1,0,disability
2013,56.2,2.0,female,other,less_than_hs,0,0,0,0,1,other,0,0,0,0,0,0,0,1,0,disability
2013,59.9,12.89,female,other,less_than_hs,0,0,0,0,1,emergency_shelter,0,0,0,0,1,0,0,0,0,welfare
2013,38.1,3.26,female,other,less_than_hs,0,0,0,0,1,emergency_shelter,0,0,0,1,1,0,0,1,1,welfare
2013,42.5,5.82,female,other,less_than_hs,0,0,0,0,1,respite,0,0,0,0,1,0,0,1,0,disability
2013,24.5,7.14,female,other,less_than_hs,0,0,0,0,1,emergency_shelter,1,0,0,1,0,0,0,1,0,welfare
2013,37.3,1.96,female,other,less_than_hs,0,0,0,0,1,emergency_shelter,0,0,0,0,0,0,0,0,0,welfare
2013,51.5,2.38,female,other,less_than_hs,0,0,0,0,1,emergency_shelter,0,0,0,0,0,0,0,0,0,other
2013,62.7,8.56,female,other,less_than_hs,0,0,0,0,1,emergency_shelter,0,0,0,0,1,0,0,0,0,welfare
2013,29.1,2.05,female,other,less_than_hs,0,0,0,0,1,emergency_shelter,0,0,0,0,0,0,0,1,0,welfare
2013,39.5,6.6,female,other,less_than_hs,0,0,0,0,1,emergency_shelter,0,0,0,0,0,0,0,1,0,welfare
2013,42.5,17.79,female,other,less_than_hs,0,0,0,0,1,other,0,0,0,0,0,0,0,0,0,disability
2013,25.1,3.75,female,other,less_than_hs,0,0,0,0,1,emergency_shelter,0,0,0,0,0,0,1,0,0,employment
2013,52.9,5.4,female,other,less_than_hs,0,0,0,0,1,emergency_shelter,0,0,0,0,0,0,0,1,0,welfare
2013,34.5,6.92,female,other,less_than_hs,0,0,0,0,1,emergency_shelter,0,0,0,0,0,0,0,0,0,disability
2013,41.9,8.4,female,other,less_than_hs,0,0,0,0,1,emergency_shelter,0,0,0,1,0,1,1,1,0,disability
2013,38.3,2.19,female,other,less_than_hs,0,0,0,0,1,respite,0,0,0,0,0,0,0,0,0,welfare
2013,33.5,1.11,female,other,less_than_hs,0,0,0,0,1,emergency_shelter,0,0,0,0,0,1,0,0,0,disability
2013,44.5,2.23,female,other,less_than_hs,0,0,0,0,1,emergency_shelter,0,0,0,0,0,0,0,0,0,disability
2013,41.6,4.33,female,other,less_than_hs,0,0,0,0,1,emergency_shelter,0,0,0,1,0,0,0,0,0,welfare
2013,39.4,2.47,female,other,less_than_hs,0,0,0,0,1,emergency_shelter,0,0,1,0,0,0,0,1,0,welfare
2013,34.4,5.54,female,other,less_than_hs,0,0,0,0,1,emergency_shelter,0,0,0,0,0,0,1,0,0,other
2013,49.1,2.03,female,other,less_than_hs,0,0,0,0,1,emergency_shelter,0,0,0,0,0,0,0,1,0,welfare
2013,67.8,3.87,female,other,less_than_hs,0,0,0,0,1,respite,0,0,0,0,0,0,0,0,0,welfare
2013,46.6,1.44,female,other,less_than_hs,0,0,0,0,1,emergency_shelter,0,0,0,0,1,1,0,1,0,welfare
2013,58.5,5.55,female,other,less_than_hs,0,0,0,0,1,respite,0,0,0,1,0,0,0,0,0,disability
2013,25.1,3.08,female,other,less_than_hs,0,0,0,0,1,emergency_shelter,0,0,0,1,0,0,0,1,0,disability
2013,46.8,1.49,female,other,less_than_hs,0,0,0,0,1,emergency_shelter,0,0,0,0,1,1,0,0,0,informal
2013,29.2,1.78,female,other,less_than_hs,0,0,0,0,1,respite,0,0,0,0,0,0,0,0,1,welfare
2013,20.9,0.25,female,other,less_than_hs,0,0,0,0,0,respite,1,0,0,0,0,0,0,0,0,informal
2013,37.7,0.11,female,other,less_than_hs,0,0,0,0,0,emergency_shelter,0,0,0,0,0,0,0,0,0,welfare
2013,23.7,0.69,female,other,less_than_hs,0,0,0,0,0,emergency_shelter,1,0,0,0,0,0,0,0,1,disability
2013,48.8,1.29,female,other,less_than_hs,0,0,0,0,0,emergency_shelter,0,0,0,0,0,0,0,0,0,welfare
2013,29.9,0.69,female,other,less_than_hs,0,0,0,0,0,respite,0,0,0,1,0,0,0,0,0,welfare
2013,72.2,0.39,female,other,less_than_hs,0,0,0,0,0,emergency_shelter,0,0,0,0,1,0,0,1,0,welfare
2013,49.6,0.98,female,other,less_than_hs,0,0,0,0,0,emergency_shelter,0,0,0,0,0,0,1,0,0,welfare
2013,33.5,0.51,female,other,less_than_hs,0,0,0,0,0,emergency_shelter,0,0,0,0,0,0,0,0,0,other
2013,33.0,3.24,female,other,less_than_hs,0,0,0,0,0,emergency_shelter,0,0,0,0,1,0,0,1,0,informal
2013,40.3,3.07,female,other,less_than_hs,0,0,0,0,0,emergency_shelter,0,0,0,0,0,0,0,0,1,other
2013,38.2,0.84,female,other,less_than_hs,0,0,0,0,0,emergency_shelter,0,0,0,0,0,0,0,0,1,disability
2013,57.2,0.48,female,other,less_than_hs,0,0,0,0,0,emergency_shelter,0,0,0,0,0,0,0,1,1,disability
2013,44.2,1.6,female,other,less_than_hs,0,0,0,0,0,emergency_shelter,0,0,0,0,0,0,0,0,0,disability
2013,31.4,0.05,female,other,less_than_hs,0,0,0,0,0,emergency_shelter,0,0,0,0,1,0,0,1,1,disability
2013,68.1,0.77,female,other,less_than_hs,0,0,0,0,0,emergency_shelter,0,0,0,0,0,0,0,1,0,welfare
2013,42.3,0.49,female,other,less_than_hs,0,0,0,0,0,emergency_shelter,0,0,0,1,0,1,0,1,0,welfare
2013,52.4,3.04,female,other,less_than_hs,0,0,0,0,0,emergency_shelter,0,0,0,0,1,0,1,0,0,welfare
2013,33.1,0.05,female,other,less_than_hs,0,0,0,0,0,other,0,0,1,0,0,0,0,0,0,other
2013,46.7,0.97,female,other,less_than_hs,0,0,0,0,0,other,0,0,0,0,0,0,0,0,1,other
2013,46.0,1.62,female,other,less_than_hs,0,0,0,0,0,respite,0,0,0,0,0,0,0,0,0,disability
2013,15.1,0.8,female,other,less_than_hs,0,0,0,0,0,emergency_shelter,1,0,0,0,0,0,0,1,0,other
2013,69.8,0.11,female,other,less_than_hs,0,0,0,0,0,emergency_shelter,0,0,0,0,0,0,0,0,0,welfare
2013,59.7,4.31,female,other,less_than_hs,0,0,0,0,0,emergency_shelter,0,0,0,0,0,0,0,1,0,welfare
2013,36.0,0.88,female,other,less_than_hs,0,0,0,0,0,emergency_shelter,0,0,0,0,0,0,0,0,0,informal
2013,26.2,1.14,female,other,less_than_hs,0,0,0,0,0,emergency_shelter,0,0,0,0,0,0,0,0,0,disability
2013,46.5,0.32,female,other,less_than_hs,0,0,0,0,0,emergency_shelter,0,0,0,1,0,0,0,1,0,other
2013,42.8,0.79,female,other,less_than_hs,0,0,0,0,0,emergency_shelter,0,0,0,0,0,0,0,1,0,welfare
2013,46.6,0.67,female,other,less_than_hs,0,0,0,0,0,emergency_shelter,0,0,0,0,1,0,0,1,0,other
2013,44.3,0.09,female,other,less_than_hs,0,0,0,0,0,emergency_shelter,0,0,0,0,0,0,0,0,0,other
2013,48.7,0.13,female,other,less_than_hs,0,0,0,0,0,respite,0,0,0,0,0,0,0,0,0,welfare
2013,61.9,2.18,female,other,less_than_hs,0,0,0,0,0,emergency_shelter,0,0,0,0,0,0,0,1,0,disability
2013,49.6,0.33,female,other,less_than_hs,0,0,0,0,0,emergency_shelter,0,0,0,1,0,0,0,1,0,disability
2013,26.9,0.26,female,other,less_than_hs,0,0,0,0,0,respite,0,0,0,0,0,0,0,1,0,employment
2013,60.7,0.84,female,other,less_than_hs,0,0,0,0,0,emergency_shelter,0,0,0,0,0,0,0,1,1,disability
2013,64.6,1.76,female,other,less_than_hs,0,0,0,0,0,emergency_shelter,0,0,1,0,0,0,0,0,1,informal
2013,85.0,0.08,female,other,less_than_hs,0,0,0,0,0,emergency_shelter,0,0,0,1,0,0,0,1,1,disability
2013,25.9,1.03,female,other,less_than_hs,0,0,0,0,0,emergency_shelter,0,0,0,0,0,1,0,0,0,other
2013,45.0,0.15,female,other,less_than_hs,0,0,0,0,0,respite,0,0,1,1,0,0,0,0,0,welfare
2013,15.0,0.05,female,other,less_than_hs,0,0,0,0,0,emergency_shelter,1,0,0,0,0,0,0,0,0,disability
2013,49.3,0.07,female,other,less_than_hs,0,0,0,0,0,emergency_shelter,0,0,0,1,0,1,0,1,0,welfare
2013,36.9,2.25,female,other,hs_graduate,1,0,0,0,1,emergency_shelter,0,0,0,0,0,0,0,0,0,welfare
2013,43.1,10.32,female,other,hs_graduate,1,0,0,0,1,emergency_shelter,0,0,0,0,0,1,0,0,0,welfare
2013,50.1,4.03,female,other,hs_graduate,1,0,0,0,1,emergency_shelter,0,0,0,1,1,0,0,1,0,welfare
2013,34.3,11.86,female,other,hs_graduate,1,0,0,0,1,emergency_shelter,0,0,0,0,0,0,0,0,0,disability
2013,47.1,3.75,female,other,hs_graduate,1,0,0,0,1,emergency_shelter,0,0,0,0,0,0,0,0,0,welfare
2013,51.0,1.3,female,other,hs_graduate,1,0,0,0,1,emergency_shelter,0,0,0,0,0,0,0,0,0,welfare
2013,47.3,1.84,female,other,hs_graduate,1,0,0,0,1,emergency_shelter,0,0,0,1,0,0,0,0,0,informal
2013,30.3,1.49,female,other,hs_graduate,1,0,0,0,1,emergency_shelter,0,0,0,0,0,0,1,0,0,informal
2013,47.5,12.81,female,other,hs_graduate,1,0,0,0,1,emergency_shelter,0,0,0,1,0,0,0,0,1,disability
2013,65.1,5.78,female,other,hs_graduate,1,0,0,0,1,emergency_shelter,0,0,0,0,0,0,0,0,0,disability
2013,50.9,4.36,female,other,hs_graduate,1,0,0,0,1,other,0,0,0,1,0,0,0,0,0,welfare
2013,36.2,0.05,female,other,hs_graduate,1,0,0,0,0,emergency_shelter,0,0,1,0,0,0,0,1,1,other
2013,37.3,0.05,female,other,hs_graduate,1,0,0,0,0,respite,0,0,0,0,0,0,0,0,0,welfare
2013,50.5,0.71,female,other,hs_graduate,1,0,0,0,0,emergency_shelter,0,0,0,0,0,0,0,0,0,disability
2013,31.8,2.04,female,other,hs_graduate,1,0,0,0,0,respite,0,0,0,0,0,0,0,0,0,disability
2013,65.1,2.6,female,other,hs_graduate,1,0,0,0,0,emergency_shelter,0,0,0,0,0,0,0,0,0,disability
2013,15.0,0.11,female,other,hs_graduate,1,0,0,0,0,other,1,0,0,0,0,0,0,0,0,employment
2013,29.2,9.66,female,other,hs_graduate,0,1,1,0,1,emergency_shelter,0,0,0,0,0,0,0,0,0,welfare
2013,64.5,1.43,female,other,hs_graduate,0,1,1,0,1,respite,0,0,0,0,0,0,0,0,0,welfare
2013,43.0,19.45,female,other,hs_graduate,0,1,1,0,1,emergency_shelter,0,0,0,0,0,0,0,0,0,disability
2013,47.7,1.54,female,other,hs_graduate,0,1,1,0,1,emergency_shelter,0,0,0,0,0,0,0,0,0,disability
2013,61.9,1.9,female,other,hs_graduate,0,1,1,0,1,emergency_shelter,0,0,0,0,0,0,0,0,0,employment
2013,30.2,5.69,female,other,hs_graduate,0,1,1,0,1,emergency_shelter,0,0,0,0,0,0,0,0,0,other
2013,52.9,2.19,female,other,hs_graduate,0,1,1,0,1,emergency_shelter,0,0,0,1,0,0,0,1,0,welfare
2013,36.3,3.6,female,other,hs_graduate,0,1,1,0,1,emergency_shelter,0,0,0,0,0,0,0,0,0,other
2013,42.7,2.44,female,other,hs_graduate,0,1,1,0,1,emergency_shelter,0,0,0,0,0,0,0,0,0,welfare
2013,45.6,5.41,female,other,hs_graduate,0,1,1,0,1,emergency_shelter,0,0,0,0,0,1,0,1,0,disability
2013,23.6,1.57,female,other,hs_graduate,0,1,1,0,1,emergency_shelter,1,0,0,0,0,0,0,0,0,disability
2013,33.7,1.12,female,other,hs_graduate,0,1,1,0,1,emergency_shelter,0,0,0,1,0,0,0,0,0,welfare
2013,63.5,1.81,female,other,hs_graduate,0,1,1,0,1,emergency_shelter,0,0,0,0,0,0,0,1,0,welfare
2013,57.0,2.61,female,other,hs_graduate,0,1,1,0,1,emergency_shelter,0,0,0,0,0,0,0,1,0,welfare
2013,43.7,1.39,female,other,hs_graduate,0,1,1,0,1,other,0,0,0,0,0,0,0,1,0,welfare
2013,48.0,2.02,female,other,hs_graduate,0,1,1,0,1,emergency_shelter,0,0,0,0,0,0,0,1,0,welfare
2013,40.5,2.22,female,other,hs_graduate,0,1,1,0,1,emergency_shelter,0,0,0,0,0,0,1,1,0,disability
2013,63.6,1.12,female,other,hs_graduate,0,1,1,0,1,respite,0,0,0,1,0,0,0,1,0,informal
2013,50.3,0.65,female,other,hs_graduate,0,1,1,0,0,emergency_shelter,0,0,0,0,0,0,0,0,0,welfare
2013,64.5,2.52,female,other,hs_graduate,0,1,1,0,0,emergency_shelter,0,0,0,0,0,0,0,0,0,welfare
2013,46.9,0.27,female,other,hs_graduate,0,1,1,0,0,emergency_shelter,0,0,0,0,0,0,0,0,0,welfare
2013,46.0,2.1,female,other,hs_graduate,0,1,1,0,0,emergency_shelter,0,0,0,0,0,0,0,0,0,welfare
2013,20.3,0.98,female,other,hs_graduate,0,1,1,0,0,emergency_shelter,1,0,0,1,0,0,0,1,1,disability
2013,15.0,0.07,female,other,hs_graduate,0,1,1,0,0,emergency_shelter,1,0,0,0,1,0,0,1,0,welfare
2013,47.0,4.28,female,other,hs_graduate,0,1,1,0,0,emergency_shelter,0,0,0,0,0,0,0,0,0,employment
2013,40.3,0.86,female,other,hs_graduate,0,1,1,0,0,other,0,0,0,0,0,0,0,0,0,employment
2013,34.4,0.41,female,other,hs_graduate,0,1,1,0,0,emergency_shelter,0,0,0,0,0,0,0,1,0,disability
2013,45.0,0.76,female,other,hs_graduate,0,1,1,0,0,other,0,0,0,0,0,0,0,1,0,disability
2013,40.8,2.34,female,other,hs_graduate,0,1,1,0,0,emergency_shelter,0,0,1,0,0,0,0,1,0,disability
2013,57.4,0.44,female,other,hs_graduate,0,1,1,0,0,emergency_shelter,0,0,0,0,0,0,0,1,0,employment
2013,42.8,0.26,female,other,hs_graduate,0,1,1,0,0,respite,0,0,0,0,0,0,1,0,0,other
2013,34.1,10.87,female,other,hs_graduate,0,1,0,0,1,emergency_shelter,0,0,0,0,0,0,0,0,1,disability
2013,70.0,11.39,female,other,hs_graduate,0,1,0,0,1,emergency_shelter,0,0,0,0,0,0,0,0,0,welfare
2013,39.8,1.94,female,other,hs_graduate,0,1,0,0,1,emergency_shelter,0,0,0,0,0,0,0,0,0,employment
2013,48.5,3.67,female,other,hs_graduate,0,1,0,0,1,emergency_shelter,0,0,0,0,0,0,0,0,0,informal
2013,37.5,15.16,female,other,hs_graduate,0,1,0,0,1,emergency_shelter,0,0,0,0,0,0,0,0,0,disability
2013,32.8,24.57,female,other,hs_graduate,0,1,0,0,1,emergency_shelter,0,0,0,0,0,0,1,1,0,disability
2013,36.4,2.82,female,other,hs_graduate,0,1,0,0,1,emergency_shelter,0,0,0,0,1,0,0,1,0,disability
2013,37.9,2.48,female,other,hs_graduate,0,1,0,0,1,emergency_shelter,0,0,1,0,0,0,0,1,0,other
2013,49.6,1.73,female,other,hs_graduate,0,1,0,0,1,other,0,0,0,0,0,0,0,0,0,welfare
2013,77.5,23.18,female,other,hs_graduate,0,1,0,0,1,other,0,0,0,1,0,0,0,0,0,disability
2013,34.6,1.32,female,other,hs_graduate,0,1,0,0,1,emergency_shelter,0,0,0,0,0,0,0,0,1,disability
2013,38.8,3.35,female,other,hs_graduate,0,1,0,0,1,emergency_shelter,0,0,0,0,0,0,1,1,1,disability
2013,43.7,1.74,female,other,hs_graduate,0,1,0,0,1,respite,0,0,0,1,0,0,0,0,0,disability
2013,50.1,1.73,female,other,hs_graduate,0,1,0,0,1,emergency_shelter,0,0,0,0,0,0,0,0,0,informal
2013,48.3,2.24,female,other,hs_graduate,0,1,0,0,1,emergency_shelter,0,0,0,0,0,0,0,1,0,welfare
2013,62.6,30.0,female,other,hs_graduate,0,1,0,0,1,other,0,0,0,0,0,0,0,1,0,welfare
2013,15.0,1.12,female,other,hs_graduate,0,1,0,0,1,emergency_shelter,1,0,0,0,0,0,0,0,0,employment
2013,15.0,3.34,female,other,hs_graduate,0,1,0,0,1,emergency_shelter,1,0,0,1,0,0,0,1,0,welfare
2013,34.7,0.87,female,other,hs_graduate,0,1,0,0,0,emergency_shelter,0,0,0,0,0,0,0,1,0,disability
2013,42.2,5.56,female,other,hs_graduate,0,1,0,0,0,emergency_shelter,0,0,0,0,0,0,1,1,1,employment
2013,49.4,1.13,female,other,hs_graduate,0,1,0,0,0,emergency_shelter,0,0,0,1,0,0,0,1,0,welfare
2013,67.6,0.56,female,other,hs_graduate,0,1,0,0,0,emergency_shelter,0,0,0,1,0,0,0,0,0,disability
2013,34.9,1.77,female,other,hs_graduate,0,1,0,0,0,emergency_shelter,0,0,0,0,0,0,0,0,0,welfare
2013,46.1,0.22,female,other,hs_graduate,0,1,0,0,0,emergency_shelter,0,0,0,0,0,0,0,0,0,other
2013,16.3,0.58,female,other,hs_graduate,0,1,0,0,0,emergency_shelter,1,0,0,0,1,0,0,0,0,disability
2013,15.0,0.51,female,other,hs_graduate,0,1,0,0,0,emergency_shelter,1,0,0,0,0,0,0,0,1,other
2013,53.4,0.68,female,other,hs_graduate,0,1,0,0,0,emergency_shelter,0,0,0,0,0,0,0,1,0,disability
2013,41.5,1.83,female,other,hs_graduate,0,1,0,0,0,other,0,0,0,0,0,0,0,0,1,employment
2013,58.1,0.79,female,other,hs_graduate,0,1,0,0,0,emergency_shelter,0,0,0,0,0,0,0,0,0,welfare
2013,22.4,1.9,female,other,hs_graduate,0,1,0,0,0,respite,1,0,0,0,0,0,0,0,0,welfare
2013,48.9,1.03,female,other,hs_graduate,0,1,0,0,0,emergency_shelter,0,0,0,0,0,0,0,0,0,disability
2013,67.8,0.5,female,other,hs_graduate,0,1,0,0,0,emergency_shelter,0,0,0,1,0,0,0,1,0,informal
2013,50.5,2.19,female,other,hs_graduate,0,0,1,0,1,emergency_shelter,0,0,0,0,0,0,1,0,0,other
2013,47.9,9.52,female,other,hs_graduate,0,0,1,0,1,respite,0,0,1,0,0,0,0,0,0,disability
2013,59.1,1.61,female,other,hs_graduate,0,0,1,0,1,other,0,0,0,0,0,0,0,0,0,other
2013,32.9,27.0,female,other,hs_graduate,0,0,1,0,1,emergency_shelter,0,0,0,0,0,0,0,0,0,welfare
2013,64.5,22.88,female,other,hs_graduate,0,0,1,0,1,emergency_shelter,0,0,0,0,0,0,1,0,0,other
2013,43.3,1.63,female,other,hs_graduate,0,0,1,0,1,emergency_shelter,0,0,0,0,0,0,0,0,0,disability
2013,29.2,1.4,female,other,hs_graduate,0,0,1,0,0,emergency_shelter,0,0,0,0,0,0,0,0,0,informal
2013,42.8,1.46,female,other,hs_graduate,0,0,0,1,1,outdoor,0,0,0,0,0,0,0,0,0,disability
2013,37.3,1.84,female,other,hs_graduate,0,0,0,1,1,outdoor,0,0,0,1,0,1,0,1,0,other
2013,25.6,30.0,female,other,hs_graduate,0,0,0,1,1,outdoor,0,0,0,0,0,0,1,0,0,welfare
2013,29.5,2.27,female,other,hs_graduate,0,0,0,1,1,outdoor,0,0,0,1,0,0,0,0,0,employment
2013,16.3,2.44,female,other,hs_graduate,0,0,0,1,1,outdoor,1,0,1,1,0,0,0,0,0,disability
2013,43.2,4.72,female,other,hs_graduate,0,0,0,0,1,emergency_shelter,0,0,0,0,0,0,0,0,0,informal
2013,48.7,1.02,female,other,hs_graduate,0,0,0,0,1,emergency_shelter,0,0,0,0,0,0,0,0,0,welfare
2013,45.2,2.26,female,other,hs_graduate,0,0,0,0,1,emergency_shelter,0,0,0,0,0,0,0,1,0,employment
2013,55.5,1.92,female,other,hs_graduate,0,0,0,0,1,emergency_shelter,0,0,0,0,0,0,0,0,0,welfare
2013,29.1,4.6,female,other,hs_graduate,0,0,0,0,1,emergency_shelter,0,0,0,0,0,0,0,0,1,informal
2013,55.2,5.91,female,other,hs_graduate,0,0,0,0,1,emergency_shelter,0,0,0,1,0,0,0,0,0,employment
2013,66.0,1.82,female,other,hs_graduate,0,0,0,0,1,emergency_shelter,0,0,0,0,0,0,0,0,0,disability
2013,48.3,7.13,female,other,hs_graduate,0,0,0,0,1,respite,0,0,0,1,0,0,1,0,0,other
2013,36.1,1.78,female,other,hs_graduate,0,0,0,0,1,emergency_shelter,0,0,1,0,0,0,0,0,0,welfare
2013,46.6,2.45,female,other,hs_graduate,0,0,0,0,1,emergency_shelter,0,0,0,1,0,0,0,0,0,employment
2013,35.4,5.13,female,other,hs_graduate,0,0,0,0,1,emergency_shelter,0,0,0,0,1,0,0,0,0,disability
2013,33.1,4.59,female,other,hs_graduate,0,0,0,0,1,emergency_shelter,0,0,0,0,0,0,0,0,1,other
2013,54.2,30.0,female,other,hs_graduate,0,0,0,0,1,emergency_shelter,0,0,0,0,0,0,0,1,1,disability
2013,42.7,1.56,female,other,hs_graduate,0,0,0,0,1,emergency_shelter,0,0,0,0,0,0,0,0,0,welfare
2013,61.5,4.19,female,other,hs_graduate,0,0,0,0,1,emergency_shelter,0,0,0,0,0,0,0,0,0,other
2013,38.4,3.62,female,other,hs_graduate,0,0,0,0,1,emergency_shelter,0,0,0,1,0,0,0,1,1,disability
2013,39.8,13.53,female,other,hs_graduate,0,0,0,0,1,emergency_shelter,0,0,1,0,1,0,0,0,0,informal
2013,36.7,1.36,female,other,hs_graduate,0,0,0,0,1,emergency_shelter,0,0,0,0,0,0,1,0,1,welfare
2013,28.9,5.6,female,other,hs_graduate,0,0,0,0,1,emergency_shelter,0,0,0,0,1,0,0,0,0,welfare
2013,56.0,3.25,female,other,hs_graduate,0,0,0,0,1,emergency_shelter,0,0,0,1,0,0,0,0,0,employment
2013,75.2,1.72,female,other,hs_graduate,0,0,0,0,1,emergency_shelter,0,0,0,0,0,0,0,1,0,welfare
2013,39.2,2.61,female,other,hs_graduate,0,0,0,0,1,emergency_shelter,0,0,0,0,0,0,0,1,1,disability
2013,35.1,1.93,female,other,hs_graduate,0,0,0,0,1,emergency_shelter,0,0,0,0,0,0,0,1,1,disability
2013,34.2,3.34,female,other,hs_graduate,0,0,0,0,1,emergency_shelter,0,0,0,0,0,0,0,0,1,other
2013,35.1,10.99,female,other,hs_graduate,0,0,0,0,1,respite,0,0,0,0,0,0,0,1,1,disability
2013,67.7,3.26,female,other,hs_graduate,0,0,0,0,1,emergency_shelter,0,0,1,1,0,0,0,0,0,informal
2013,34.5,3.84,female,other,hs_graduate,0,0,0,0,1,emergency_shelter,0,0,0,0,0,0,0,0,0,disability
2013,36.4,2.89,female,other,hs_graduate,0,0,0,0,1,emergency_shelter,0,0,0,0,0,0,0,0,0,welfare
2013,27.2,1.11,female,other,hs_graduate,0,0,0,0,1,emergency_shelter,0,0,0,0,0,0,0,0,0,informal
2013,48.7,1.58,female,other,hs_graduate,0,0,0,0,1,respite,0,0,0,0,1,0,0,0,0,disability
2013,43.7,2.71,female,other,hs_graduate,0,0,0,0,1,respite,0,0,0,0,0,0,0,0,0,other
2013,28.7,1.84,female,other,hs_graduate,0,0,0,0,1,emergency_shelter,0,0,0,0,0,0,0,0,0,welfare
2013,32.1,1.43,female,other,hs_graduate,0,0,0,0,1,emergency_shelter,0,0,0,0,0,0,0,0,0,employment
2013,66.1,2.79,female,other,hs_graduate,0,0,0,0,1,emergency_shelter,0,0,0,1,0,0,1,0,0,welfare
2013,45.1,1.89,female,other,hs_graduate,0,0,0,0,1,emergency_shelter,0,0,0,0,0,0,0,0,0,employment
2013,46.0,1.66,female,other,hs_graduate,0,0,0,0,1,emergency_shelter,0,0,0,1,0,0,0,0,0,employment
2013,46.1,2.55,female,other,hs_graduate,0,0,0,0,1,emergency_shelter,0,0,0,0,0,0,0,1,0,welfare
2013,64.1,1.3,female,other,hs_graduate,0,0,0,0,1,emergency_shelter,0,0,0,0,1,0,0,0,0,employment
2013,30.0,15.29,female,other,hs_graduate,0,0,0,0,1,emergency_shelter,0,0,0,1,0,0,0,0,0,disability
2013,39.1,9.55,female,other,hs_graduate,0,0,0,0,1,other,0,0,0,0,0,0,0,1,0,informal
2013,39.2,1.38,female,other,hs_graduate,0,0,0,0,0,emergency_shelter,0,0,0,0,0,0,0,0,0,informal
2013,57.3,1.3,female,other,hs_graduate,0,0,0,0,0,emergency_shelter,0,0,0,0,0,0,0,0,1,welfare
2013,46.8,1.51,female,other,hs_graduate,0,0,0,0,0,emergency_shelter,0,0,1,0,1,1,0,0,1,welfare
2013,32.9,0.37,female,other,hs_graduate,0,0,0,0,0,emergency_shelter,0,0,1,1,1,0,0,0,0,welfare
2013,46.3,0.46,female,other,hs_graduate,0,0,0,0,0,emergency_shelter,0,0,0,0,0,0,0,0,0,welfare
2013,29.0,0.16,female,other,hs_graduate,0,0,0,0,0,respite,0,0,0,0,0,0,0,0,0,welfare
2013,54.9,1.28,female,other,hs_graduate,0,0,0,0,0,emergency_shelter,0,0,0,0,0,0,0,1,0,other
2013,22.0,0.05,female,other,hs_graduate,0,0,0,0,0,emergency_shelter,1,0,1,0,0,0,0,0,0,disability
2013,58.7,1.09,female,other,hs_graduate,0,0,0,0,0,emergency_shelter,0,0,0,0,0,0,0,1,0,welfare
2013,46.1,2.45,female,other,hs_graduate,0,0,0,0,0,emergency_shelter,0,0,0,0,0,0,0,0,0,other
2013,39.3,2.66,female,other,hs_graduate,0,0,0,0,0,emergency_shelter,0,0,0,1,0,0,0,1,0,welfare
2013,52.3,0.72,female,other,hs_graduate,0,0,0,0,0,emergency_shelter,0,0,0,1,0,0,0,0,0,other
2013,48.8,0.74,female,other,hs_graduate,0,0,0,0,0,emergency_shelter,0,0,0,0,0,0,0,0,0,employment
2013,60.2,0.1,female,other,hs_graduate,0,0,0,0,0,emergency_shelter,0,0,1,0,0,0,0,0,0,disability
2013,60.1,1.33,female,other,hs_graduate,0,0,0,0,0,emergency_shelter,0,0,0,1,1,0,0,0,1,other
2013,46.5,2.07,female,other,hs_graduate,0,0,0,0,0,emergency_shelter,0,0,0,0,0,0,0,0,0,welfare
2013,29.4,0.34,female,other,hs_graduate,0,0,0,0,0,emergency_shelter,0,0,0,0,0,0,0,0,0,welfare
2013,34.0,0.66,female,other,hs_graduate,0,0,0,0,0,emergency_shelter,0,0,0,0,0,0,0,0,0,disability
2013,40.6,2.19,female,other,hs_graduate,0,0,0,0,0,emergency_shelter,0,0,0,0,0,0,0,0,0,welfare
2013,56.7,2.52,female,other,hs_graduate,0,0,0,0,0,emergency_shelter,0,0,0,0,0,0,0,0,0,welfare
2013,35.2,0.33,female,other,hs_graduate,0,0,0,0,0,emergency_shelter,0,0,1,1,1,0,0,1,0,disability
2013,36.4,0.96,female,other,hs_graduate,0,0,0,0,0,emergency_shelter,0,0,0,0,0,0,0,0,0,welfare
2013,67.5,0.26,female,other,hs_graduate,0,0,0,0,0,emergency_shelter,0,0,0,0,0,0,0,0,0,welfare
2013,40.1,0.13,female,other,hs_graduate,0,0,0,0,0,emergency_shelter,0,0,0,0,0,1,0,1,0,disability
2013,32.7,2.9,female,other,hs_graduate,0,0,0,0,0,emergency_shelter,0,0,1,0,1,0,1,0,1,welfare
2013,52.5,2.06,female,other,hs_graduate,0,0,0,0,0,respite,0,0,0,0,0,0,1,0,0,welfare
2013,40.8,1.71,female,other,hs_graduate,0,0,0,0,0,other,0,0,0,0,0,0,0,1,1,disability
2013,22.1,0.06,female,other,hs_graduate,0,0,0,0,0,emergency_shelter,1,0,0,0,1,0,0,0,0,welfare
2013,56.2,2.23,female,other,hs_graduate,0,0,0,0,0,emergency_shelter,0,0,0,0,0,1,1,0,0,employment
2013,31.1,0.69,female,other,hs_graduate,0,0,0,0,0,emergency_shelter,0,0,0,0,0,0,0,1,0,disability
2013,42.2,0.5,female,other,hs_graduate,0,0,0,0,0,emergency_shelter,0,0,0,0,0,1,0,1,1,welfare
2013,40.6,0.95,female,other,hs_graduate,0,0,0,0,0,emergency_shelter,0,0,0,0,0,0,0,0,0,welfare
2013,44.8,0.11,female,other,hs_graduate,0,0,0,0,0,emergency_shelter,0,0,0,0,0,0,0,0,0,other
2013,15.0,1.7,female,other,hs_graduate,0,0,0,0,0,emergency_shelter,1,0,0,0,0,0,0,0,0,disability
2013,36.9,1.05,female,other,hs_graduate,0,0,0,0,0,emergency_shelter,0,0,0,0,0,0,0,0,0,welfare
2013,53.5,1.07,female,other,some_post_sec,0,1,1,0,1,emergency_shelter,0,0,0,1,0,0,1,0,0,disability
2013,50.9,3.35,female,other,some_post_sec,0,1,1,0,1,respite,0,0,0,0,0,0,0,0,0,welfare
2013,57.2,1.39,female,other,some_post_sec,0,1,1,0,1,emergency_shelter,0,0,0,0,0,0,0,1,0,welfare
2013,25.4,4.88,female,other,some_post_sec,0,1,1,0,1,emergency_shelter,0,0,0,0,0,0,0,0,0,welfare
2013,47.4,1.41,female,other,some_post_sec,0,1,1,0,1,emergency_shelter,0,0,0,1,0,0,0,0,0,employment
2013,43.5,1.59,female,other,some_post_sec,0,1,1,0,1,emergency_shelter,0,0,0,1,0,0,0,1,0,other
2013,24.3,0.2,female,other,some_post_sec,0,1,1,0,0,emergency_shelter,1,0,0,0,0,0,0,0,0,welfare
2013,54.1,1.78,female,other,some_post_sec,0,1,0,0,1,emergency_shelter,0,0,0,0,0,1,1,0,1,other
2013,65.1,1.79,female,other,some_post_sec,0,1,0,0,1,respite,0,0,0,0,0,0,0,0,0,disability
2013,52.1,2.02,female,other,some_post_sec,0,1,0,0,1,emergency_shelter,0,0,0,1,0,0,0,1,0,welfare
2013,37.5,3.22,female,other,some_post_sec,0,1,0,0,1,emergency_shelter,0,0,0,0,0,0,0,0,0,welfare
2013,18.6,1.64,female,other,some_post_sec,0,1,0,0,1,respite,1,0,0,0,0,0,1,0,0,welfare
2013,47.8,13.55,female,other,some_post_sec,0,1,0,0,1,emergency_shelter,0,0,0,0,0,0,0,0,0,disability
2013,41.0,4.14,female,other,some_post_sec,0,1,0,0,0,emergency_shelter,0,0,0,1,0,0,0,0,0,other
2013,46.7,2.14,female,other,some_post_sec,0,0,0,0,1,emergency_shelter,0,0,0,0,0,0,0,0,0,disability
2013,49.9,3.83,female,other,some_post_sec,0,0,0,0,1,emergency_shelter,0,0,0,0,0,0,0,0,0,disability
2013,31.6,2.36,female,other,some_post_sec,0,0,0,0,1,respite,0,0,1,0,0,0,0,0,0,welfare
2013,36.3,2.4,female,other,some_post_sec,0,0,0,0,1,emergency_shelter,0,0,0,0,1,0,0,0,0,welfare
2013,36.6,1.84,female,other,some_post_sec,0,0,0,0,1,emergency_shelter,0,0,0,1,0,1,1,0,0,welfare
2013,40.7,5.81,female,other,some_post_sec,0,0,0,0,1,other,0,0,1,0,0,0,0,0,0,welfare
2013,63.6,16.78,female,other,some_post_sec,0,0,0,0,1,emergency_shelter,0,0,0,0,0,0,0,0,0,welfare
2013,39.6,17.74,female,other,some_post_sec,0,0,0,0,1,emergency_shelter,0,0,0,0,0,0,0,1,0,welfare
2013,28.6,1.41,female,other,some_post_sec,0,0,0,0,1,emergency_shelter,0,0,0,0,0,0,0,0,0,welfare
2013,52.2,9.98,female,other,some_post_sec,0,0,0,0,1,other,0,0,0,0,0,0,0,0,0,other
2013,63.5,5.32,female,other,some_post_sec,0,0,0,0,1,respite,0,0,0,0,0,0,0,1,1,other
2013,26.9,1.64,female,other,some_post_sec,0,0,0,0,1,emergency_shelter,0,0,0,0,0,0,0,0,0,welfare
2013,72.2,1.14,female,other,some_post_sec,0,0,0,0,1,emergency_shelter,0,0,0,0,1,0,0,0,0,disability
2013,50.4,1.69,female,other,some_post_sec,0,0,0,0,1,emergency_shelter,0,0,0,0,0,0,0,1,0,other
2013,59.1,13.19,female,other,some_post_sec,0,0,0,0,1,other,0,0,0,0,0,0,0,1,0,disability
2013,65.1,3.85,female,other,some_post_sec,0,0,0,0,1,other,0,0,0,0,0,0,0,0,0,disability
2013,58.2,5.03,female,other,some_post_sec,0,0,0,0,1,emergency_shelter,0,0,0,0,1,0,0,0,0,disability
2013,43.1,1.66,female,other,some_post_sec,0,0,0,0,1,emergency_shelter,0,0,1,1,0,0,0,0,0,disability
2013,61.6,5.0,female,other,some_post_sec,0,0,0,0,1,emergency_shelter,0,0,0,0,0,0,0,0,0,informal
2013,48.2,1.06,female,other,some_post_sec,0,0,0,0,1,emergency_shelter,0,0,1,0,0,0,1,0,1,welfare
2013,59.9,2.11,female,other,some_post_sec,0,0,0,0,1,emergency_shelter,0,0,0,0,0,0,0,0,0,other
2013,61.4,3.79,female,other,some_post_sec,0,0,0,0,1,emergency_shelter,0,0,0,0,0,0,0,1,0,disability
2013,29.3,1.33,female,other,some_post_sec,0,0,0,0,1,emergency_shelter,0,0,0,0,0,0,1,0,0,welfare
2013,55.7,7.52,female,other,some_post_sec,0,0,0,0,1,emergency_shelter,0,0,0,0,0,0,0,1,0,other
2013,42.1,1.59,female,other,some_post_sec,0,0,0,0,1,other,0,0,0,0,0,0,0,0,0,informal
2013,46.5,4.07,female,other,some_post_sec,0,0,0,0,1,emergency_shelter,0,0,0,1,0,0,0,1,0,welfare
2013,46.4,2.24,female,other,some_post_sec,0,0,0,0,1,emergency_shelter,0,0,0,0,0,0,0,0,1,disability
2013,45.8,3.49,female,other,some_post_sec,0,0,0,0,1,emergency_shelter,0,0,1,0,0,0,0,0,0,welfare
2013,36.9,1.19,female,other,some_post_sec,0,0,0,0,0,emergency_shelter,0,0,1,0,0,0,0,0,0,employment
2013,39.2,0.65,female,other,some_post_sec,0,0,0,0,0,emergency_shelter,0,0,0,0,0,0,0,1,0,welfare
2013,51.8,0.19,female,other,some_post_sec,0,0,0,0,0,emergency_shelter,0,0,0,0,0,1,0,1,0,welfare
2013,43.5,0.12,female,other,some_post_sec,0,0,0,0,0,emergency_shelter,0,0,0,1,0,0,0,0,0,welfare
2013,58.8,0.05,female,other,some_post_sec,0,0,0,0,0,emergency_shelter,0,0,1,0,0,0,0,0,0,welfare
2013,41.4,2.48,female,other,some_post_sec,0,0,0,0,0,emergency_shelter,0,0,0,0,0,0,0,0,0,welfare
2013,66.5,0.32,female,other,some_post_sec,0,0,0,0,0,emergency_shelter,0,0,1,1,0,0,1,0,0,disability
2013,35.1,0.29,female,other,some_post_sec,0,0,0,0,0,emergency_shelter,0,0,0,0,0,0,0,1,0,welfare
2013,30.8,1.6,female,other,some_post_sec,0,0,0,0,0,emergency_shelter,0,0,0,0,0,0,0,0,0,welfare
2013,49.3,0.46,female,other,some_post_sec,0,0,0,0,0,emergency_shelter,0,0,0,1,0,0,0,1,0,disability
2013,60.7,0.85,female,other,some_post_sec,0,0,0,0,0,emergency_shelter,0,0,0,0,0,0,0,1,0,employment
2013,22.3,0.21,female,other,some_post_sec,0,0,0,0,0,respite,1,0,0,0,0,1,0,1,0,disability
2013,38.8,3.86,female,other,some_post_sec,0,0,0,0,0,emergency_shelter,0,0,0,0,0,0,0,0,0,welfare
2013,33.0,2.29,female,other,some_post_sec,0,0,0,0,0,emergency_shelter,0,0,1,1,0,0,0,1,0,other
2013,43.6,2.39,female,other,some_post_sec,0,0,0,0,0,respite,0,0,0,0,0,0,0,0,0,disability
2013,41.7,0.63,female,other,some_post_sec,0,0,0,0,0,emergency_shelter,0,0,0,0,0,0,0,0,0,welfare
2013,60.4,1.72,female,other,some_post_sec,0,0,0,0,0,emergency_shelter,0,0,0,0,0,0,0,0,0,welfare
2013,40.1,0.19,female,other,some_post_sec,0,0,0,0,0,emergency_shelter,0,0,0,0,0,0,0,1,0,disability
2013,60.8,0.05,female,other,some_post_sec,0,0,0,0,0,emergency_shelter,0,0,0,1,1,0,0,0,1,other
2013,37.2,0.05,female,other,some_post_sec,0,0,0,0,0,emergency_shelter,0,0,0,0,0,0,0,0,0,welfare
2013,54.6,1.06,female,other,some_post_sec,0,0,0,0,0,emergency_shelter,0,0,0,0,0,0,1,1,0,other
2013,44.8,0.73,female,other,some_post_sec,0,0,0,0,0,other,0,0,0,1,0,0,0,1,0,disability
2013,65.8,0.88,female,other,some_post_sec,0,0,0,0,0,emergency_shelter,0,0,0,0,0,1,0,0,0,disability
2013,23.9,1.46,female,other,post_sec_higher,1,0,0,0,1,emergency_shelter,1,0,0,0,0,0,0,1,0,employment
2013,83.4,2.55,female,other,post_sec_higher,1,0,0,0,1,emergency_shelter,0,0,0,0,0,0,0,0,0,employment
2013,36.3,1.62,female,other,post_sec_higher,1,0,0,0,1,emergency_shelter,0,0,0,0,0,0,0,0,0,other
2013,69.1,13.5,female,other,post_sec_higher,1,0,0,0,1,emergency_shelter,0,0,0,0,0,0,0,0,0,disability
2013,39.1,1.94,female,other,post_sec_higher,1,0,0,0,1,emergency_shelter,0,0,0,0,0,0,0,1,0,welfare
2013,41.3,20.8,female,other,post_sec_higher,1,0,0,0,1,emergency_shelter,0,0,0,1,0,0,0,1,0,disability
2013,78.5,1.17,female,other,post_sec_higher,1,0,0,0,0,emergency_shelter,0,0,0,0,0,0,0,1,0,informal
2013,34.9,4.97,female,other,post_sec_higher,0,1,1,0,1,emergency_shelter,0,0,0,0,0,0,0,0,0,welfare
2013,54.2,6.15,female,other,post_sec_higher,0,1,1,0,1,emergency_shelter,0,0,0,1,1,0,0,0,0,welfare
2013,40.1,4.33,female,other,post_sec_higher,0,1,1,0,1,emergency_shelter,0,0,0,0,0,0,0,1,0,disability
2013,28.4,3.66,female,other,post_sec_higher,0,1,1,0,1,emergency_shelter,0,0,1,0,1,0,0,0,0,welfare
2013,47.4,11.27,female,other,post_sec_higher,0,1,1,0,1,emergency_shelter,0,0,0,0,0,0,0,1,0,disability
2013,50.2,1.17,female,other,post_sec_higher,0,1,1,0,1,respite,0,0,1,0,0,0,1,1,0,disability
2013,52.4,1.92,female,other,post_sec_higher,0,1,1,0,1,other,0,0,0,1,0,0,1,0,0,welfare
2013,15.0,1.63,female,other,post_sec_higher,0,1,1,0,1,emergency_shelter,1,0,0,1,0,0,0,0,0,other
2013,27.3,30.0,female,other,post_sec_higher,0,1,1,0,1,emergency_shelter,0,0,0,0,0,0,0,0,0,other
2013,58.0,2.17,female,other,post_sec_higher,0,1,1,0,1,emergency_shelter,0,0,0,1,0,0,0,0,0,welfare
2013,31.7,5.23,female,other,post_sec_higher,0,1,1,0,1,emergency_shelter,0,0,0,0,0,1,0,1,0,welfare
2013,47.4,4.48,female,other,post_sec_higher,0,1,1,0,1,respite,0,0,0,0,0,0,0,0,0,other
2013,27.0,1.52,female,other,post_sec_higher,0,1,1,0,1,emergency_shelter,0,0,0,0,1,0,0,1,0,welfare
2013,51.8,2.0,female,other,post_sec_higher,0,1,1,0,0,emergency_shelter,0,0,0,0,0,0,0,0,0,welfare
2013,47.7,0.61,female,other,post_sec_higher,0,1,1,0,0,other,0,0,0,0,0,0,0,0,1,other
2013,34.5,3.53,female,other,post_sec_higher,0,1,1,0,0,respite,0,0,1,0,0,0,0,1,1,disability
2013,34.8,0.63,female,other,post_sec_higher,0,1,1,0,0,emergency_shelter,0,0,0,0,0,0,0,0,1,disability
2013,43.3,1.77,female,other,post_sec_higher,0,1,1,0,0,emergency_shelter,0,0,1,0,0,0,0,1,0,welfare
2013,20.7,0.79,female,other,post_sec_higher,0,1,1,0,0,emergency_shelter,1,0,0,1,1,0,0,0,0,disability
2013,55.0,2.73,female,other,post_sec_higher,0,1,1,0,0,respite,0,0,0,0,0,0,0,1,0,employment
2013,59.6,2.86,female,other,post_sec_higher,0,1,1,0,0,emergency_shelter,0,0,0,0,0,0,0,0,0,welfare
2013,35.8,5.88,female,other,post_sec_higher,0,1,0,0,1,emergency_shelter,0,0,0,0,0,0,0,0,0,welfare
2013,46.4,2.67,female,other,post_sec_higher,0,1,0,0,1,other,0,0,0,0,0,0,0,0,0,other
2013,28.1,1.34,female,other,post_sec_higher,0,1,0,0,1,emergency_shelter,0,0,0,0,0,0,0,0,0,disability
2013,70.8,4.02,female,other,post_sec_higher,0,1,0,0,1,emergency_shelter,0,0,0,0,0,0,0,1,0,employment
2013,58.3,1.4,female,other,post_sec_higher,0,1,0,0,1,emergency_shelter,0,0,0,0,0,0,0,1,1,disability
2013,45.1,9.84,female,other,post_sec_higher,0,1,0,0,1,emergency_shelter,0,0,0,0,0,0,0,0,1,welfare
2013,40.8,3.65,female,other,post_sec_higher,0,1,0,0,1,emergency_shelter,0,0,1,0,0,0,0,0,0,welfare
2013,47.4,1.36,female,other,post_sec_higher,0,1,0,0,1,emergency_shelter,0,0,1,0,1,0,0,1,0,welfare
2013,51.8,24.7,female,other,post_sec_higher,0,1,0,0,1,emergency_shelter,0,0,0,0,0,0,0,0,0,disability
2013,16.1,2.88,female,other,post_sec_higher,0,1,0,0,1,emergency_shelter,1,0,0,0,0,0,0,0,0,welfare
2013,74.2,1.16,female,other,post_sec_higher,0,1,0,0,1,respite,0,0,0,0,0,0,0,1,0,welfare
2013,33.5,3.79,female,other,post_sec_higher,0,1,0,0,1,respite,0,0,0,0,0,0,0,1,1,disability
2013,44.6,1.64,female,other,post_sec_higher,0,1,0,0,1,emergency_shelter,0,0,0,1,0,0,0,1,0,welfare
2013,45.1,6.88,female,other,post_sec_higher,0,1,0,0,1,emergency_shelter,0,0,0,0,0,0,0,0,0,welfare
2013,69.6,0.32,female,other,post_sec_higher,0,1,0,0,0,emergency_shelter,0,0,0,0,0,0,0,1,0,other
2013,49.8,1.22,female,other,post_sec_higher,0,1,0,0,0,emergency_shelter,0,0,1,0,0,0,0,1,0,other
2013,36.4,0.32,female,other,post_sec_higher,0,1,0,0,0,emergency_shelter,0,0,0,0,0,0,0,1,0,welfare
2013,47.1,1.5,female,other,post_sec_higher,0,1,0,0,0,emergency_shelter,0,0,1,0,0,0,1,1,0,other
2013,32.3,2.48,female,other,post_sec_higher,0,1,0,0,0,emergency_shelter,0,0,0,0,0,1,0,0,0,welfare
2013,45.1,0.16,female,other,post_sec_higher,0,1,0,0,0,emergency_shelter,0,0,0,0,0,0,0,0,0,other
2013,30.2,2.42,female,other,post_sec_higher,0,1,0,0,0,emergency_shelter,0,0,0,0,0,0,0,1,0,disability
2013,58.2,1.08,female,other,post_sec_higher,0,1,0,0,0,other,0,0,0,0,0,0,0,0,0,welfare
2013,33.3,0.16,female,other,post_sec_higher,0,1,0,0,0,emergency_shelter,0,0,1,0,0,0,0,0,1,welfare
2013,45.3,2.19,female,other,post_sec_higher,0,0,1,0,1,respite,0,0,0,0,0,0,0,0,1,welfare
2013,53.5,6.13,female,other,post_sec_higher,0,0,0,0,1,emergency_shelter,0,0,0,0,0,0,0,1,0,disability
2013,15.0,1.95,female,other,post_sec_higher,0,0,0,0,1,emergency_shelter,1,0,0,0,0,0,0,1,0,employment
2013,33.1,3.22,female,other,post_sec_higher,0,0,0,0,1,emergency_shelter,0,0,0,0,0,0,0,0,0,employment
2013,61.5,1.5,female,other,post_sec_higher,0,0,0,0,1,emergency_shelter,0,0,0,0,0,0,0,1,0,disability
2013,44.1,5.4,female,other,post_sec_higher,0,0,0,0,1,emergency_shelter,0,0,0,0,0,0,1,1,0,employment
2013,39.9,1.11,female,other,post_sec_higher,0,0,0,0,1,emergency_shelter,0,0,0,0,0,0,0,0,0,welfare
2013,60.9,8.75,female,other,post_sec_higher,0,0,0,0,1,emergency_shelter,0,0,0,0,0,0,0,0,0,other
2013,43.2,1.48,female,other,post_sec_higher,0,0,0,0,1,emergency_shelter,0,0,0,0,1,1,0,1,0,welfare
2013,15.3,9.96,female,other,post_sec_higher,0,0,0,0,1,emergency_shelter,1,0,0,0,1,0,0,0,0,other
2013,23.5,2.01,female,other,post_sec_higher,0,0,0,0,1,emergency_shelter,1,0,0,0,0,0,0,0,0,other
2013,50.5,5.05,female,other,post_sec_higher,0,0,0,0,1,emergency_shelter,0,0,0,0,0,0,0,1,0,welfare
2013,43.7,1.88,female,other,post_sec_higher,0,0,0,0,1,other,0,0,0,0,1,0,1,1,1,employment
2013,65.0,12.5,female,other,post_sec_higher,0,0,0,0,1,emergency_shelter,0,0,0,0,0,0,0,1,0,disability
2013,34.3,1.28,female,other,post_sec_higher,0,0,0,0,1,emergency_shelter,0,0,0,1,0,0,0,0,0,other
2013,40.3,1.42,female,other,post_sec_higher,0,0,0,0,1,emergency_shelter,0,0,0,0,0,0,1,0,0,disability
2013,32.2,2.72,female,other,post_sec_higher,0,0,0,0,1,emergency_shelter,0,0,0,0,0,0,0,0,0,welfare
2013,37.3,1.18,female,other,post_sec_higher,0,0,0,0,1,emergency_shelter,0,0,0,0,0,0,0,0,0,employment
2013,18.1,1.47,female,other,post_sec_higher,0,0,0,0,1,respite,1,0,0,0,0,0,0,0,0,other
2013,39.2,18.44,female,other,post_sec_higher,0,0,0,0,1,emergency_shelter,0,0,0,0,0,0,0,0,0,welfare
2013,43.9,30.0,female,other,post_sec_higher,0,0,0,0,1,emergency_shelter,0,0,0,0,0,0,0,0,0,informal
2013,42.7,2.11,female,other,post_sec_higher,0,0,0,0,1,emergency_shelter,0,0,0,1,0,0,1,0,0,disability
2013,74.7,14.62,female,other,post_sec_higher,0,0,0,0,1,emergency_shelter,0,0,0,0,0,0,0,0,0,disability
2013,70.3,3.07,female,other,post_sec_higher,0,0,0,0,1,emergency_shelter,0,0,0,1,0,0,0,0,0,welfare
2013,34.1,1.7,female,other,post_sec_higher,0,0,0,0,1,other,0,0,0,0,0,0,0,0,0,other
2013,16.0,4.73,female,other,post_sec_higher,0,0,0,0,1,emergency_shelter,1,0,0,0,0,0,0,0,0,welfare
2013,43.2,4.15,female,other,post_sec_higher,0,0,0,0,1,emergency_shelter,0,0,1,0,1,0,0,0,1,other
2013,49.9,30.0,female,other,post_sec_higher,0,0,0,0,1,emergency_shelter,0,0,0,0,0,0,1,1,0,informal
2013,32.6,1.68,female,other,post_sec_higher,0,0,0,0,1,emergency_shelter,0,0,0,0,0,0,0,0,1,informal
2013,33.2,4.31,female,other,post_sec_higher,0,0,0,0,1,emergency_shelter,0,0,0,0,0,1,0,1,0,welfare
2013,66.8,1.11,female,other,post_sec_higher,0,0,0,0,1,emergency_shelter,0,0,0,0,0,0,0,0,0,welfare
2013,41.0,1.25,female,other,post_sec_higher,0,0,0,0,1,emergency_shelter,0,0,0,0,0,0,0,1,0,disability
2013,53.9,1.01,female,other,post_sec_higher,0,0,0,0,1,emergency_shelter,0,0,0,0,0,0,0,0,0,other
2013,31.6,30.0,female,other,post_sec_higher,0,0,0,0,1,emergency_shelter,0,0,0,0,0,0,0,1,0,other
2013,43.8,6.84,female,other,post_sec_higher,0,0,0,0,1,respite,0,0,1,1,0,0,0,0,0,welfare
2013,39.9,6.4,female,other,post_sec_higher,0,0,0,0,1,emergency_shelter,0,0,0,1,0,0,0,0,0,disability
2013,26.9,2.22,female,other,post_sec_higher,0,0,0,0,0,other,0,0,0,0,0,0,0,0,0,disability
2013,30.0,0.28,female,other,post_sec_higher,0,0,0,0,0,emergency_shelter,0,0,1,1,0,0,0,0,0,other
2013,22.5,0.09,female,other,post_sec_higher,0,0,0,0,0,emergency_shelter,1,0,0,0,0,0,0,0,0,disability
2013,31.7,1.46,female,other,post_sec_higher,0,0,0,0,0,emergency_shelter,0,0,0,1,0,0,0,0,1,other
2013,15.0,0.62,female,other,post_sec_higher,0,0,0,0,0,respite,1,0,0,0,0,0,0,0,0,employment
2013,37.3,3.03,female,other,post_sec_higher,0,0,0,0,0,emergency_shelter,0,0,0,0,0,0,0,0,0,welfare
2013,34.1,1.26,female,other,post_sec_higher,0,0,0,0,0,emergency_shelter,0,0,1,0,0,0,0,0,0,other
2013,43.7,0.11,female,other,post_sec_higher,0,0,0,0,0,emergency_shelter,0,0,1,0,0,0,0,0,0,disability
2013,42.2,3.54,female,other,post_sec_higher,0,0,0,0,0,respite,0,0,0,0,0,0,0,1,0,employment
2013,59.2,0.36,female,other,post_sec_higher,0,0,0,0,0,emergency_shelter,0,0,0,0,0,0,0,0,0,other
2013,77.9,0.49,female,other,post_sec_higher,0,0,0,0,0,emergency_shelter,0,0,0,0,0,0,0,0,0,welfare
2013,57.5,0.62,female,other,post_sec_higher,0,0,0,0,0,respite,0,0,0,0,0,0,0,0,0,welfare
2013,35.3,0.06,female,other,post_sec_higher,0,0,0,0,0,respite,0,0,1,0,0,0,0,1,0,welfare
2013,34.7,0.82,female,other,post_sec_higher,0,0,0,0,0,respite,0,0,0,0,0,0,0,0,1,disability
2013,53.8,0.16,female,other,post_sec_higher,0,0,0,0,0,emergency_shelter,0,0,0,0,0,0,0,1,1,disability
2013,18.0,0.61,female,other,post_sec_higher,0,0,0,0,0,emergency_shelter,1,0,0,0,0,0,0,0,0,welfare
2013,37.2,0.52,female,other,post_sec_higher,0,0,0,0,0,emergency_shelter,0,0,0,0,0,0,0,1,0,employment
2013,38.3,1.78,female,other,post_sec_higher,0,0,0,0,0,emergency_shelter,0,0,0,0,0,0,0,1,0,welfare
2013,49.8,1.95,female,other,post_sec_higher,0,0,0,0,0,emergency_shelter,0,0,0,0,0,0,0,0,1,informal
2013,50.2,0.2,female,other,post_sec_higher,0,0,0,0,0,emergency_shelter,0,0,0,1,0,0,0,1,0,disability
2013,31.2,0.55,female,other,post_sec_higher,0,0,0,0,0,emergency_shelter,0,0,0,0,0,0,0,1,0,welfare
2013,35.8,0.56,female,other,post_sec_higher,0,0,0,0,0,emergency_shelter,0,0,0,0,1,1,1,0,0,disability
2013,47.8,0.2,female,other,post_sec_higher,0,0,0,0,0,emergency_shelter,0,0,0,0,0,0,0,1,0,disability
2013,30.4,1.92,female,other,post_sec_higher,0,0,0,0,0,emergency_shelter,0,0,1,0,0,0,0,1,0,welfare
2013,58.5,1.47,female,other,post_sec_higher,0,0,0,0,0,emergency_shelter,0,0,1,0,0,0,0,0,0,other
2013,50.1,0.25,female,other,post_sec_higher,0,0,0,0,0,emergency_shelter,0,0,0,1,0,0,0,0,0,disability
2013,44.0,0.55,female,other,post_sec_higher,0,0,0,0,0,emergency_shelter,0,0,0,0,0,0,0,0,0,welfare
2013,47.1,0.13,female,other,post_sec_higher,0,0,0,0,0,emergency_shelter,0,0,0,0,1,0,0,0,0,welfare
2013,35.1,1.19,female,other,post_sec_higher,0,0,0,0,0,emergency_shelter,0,0,0,0,0,0,0,0,0,disability
2013,32.8,0.16,female,other,post_sec_higher,0,0,0,0,0,emergency_shelter,0,0,0,1,0,0,0,0,0,welfare
2013,58.2,3.91,trans_nonbinary,other,less_than_hs,0,0,0,0,1,emergency_shelter,0,0,0,0,0,0,0,1,1,other
2013,51.2,2.0,trans_nonbinary,other,less_than_hs,0,0,0,0,1,respite,0,0,0,0,0,0,1,0,0,welfare
2013,39.5,15.39,trans_nonbinary,other,less_than_hs,0,0,0,0,1,emergency_shelter,0,0,0,0,0,0,0,0,0,disability
2013,40.7,1.14,trans_nonbinary,other,less_than_hs,0,0,0,0,1,emergency_shelter,0,0,0,1,0,0,0,1,0,welfare
2013,42.0,3.1,trans_nonbinary,other,less_than_hs,0,0,0,0,1,emergency_shelter,0,0,0,0,1,0,0,0,0,welfare
2013,47.2,3.44,trans_nonbinary,other,less_than_hs,0,0,0,0,1,emergency_shelter,0,0,0,1,0,0,0,1,0,disability
2013,50.0,4.07,trans_nonbinary,other,less_than_hs,0,0,0,0,1,emergency_shelter,0,0,0,1,0,0,0,0,0,disability
2013,44.6,1.65,trans_nonbinary,other,less_than_hs,0,0,0,0,1,respite,0,0,0,0,0,0,0,0,0,disability
2013,40.5,2.06,trans_nonbinary,other,less_than_hs,0,0,0,0,1,emergency_shelter,0,0,0,0,1,1,0,0,0,disability
2013,36.3,8.34,trans_nonbinary,other,less_than_hs,0,0,0,0,1,other,0,0,0,0,0,0,0,0,0,disability
2013,25.7,2.56,trans_nonbinary,other,less_than_hs,0,0,0,0,0,emergency_shelter,0,0,0,0,1,0,0,0,0,welfare
2013,39.5,0.52,trans_nonbinary,other,less_than_hs,0,0,0,0,0,emergency_shelter,0,0,0,0,0,0,0,0,1,employment
2013,48.9,0.1,trans_nonbinary,other,less_than_hs,0,0,0,0,0,emergency_shelter,0,0,0,0,0,1,0,1,0,other
2013,39.8,1.55,trans_nonbinary,other,less_than_hs,0,0,0,0,0,emergency_shelter,0,0,0,0,0,0,0,1,1,welfare
2013,52.8,0.45,trans_nonbinary,other,less_than_hs,0,0,0,0,0,emergency_shelter,0,0,0,1,0,1,0,1,0,other
2013,39.1,2.92,trans_nonbinary,other,hs_graduate,0,0,0,0,1,emergency_shelter,0,0,0,0,0,0,1,1,0,welfare
2013,15.6,4.29,trans_nonbinary,other,hs_graduate,0,0,0,0,1,emergency_shelter,1,0,0,0,0,0,0,1,0,disability
2013,31.3,1.7,trans_nonbinary,other,hs_graduate,0,0,0,0,1,emergency_shelter,0,0,0,0,0,0,0,1,0,welfare
2013,50.7,1.73,trans_nonbinary,other,hs_graduate,0,0,0,0,1,emergency_shelter,0,0,0,0,0,0,0,1,0,informal
2013,15.0,16.26,trans_nonbinary,other,hs_graduate,0,0,0,0,1,emergency_shelter,1,0,0,0,0,0,0,0,0,disability
2013,37.5,5.07,trans_nonbinary,other,hs_graduate,0,0,0,0,1,emergency_shelter,0,0,0,0,0,0,0,0,0,disability
2013,57.6,0.53,trans_nonbinary,other,hs_graduate,0,0,0,0,0,emergency_shelter,0,0,1,0,1,0,1,0,1,employment
2013,32.3,1.11,trans_nonbinary,other,post_sec_higher,0,0,0,0,1,emergency_shelter,0,0,0,0,1,0,0,0,0,welfare
2018,33.6,2.78,male,black,less_than_hs,1,1,0,0,1,emergency_shelter,0,0,0,0,0,0,0,1,0,disability
2018,38.7,6.39,male,black,less_than_hs,1,1,0,0,1,emergency_shelter,0,0,0,1,0,0,0,1,0,welfare
2018,55.9,1.14,male,black,less_than_hs,1,1,0,0,1,emergency_shelter,0,0,0,0,0,0,0,0,0,welfare
2018,28.7,4.89,male,black,less_than_hs,1,1,0,0,1,other,0,0,0,0,0,0,0,1,0,employment
2018,66.2,7.48,male,black,less_than_hs,1,1,0,0,1,emergency_shelter,0,0,0,1,0,0,0,0,0,disability
2018,25.7,2.22,male,black,less_than_hs,1,1,0,0,1,emergency_shelter,0,0,0,1,0,0,0,0,0,other
2018,77.0,2.86,male,black,less_than_hs,1,1,0,0,1,emergency_shelter,0,0,0,1,0,0,0,0,0,disability
2018,68.6,30.0,male,black,less_than_hs,1,0,1,0,1,emergency_shelter,0,0,0,1,0,0,0,0,0,welfare
2018,50.6,2.62,male,black,less_than_hs,1,0,1,0,1,other,0,0,0,1,0,0,0,0,0,disability
2018,46.4,8.62,male,black,less_than_hs,1,0,1,0,1,emergency_shelter,0,0,0,0,0,0,1,1,0,welfare
2018,49.3,28.91,male,black,less_than_hs,1,0,1,0,1,emergency_shelter,0,0,0,1,0,0,0,0,0,welfare
2018,50.4,13.34,male,black,less_than_hs,1,0,0,1,1,outdoor,0,0,0,1,0,0,0,0,0,informal
2018,43.5,1.18,male,black,less_than_hs,1,0,0,1,1,outdoor,0,0,0,1,0,0,0,0,0,welfare
2018,47.8,11.25,male,black,less_than_hs,1,0,0,1,1,outdoor,0,0,0,1,0,0,0,1,0,disability
2018,42.0,22.99,male,black,less_than_hs,1,0,0,0,1,emergency_shelter,0,0,0,1,0,0,0,1,0,informal
2018,53.2,5.96,male,black,less_than_hs,1,0,0,0,1,emergency_shelter,0,0,0,1,0,0,0,1,0,welfare
2018,48.8,3.88,male,black,less_than_hs,1,0,0,0,1,emergency_shelter,0,0,0,0,0,0,0,0,0,other
2018,52.2,6.85,male,black,less_than_hs,1,0,0,0,1,emergency_shelter,0,0,0,0,0,0,0,1,1,welfare
2018,51.9,1.85,male,black,less_than_hs,1,0,0,0,1,emergency_shelter,0,0,0,1,0,1,0,0,0,welfare
2018,51.7,1.03,male,black,less_than_hs,1,0,0,0,1,emergency_shelter,0,0,0,1,0,1,0,0,0,other
2018,39.3,3.09,male,black,less_than_hs,1,0,0,0,1,emergency_shelter,0,0,0,1,0,0,0,0,1,welfare
2018,34.6,8.29,male,black,less_than_hs,1,0,0,0,1,emergency_shelter,0,0,0,0,0,0,0,0,0,welfare
2018,46.3,11.98,male,black,less_than_hs,1,0,0,0,1,emergency_shelter,0,0,0,0,0,0,1,1,0,welfare
2018,65.6,19.84,male,black,less_than_hs,1,0,0,0,1,emergency_shelter,0,0,0,0,0,0,1,0,0,welfare
2018,44.1,30.0,male,black,less_than_hs,1,0,0,0,1,emergency_shelter,0,0,0,0,0,1,0,0,0,welfare
2018,52.8,4.61,male,black,less_than_hs,1,0,0,0,1,emergency_shelter,0,0,0,0,0,0,0,1,0,informal
2018,46.0,13.39,male,black,less_than_hs,1,0,0,0,1,emergency_shelter,0,0,1,1,0,0,0,0,0,welfare
2018,72.9,1.45,male,black,less_than_hs,1,0,0,0,1,emergency_shelter,0,0,0,1,1,0,0,1,0,welfare
2018,42.5,1.34,male,black,less_than_hs,1,0,0,0,1,emergency_shelter,0,0,0,1,0,0,0,0,0,welfare
2018,52.8,1.79,male,black,less_than_hs,1,0,0,0,1,emergency_shelter,0,0,0,0,0,0,0,1,1,disability
2018,34.3,5.14,male,black,less_than_hs,1,0,0,0,1,emergency_shelter,0,0,0,1,0,0,0,1,0,disability
2018,28.7,2.46,male,black,less_than_hs,1,0,0,0,1,emergency_shelter,0,0,0,0,0,0,0,0,0,disability
2018,63.4,7.01,male,black,less_than_hs,1,0,0,0,0,emergency_shelter,0,0,0,1,0,0,0,1,0,welfare
2018,51.6,1.12,male,black,less_than_hs,1,0,0,0,0,emergency_shelter,0,0,0,0,1,0,0,0,1,other
2018,39.9,0.34,male,black,less_than_hs,1,0,0,0,0,other,0,0,0,0,0,0,0,0,0,welfare
2018,32.3,0.99,male,black,less_than_hs,1,0,0,0,0,emergency_shelter,0,0,0,0,0,0,0,0,0,other
2018,52.3,0.37,male,black,less_than_hs,1,0,0,0,0,emergency_shelter,0,0,0,1,0,0,0,1,1,disability
2018,33.4,2.3,male,black,less_than_hs,0,1,1,1,1,outdoor,0,0,0,0,0,0,0,0,0,welfare
2018,39.3,14.65,male,black,less_than_hs,0,1,1,1,1,outdoor,0,0,0,1,0,0,0,0,1,employment
2018,39.2,1.36,male,black,less_than_hs,0,1,1,1,1,outdoor,0,0,0,1,0,0,0,0,0,disability
2018,44.5,7.26,male,black,less_than_hs,0,1,1,0,1,emergency_shelter,0,0,0,0,1,0,0,1,0,informal
2018,46.2,13.52,male,black,less_than_hs,0,1,1,0,1,emergency_shelter,0,0,0,0,0,0,0,0,0,disability
2018,15.0,9.08,male,black,less_than_hs,0,1,1,0,1,respite,1,0,0,1,0,0,0,1,0,disability
2018,53.5,8.16,male,black,less_than_hs,0,1,1,0,1,emergency_shelter,0,0,0,0,0,1,0,1,1,employment
2018,40.3,13.35,male,black,less_than_hs,0,1,1,0,1,emergency_shelter,0,0,0,1,0,0,0,0,0,informal
2018,71.5,1.34,male,black,less_than_hs,0,1,1,0,1,emergency_shelter,0,0,0,1,0,0,0,1,0,welfare
2018,27.7,12.92,male,black,less_than_hs,0,1,1,0,1,emergency_shelter,0,0,0,0,0,1,0,0,0,disability
2018,32.3,3.01,male,black,less_than_hs,0,1,1,0,1,emergency_shelter,0,0,0,0,1,0,0,1,0,disability
2018,41.6,7.46,male,black,less_than_hs,0,1,1,0,1,emergency_shelter,0,0,0,0,0,0,0,0,0,disability
2018,50.2,2.73,male,black,less_than_hs,0,1,1,0,1,emergency_shelter,0,0,0,0,0,0,0,0,0,disability
2018,17.1,21.2,male,black,less_than_hs,0,1,1,0,1,emergency_shelter,1,0,0,1,0,0,0,0,0,other
2018,32.8,5.65,male,black,less_than_hs,0,1,1,0,1,respite,0,0,0,1,0,0,0,1,0,other
2018,52.7,9.39,male,black,less_than_hs,0,1,1,0,1,emergency_shelter,0,0,0,0,0,0,0,0,0,other
2018,31.1,16.88,male,black,less_than_hs,0,1,1,0,1,emergency_shelter,0,0,0,0,0,0,0,0,0,other
2018,63.6,30.0,male,black,less_than_hs,0,1,1,0,1,emergency_shelter,0,0,1,0,0,0,0,0,0,other
2018,38.0,12.95,male,black,less_than_hs,0,1,1,0,1,emergency_shelter,0,0,0,0,0,0,0,0,0,informal
2018,31.8,1.96,male,black,less_than_hs,0,1,1,0,1,emergency_shelter,0,0,0,1,0,0,0,1,0,other
2018,52.9,23.23,male,black,less_than_hs,0,1,1,0,1,emergency_shelter,0,0,0,0,1,0,0,1,0,other
2018,32.8,2.35,male,black,less_than_hs,0,1,1,0,0,emergency_shelter,0,0,0,1,0,0,0,1,0,welfare
2018,56.3,4.12,male,black,less_than_hs,0,1,1,0,0,emergency_shelter,0,0,0,0,0,0,0,1,0,employment
2018,22.1,5.02,male,black,less_than_hs,0,1,1,0,0,emergency_shelter,1,0,0,1,1,0,0,1,0,welfare
2018,24.6,1.69,male,black,less_than_hs,0,1,1,0,0,emergency_shelter,1,0,0,1,0,0,0,0,0,welfare
2018,48.8,9.55,male,black,less_than_hs,0,1,0,1,1,outdoor,0,0,1,1,1,0,0,0,1,welfare
2018,54.1,2.57,male,black,less_than_hs,0,1,0,0,1,emergency_shelter,0,0,0,1,0,0,1,1,0,welfare
2018,60.6,7.23,male,black,less_than_hs,0,1,0,0,1,emergency_shelter,0,0,0,0,0,0,0,1,1,welfare
2018,47.5,4.45,male,black,less_than_hs,0,1,0,0,1,emergency_shelter,0,0,0,1,0,0,0,0,0,disability
2018,38.0,15.03,male,black,less_than_hs,0,1,0,0,1,other,0,0,0,0,0,0,0,0,0,disability
2018,54.7,25.19,male,black,less_than_hs,0,1,0,0,1,emergency_shelter,0,0,0,0,0,0,0,1,0,other
2018,38.2,3.72,male,black,less_than_hs,0,1,0,0,1,emergency_shelter,0,0,0,0,0,0,0,1,0,welfare
2018,45.9,9.96,male,black,less_than_hs,0,1,0,0,1,other,0,0,1,1,0,1,1,1,1,employment
2018,39.1,6.95,male,black,less_than_hs,0,1,0,0,1,emergency_shelter,0,0,1,0,0,0,0,0,0,other
2018,48.1,3.07,male,black,less_than_hs,0,1,0,0,1,emergency_shelter,0,0,0,0,1,0,0,1,0,disability
2018,61.8,3.0,male,black,less_than_hs,0,1,0,0,1,emergency_shelter,0,0,1,1,0,0,0,0,0,welfare
2018,39.5,6.74,male,black,less_than_hs,0,1,0,0,1,emergency_shelter,0,0,0,1,0,0,0,0,0,disability
2018,37.4,2.0,male,black,less_than_hs,0,1,0,0,1,respite,0,0,0,1,0,0,0,0,0,other
2018,42.9,18.29,male,black,less_than_hs,0,1,0,0,1,emergency_shelter,0,0,0,0,1,0,0,0,0,welfare
2018,27.9,1.41,male,black,less_than_hs,0,1,0,0,1,emergency_shelter,0,0,0,0,0,0,0,0,0,welfare
2018,53.7,1.58,male,black,less_than_hs,0,1,0,0,1,emergency_shelter,0,0,0,0,1,0,0,1,0,other
2018,46.0,3.74,male,black,less_than_hs,0,1,0,0,1,emergency_shelter,0,0,0,1,1,1,0,1,0,other
2018,43.9,1.74,male,black,less_than_hs,0,1,0,0,1,emergency_shelter,0,0,0,1,0,0,0,0,0,welfare
2018,55.9,3.12,male,black,less_than_hs,0,1,0,0,0,emergency_shelter,0,0,0,0,0,0,0,1,0,other
2018,25.1,2.9,male,black,less_than_hs,0,1,0,0,0,emergency_shelter,0,0,0,1,1,0,0,1,0,welfare
2018,49.0,0.29,male,black,less_than_hs,0,1,0,0,0,emergency_shelter,0,0,0,1,0,0,0,0,0,welfare
2018,69.1,3.11,male,black,less_than_hs,0,0,1,0,1,emergency_shelter,0,0,0,1,0,0,0,0,0,welfare
2018,37.0,24.15,male,black,less_than_hs,0,0,1,0,1,emergency_shelter,0,0,0,1,0,0,0,1,0,disability
2018,39.6,4.75,male,black,less_than_hs,0,0,1,0,1,respite,0,0,0,0,0,0,0,0,0,disability
2018,33.3,3.7,male,black,less_than_hs,0,0,1,0,1,emergency_shelter,0,0,0,1,0,0,0,1,1,informal
2018,49.2,8.25,male,black,less_than_hs,0,0,1,0,1,other,0,0,0,1,0,0,0,1,0,disability
2018,47.1,2.53,male,black,less_than_hs,0,0,1,0,1,respite,0,0,0,0,0,0,0,1,0,welfare
2018,45.0,2.62,male,black,less_than_hs,0,0,1,0,1,emergency_shelter,0,0,0,1,1,0,0,1,1,disability
2018,55.4,6.37,male,black,less_than_hs,0,0,1,0,1,emergency_shelter,0,0,0,1,0,0,1,1,0,welfare
2018,37.8,4.57,male,black,less_than_hs,0,0,1,0,1,emergency_shelter,0,0,0,1,0,0,0,0,0,employment
2018,59.7,3.23,male,black,less_than_hs,0,0,1,0,1,emergency_shelter,0,0,1,0,0,0,0,0,0,informal
2018,27.5,1.32,male,black,less_than_hs,0,0,1,0,1,respite,0,0,0,1,1,0,0,1,0,other
2018,40.1,6.38,male,black,less_than_hs,0,0,1,0,1,other,0,0,0,0,0,0,0,0,0,other
2018,48.9,18.83,male,black,less_than_hs,0,0,1,0,1,emergency_shelter,0,0,0,0,1,1,0,1,0,welfare
2018,17.5,22.79,male,black,less_than_hs,0,0,1,0,1,emergency_shelter,1,0,0,1,0,0,0,0,1,other
2018,37.3,19.86,male,black,less_than_hs,0,0,0,1,1,outdoor,0,0,0,0,0,0,0,1,0,welfare
2018,16.1,22.58,male,black,less_than_hs,0,0,0,1,1,outdoor,1,0,0,1,0,1,0,1,0,welfare
2018,61.0,2.64,male,black,less_than_hs,0,0,0,1,1,outdoor,0,0,1,0,0,0,0,0,0,disability
2018,51.5,3.44,male,black,less_than_hs,0,0,0,1,1,outdoor,0,0,0,0,0,0,0,0,0,other
2018,46.5,19.68,male,black,less_than_hs,0,0,0,1,1,outdoor,0,0,0,0,0,0,0,1,0,disability
2018,43.1,1.48,male,black,less_than_hs,0,0,0,1,1,outdoor,0,0,0,0,0,0,0,0,0,welfare
2018,39.9,3.56,male,black,less_than_hs,0,0,0,1,1,outdoor,0,0,0,0,0,0,0,0,1,informal
2018,33.2,5.14,male,black,less_than_hs,0,0,0,1,1,outdoor,0,0,1,1,1,1,0,1,0,welfare
2018,18.1,2.26,male,black,less_than_hs,0,0,0,1,1,outdoor,1,0,0,1,0,0,0,0,1,disability
2018,67.2,2.2,male,black,less_than_hs,0,0,0,1,1,outdoor,0,0,0,0,0,0,0,1,0,welfare
2018,44.7,4.79,male,black,less_than_hs,0,0,0,1,1,outdoor,0,0,0,0,0,0,0,0,0,welfare
2018,21.8,14.18,male,black,less_than_hs,0,0,0,1,1,outdoor,1,0,0,0,0,0,0,0,0,disability
2018,30.0,1.65,male,black,less_than_hs,0,0,0,0,1,emergency_shelter,0,0,0,0,0,0,0,0,0,welfare
2018,47.9,1.6,male,black,less_than_hs,0,0,0,0,1,other,0,0,0,0,0,0,1,1,0,other
2018,66.8,16.83,male,black,less_than_hs,0,0,0,0,1,other,0,0,0,1,1,0,0,0,1,other
2018,29.5,4.81,male,black,less_than_hs,0,0,0,0,1,emergency_shelter,0,0,1,0,0,0,0,0,0,welfare
2018,35.7,17.45,male,black,less_than_hs,0,0,0,0,1,emergency_shelter,0,0,0,1,0,0,0,0,0,disability
2018,36.8,3.01,male,black,less_than_hs,0,0,0,0,1,emergency_shelter,0,0,0,0,0,0,0,0,1,welfare
2018,21.0,2.86,male,black,less_than_hs,0,0,0,0,1,other,1,0,0,0,0,0,0,1,1,welfare
2018,40.7,2.81,male,black,less_than_hs,0,0,0,0,1,emergency_shelter,0,0,0,0,0,0,0,0,0,other
2018,60.7,8.59,male,black,less_than_hs,0,0,0,0,1,emergency_shelter,0,0,0,1,0,0,0,0,0,other
2018,56.2,18.68,male,black,less_than_hs,0,0,0,0,1,other,0,0,0,0,0,0,0,0,1,other
2018,61.0,5.2,male,black,less_than_hs,0,0,0,0,1,emergency_shelter,0,0,0,1,0,1,0,0,1,welfare
2018,35.5,4.18,male,black,less_than_hs,0,0,0,0,1,emergency_shelter,0,0,0,1,0,0,0,0,1,welfare
2018,28.6,30.0,male,black,less_than_hs,0,0,0,0,1,emergency_shelter,0,0,0,1,0,0,0,0,0,disability
2018,76.0,1.73,male,black,less_than_hs,0,0,0,0,1,emergency_shelter,0,0,0,0,0,0,0,0,0,employment
2018,47.4,5.76,male,black,less_than_hs,0,0,0,0,1,emergency_shelter,0,0,0,1,0,0,1,0,0,other
2018,21.8,4.56,male,black,less_than_hs,0,0,0,0,1,emergency_shelter,1,0,0,1,0,1,0,0,0,welfare
2018,80.2,1.61,male,black,less_than_hs,0,0,0,0,1,emergency_shelter,0,0,1,0,0,0,0,1,0,welfare
2018,43.1,2.97,male,black,less_than_hs,0,0,0,0,1,emergency_shelter,0,0,0,1,0,0,0,1,0,disability
2018,15.0,1.17,male,black,less_than_hs,0,0,0,0,1,emergency_shelter,1,0,0,1,1,1,0,1,0,disability
2018,64.8,26.86,male,black,less_than_hs,0,0,0,0,1,other,0,0,1,1,1,1,0,0,0,welfare
2018,15.0,8.37,male,black,less_than_hs,0,0,0,0,1,emergency_shelter,1,0,0,0,0,0,0,0,0,other
2018,48.4,18.68,male,black,less_than_hs,0,0,0,0,1,emergency_shelter,0,0,0,0,0,0,0,0,0,disability
2018,56.2,6.4,male,black,less_than_hs,0,0,0,0,1,emergency_shelter,0,0,0,1,0,1,0,0,0,disability
2018,53.9,8.14,male,black,less_than_hs,0,0,0,0,1,emergency_shelter,0,0,0,1,0,0,0,0,0,welfare
2018,66.2,11.5,male,black,less_than_hs,0,0,0,0,1,other,0,0,0,0,0,1,0,1,0,disability
2018,58.6,30.0,male,black,less_than_hs,0,0,0,0,1,emergency_shelter,0,0,0,1,0,0,0,0,0,disability
2018,70.4,1.56,male,black,less_than_hs,0,0,0,0,1,emergency_shelter,0,0,0,0,0,0,0,0,1,disability
2018,43.1,3.61,male,black,less_than_hs,0,0,0,0,1,respite,0,0,0,0,0,0,0,0,0,welfare
2018,35.6,4.11,male,black,less_than_hs,0,0,0,0,0,emergency_shelter,0,0,0,1,1,0,0,0,0,welfare
2018,22.9,2.53,male,black,less_than_hs,0,0,0,0,0,respite,1,0,1,0,0,0,0,1,0,other
2018,61.4,1.64,male,black,less_than_hs,0,0,0,0,0,emergency_shelter,0,0,0,0,0,0,0,1,0,welfare
2018,45.1,0.27,male,black,less_than_hs,0,0,0,0,0,emergency_shelter,0,0,0,1,0,1,0,0,0,welfare
2018,47.3,3.09,male,black,less_than_hs,0,0,0,0,0,emergency_shelter,0,0,0,1,0,1,0,1,0,disability
2018,50.5,6.87,male,black,less_than_hs,0,0,0,0,0,emergency_shelter,0,0,0,0,0,1,1,1,0,welfare
2018,24.2,3.94,male,black,less_than_hs,0,0,0,0,0,emergency_shelter,1,0,0,1,0,0,0,1,0,welfare
2018,41.3,1.63,male,black,less_than_hs,0,0,0,0,0,emergency_shelter,0,0,1,0,1,1,0,1,0,disability
2018,52.9,0.46,male,black,less_than_hs,0,0,0,0,0,emergency_shelter,0,0,0,1,0,0,0,0,0,welfare
2018,32.4,5.76,male,black,less_than_hs,0,0,0,0,0,emergency_shelter,0,0,0,1,0,0,0,1,0,disability
2018,45.7,8.0,male,black,less_than_hs,0,0,0,0,0,emergency_shelter,0,0,0,0,1,0,0,1,0,welfare
2018,49.0,1.67,male,black,less_than_hs,0,0,0,0,0,emergency_shelter,0,0,0,1,0,0,0,0,0,welfare
2018,21.0,4.43,male,black,less_than_hs,0,0,0,0,0,emergency_shelter,1,0,0,1,0,0,0,0,1,welfare
2018,26.9,1.8,male,black,less_than_hs,0,0,0,0,0,emergency_shelter,0,0,0,0,0,0,0,0,0,other
2018,15.0,5.47,male,black,hs_graduate,1,1,1,0,1,other,1,0,0,1,0,0,0,0,0,other
2018,59.8,14.1,male,black,hs_graduate,1,1,1,0,1,emergency_shelter,0,0,0,1,0,0,0,1,0,informal
2018,67.6,16.56,male,black,hs_graduate,1,1,1,0,1,emergency_shelter,0,0,0,1,0,0,0,0,0,other
2018,55.8,5.97,male,black,hs_graduate,1,1,1,0,1,emergency_shelter,0,0,0,0,0,1,0,1,0,disability
2018,46.7,1.59,male,black,hs_graduate,1,1,1,0,1,emergency_shelter,0,0,1,0,1,0,0,0,0,employment
2018,37.8,4.21,male,black,hs_graduate,1,1,1,0,1,respite,0,0,0,1,0,0,0,1,0,disability
2018,42.7,15.1,male,black,hs_graduate,1,1,0,0,1,emergency_shelter,0,0,0,0,0,0,0,0,0,disability
2018,48.8,20.36,male,black,hs_graduate,1,1,0,0,1,emergency_shelter,0,0,0,1,0,1,0,1,0,welfare
2018,15.0,1.85,male,black,hs_graduate,1,1,0,0,1,emergency_shelter,1,0,0,0,0,0,0,0,0,other
2018,55.3,16.7,male,black,hs_graduate,1,1,0,0,1,emergency_shelter,0,0,0,0,0,0,0,1,0,welfare
2018,43.6,4.91,male,black,hs_graduate,1,1,0,0,1,respite,0,0,0,0,0,0,0,0,0,welfare
2018,30.7,4.76,male,black,hs_graduate,1,0,1,0,1,respite,0,0,0,0,0,0,0,0,0,employment
2018,52.7,8.84,male,black,hs_graduate,1,0,1,0,1,emergency_shelter,0,0,0,0,0,0,0,1,0,welfare
2018,52.4,12.79,male,black,hs_graduate,1,0,0,0,1,emergency_shelter,0,0,0,1,1,0,0,0,0,informal
2018,53.1,1.05,male,black,hs_graduate,1,0,0,0,1,emergency_shelter,0,0,0,0,0,1,1,1,1,employment
2018,44.8,2.54,male,black,hs_graduate,1,0,0,0,1,emergency_shelter,0,0,0,0,1,0,0,1,0,other
2018,15.0,5.85,male,black,hs_graduate,1,0,0,0,1,emergency_shelter,1,0,0,1,0,0,0,1,0,disability
2018,48.0,4.72,male,black,hs_graduate,1,0,0,0,1,emergency_shelter,0,0,0,1,0,0,0,1,0,other
2018,49.6,30.0,male,black,hs_graduate,1,0,0,0,1,emergency_shelter,0,0,0,1,0,0,0,0,0,disability
2018,60.2,3.94,male,black,hs_graduate,1,0,0,0,1,emergency_shelter,0,0,0,0,0,0,0,0,0,welfare
2018,33.9,30.0,male,black,hs_graduate,1,0,0,0,1,emergency_shelter,0,0,0,0,0,0,0,0,0,other
2018,68.0,5.31,male,black,hs_graduate,1,0,0,0,1,emergency_shelter,0,0,0,0,0,0,0,0,0,welfare
2018,40.1,30.0,male,black,hs_graduate,1,0,0,0,1,emergency_shelter,0,0,0,0,0,0,0,1,0,welfare
2018,37.6,13.23,male,black,hs_graduate,1,0,0,0,1,emergency_shelter,0,0,0,0,0,1,0,1,0,welfare
2018,34.3,20.13,male,black,hs_graduate,1,0,0,0,1,respite,0,0,1,0,0,0,0,0,0,disability
2018,59.0,1.65,male,black,hs_graduate,1,0,0,0,1,emergency_shelter,0,0,0,0,0,0,0,0,0,disability
2018,29.1,7.81,male,black,hs_graduate,1,0,0,0,1,respite,0,0,0,0,0,0,0,0,0,disability
2018,53.2,1.92,male,black,hs_graduate,1,0,0,0,1,emergency_shelter,0,0,0,0,0,0,0,1,0,disability
2018,33.1,3.26,male,black,hs_graduate,1,0,0,0,1,emergency_shelter,0,0,0,0,0,1,0,1,0,other
2018,45.7,4.15,male,black,hs_graduate,1,0,0,0,0,emergency_shelter,0,0,0,0,1,0,0,0,0,other
2018,38.0,0.09,male,black,hs_graduate,1,0,0,0,0,emergency_shelter,0,0,0,1,1,0,0,0,0,employment
2018,49.4,5.54,male,black,hs_graduate,0,1,1,0,1,emergency_shelter,0,0,0,1,1,0,0,1,0,other
2018,30.6,2.38,male,black,hs_graduate,0,1,1,0,1,emergency_shelter,0,0,0,0,0,0,0,1,0,disability
2018,50.8,29.22,male,black,hs_graduate,0,1,1,0,1,emergency_shelter,0,0,0,1,0,1,0,0,0,disability
2018,46.8,10.59,male,black,hs_graduate,0,1,1,0,1,emergency_shelter,0,0,0,1,0,0,0,1,0,welfare
2018,46.3,2.12,male,black,hs_graduate,0,1,1,0,1,emergency_shelter,0,0,0,1,0,0,1,1,0,employment
2018,49.9,11.67,male,black,hs_graduate,0,1,1,0,1,other,0,0,0,1,0,1,0,0,0,disability
2018,41.1,13.44,male,black,hs_graduate,0,1,1,0,1,emergency_shelter,0,0,0,0,0,0,0,0,0,welfare
2018,85.0,28.84,male,black,hs_graduate,0,1,1,0,1,other,0,0,0,1,0,0,0,0,0,other
2018,51.0,2.56,male,black,hs_graduate,0,1,1,0,1,emergency_shelter,0,0,0,1,0,0,0,1,0,welfare
2018,45.9,30.0,male,black,hs_graduate,0,1,1,0,1,emergency_shelter,0,0,0,1,1,0,0,0,0,disability
2018,54.8,2.0,male,black,hs_graduate,0,1,1,0,1,emergency_shelter,0,0,0,0,0,0,1,0,0,employment
2018,37.1,8.18,male,black,hs_graduate,0,1,1,0,1,emergency_shelter,0,0,0,0,0,0,0,0,0,welfare
2018,36.6,9.85,male,black,hs_graduate,0,1,1,0,1,emergency_shelter,0,0,0,1,0,0,0,0,0,welfare
2018,55.6,4.71,male,black,hs_graduate,0,1,1,0,1,emergency_shelter,0,0,0,1,0,0,0,0,0,other
2018,56.8,5.56,male,black,hs_graduate,0,1,1,0,1,emergency_shelter,0,0,0,0,0,0,0,0,0,other
2018,61.1,29.73,male,black,hs_graduate,0,1,1,0,1,emergency_shelter,0,0,0,1,0,0,0,1,1,other
2018,59.0,4.15,male,black,hs_graduate,0,1,1,0,0,emergency_shelter,0,0,0,0,0,0,0,1,1,welfare
2018,59.2,8.0,male,black,hs_graduate,0,1,1,0,0,emergency_shelter,0,0,1,1,1,1,0,1,0,welfare
2018,49.1,14.23,male,black,hs_graduate,0,1,0,0,1,emergency_shelter,0,0,0,1,0,0,0,0,0,welfare
2018,62.9,1.9,male,black,hs_graduate,0,1,0,0,1,emergency_shelter,0,0,0,1,1,1,1,0,0,welfare
2018,21.9,5.84,male,black,hs_graduate,0,1,0,0,1,emergency_shelter,1,0,0,1,0,0,0,0,0,disability
2018,39.2,4.74,male,black,hs_graduate,0,1,0,0,1,emergency_shelter,0,0,0,1,1,0,0,0,0,welfare
2018,49.4,9.89,male,black,hs_graduate,0,1,0,0,1,emergency_shelter,0,0,0,1,0,0,0,0,1,disability
2018,32.6,30.0,male,black,hs_graduate,0,1,0,0,1,emergency_shelter,0,0,0,1,0,0,0,1,0,other
2018,20.2,30.0,male,black,hs_graduate,0,1,0,0,1,other,1,0,0,0,0,0,0,0,0,employment
2018,34.0,2.11,male,black,hs_graduate,0,1,0,0,1,emergency_shelter,0,0,0,1,1,0,0,0,0,informal
2018,36.4,2.91,male,black,hs_graduate,0,1,0,0,1,emergency_shelter,0,0,0,1,0,0,0,1,0,employment
2018,18.0,18.37,male,black,hs_graduate,0,1,0,0,1,emergency_shelter,1,0,0,1,0,0,0,0,0,welfare
2018,59.4,6.33,male,black,hs_graduate,0,1,0,0,1,emergency_shelter,0,0,0,0,0,0,0,1,1,disability
2018,66.2,5.21,male,black,hs_graduate,0,1,0,0,1,emergency_shelter,0,0,0,0,0,0,0,0,0,welfare
2018,44.8,11.93,male,black,hs_graduate,0,1,0,0,1,emergency_shelter,0,0,0,1,0,0,0,0,1,disability
2018,54.6,8.21,male,black,hs_graduate,0,1,0,0,1,emergency_shelter,0,0,0,1,0,0,0,0,0,welfare
2018,23.7,30.0,male,black,hs_graduate,0,1,0,0,1,emergency_shelter,1,0,0,1,0,0,0,1,0,disability
2018,39.4,5.14,male,black,hs_graduate,0,1,0,0,0,emergency_shelter,0,0,0,0,1,0,0,0,0,welfare
2018,42.3,5.16,male,black,hs_graduate,0,0,1,0,1,emergency_shelter,0,0,1,0,0,0,0,1,1,informal
2018,32.4,25.76,male,black,hs_graduate,0,0,1,0,1,emergency_shelter,0,0,0,1,0,0,0,1,0,welfare
2018,15.3,27.2,male,black,hs_graduate,0,0,1,0,1,emergency_shelter,1,0,0,1,1,0,0,0,1,disability
2018,52.4,3.76,male,black,hs_graduate,0,0,1,0,1,emergency_shelter,0,0,0,0,0,0,0,1,0,welfare
2018,55.2,1.56,male,black,hs_graduate,0,0,1,0,1,respite,0,0,1,1,1,0,0,1,0,other
2018,28.3,2.11,male,black,hs_graduate,0,0,1,0,1,emergency_shelter,0,0,1,1,0,0,1,0,0,welfare
2018,65.1,4.03,male,black,hs_graduate,0,0,1,0,1,emergency_shelter,0,0,0,1,0,0,0,0,0,disability
2018,25.1,7.29,male,black,hs_graduate,0,0,1,0,1,emergency_shelter,0,0,0,1,0,0,0,1,0,employment
2018,54.3,9.84,male,black,hs_graduate,0,0,1,0,1,emergency_shelter,0,0,0,0,0,0,0,0,0,welfare
2018,55.0,3.62,male,black,hs_graduate,0,0,1,0,1,emergency_shelter,0,0,0,0,0,0,0,0,1,disability
2018,59.4,10.21,male,black,hs_graduate,0,0,1,0,1,emergency_shelter,0,0,0,0,0,0,0,0,0,welfare
2018,16.8,30.0,male,black,hs_graduate,0,0,1,0,1,emergency_shelter,1,0,0,0,0,0,0,0,0,welfare
2018,39.3,2.82,male,black,hs_graduate,0,0,0,1,1,outdoor,0,0,0,1,0,1,0,1,0,disability
2018,34.0,5.31,male,black,hs_graduate,0,0,0,1,1,outdoor,0,0,0,0,0,0,0,1,0,welfare
2018,31.1,1.68,male,black,hs_graduate,0,0,0,1,1,outdoor,0,0,1,0,0,0,0,0,0,informal
2018,50.7,30.0,male,black,hs_graduate,0,0,0,1,1,outdoor,0,0,0,1,0,0,0,0,0,employment
2018,60.0,2.09,male,black,hs_graduate,0,0,0,1,1,outdoor,0,0,0,0,0,0,0,0,0,disability
2018,29.7,15.92,male,black,hs_graduate,0,0,0,1,1,outdoor,0,0,0,1,0,0,0,0,0,welfare
2018,34.7,20.18,male,black,hs_graduate,0,0,0,1,1,outdoor,0,0,0,1,0,1,0,0,0,disability
2018,48.0,30.0,male,black,hs_graduate,0,0,0,1,1,outdoor,0,0,0,1,0,0,0,1,0,other
2018,28.8,4.84,male,black,hs_graduate,0,0,0,1,1,outdoor,0,0,0,0,0,0,0,0,0,other
2018,47.8,26.34,male,black,hs_graduate,0,0,0,1,1,outdoor,0,0,0,0,1,1,0,0,0,other
2018,34.4,3.27,male,black,hs_graduate,0,0,0,0,1,emergency_shelter,0,0,0,0,0,0,0,1,0,welfare
2018,43.9,4.68,male,black,hs_graduate,0,0,0,0,1,emergency_shelter,0,0,0,0,0,0,0,0,0,welfare
2018,61.8,10.12,male,black,hs_graduate,0,0,0,0,1,emergency_shelter,0,0,0,1,0,0,0,0,0,other
2018,70.2,2.44,male,black,hs_graduate,0,0,0,0,1,emergency_shelter,0,0,0,0,0,0,0,0,0,disability
2018,52.7,3.91,male,black,hs_graduate,0,0,0,0,1,emergency_shelter,0,0,0,1,0,0,1,0,0,disability
2018,36.2,16.01,male,black,hs_graduate,0,0,0,0,1,emergency_shelter,0,0,0,0,0,0,0,0,0,welfare
2018,44.9,9.41,male,black,hs_graduate,0,0,0,0,1,emergency_shelter,0,0,1,0,0,0,0,0,0,other
2018,43.0,3.56,male,black,hs_graduate,0,0,0,0,1,emergency_shelter,0,0,0,0,0,0,1,0,0,welfare
2018,42.3,10.1,male,black,hs_graduate,0,0,0,0,1,emergency_shelter,0,0,0,1,0,0,0,0,0,welfare
2018,40.8,14.84,male,black,hs_graduate,0,0,0,0,1,emergency_shelter,0,0,0,1,0,0,0,0,0,welfare
2018,30.9,7.96,male,black,hs_graduate,0,0,0,0,1,emergency_shelter,0,0,0,1,0,0,0,0,0,welfare
2018,58.1,2.7,male,black,hs_graduate,0,0,0,0,1,emergency_shelter,0,0,0,1,0,0,1,1,0,disability
2018,56.5,1.0,male,black,hs_graduate,0,0,0,0,1,emergency_shelter,0,0,0,0,0,1,0,1,1,welfare
2018,44.7,17.59,male,black,hs_graduate,0,0,0,0,1,emergency_shelter,0,0,0,1,0,0,0,1,0,welfare
2018,62.0,19.43,male,black,hs_graduate,0,0,0,0,1,respite,0,0,0,1,1,1,0,0,0,welfare
2018,52.7,11.37,male,black,hs_graduate,0,0,0,0,1,emergency_shelter,0,0,0,1,0,0,0,0,0,welfare
2018,28.8,1.46,male,black,hs_graduate,0,0,0,0,1,emergency_shelter,0,0,0,1,0,0,0,0,0,welfare
2018,39.4,7.78,male,black,hs_graduate,0,0,0,0,1,emergency_shelter,0,0,0,1,0,0,0,0,0,other
2018,65.1,19.26,male,black,hs_graduate,0,0,0,0,1,emergency_shelter,0,0,0,0,0,0,0,0,0,welfare
2018,39.4,4.31,male,black,hs_graduate,0,0,0,0,1,emergency_shelter,0,0,0,1,0,0,0,0,0,welfare
2018,34.7,2.35,male,black,hs_graduate,0,0,0,0,1,emergency_shelter,0,0,0,1,0,0,0,0,0,informal
2018,54.5,7.84,male,black,hs_graduate,0,0,0,0,1,emergency_shelter,0,0,1,0,0,0,0,1,0,other
2018,40.5,19.8,male,black,hs_graduate,0,0,0,0,1,emergency_shelter,0,0,0,1,0,0,0,0,0,welfare
2018,52.3,1.29,male,black,hs_graduate,0,0,0,0,1,emergency_shelter,0,0,0,0,0,0,0,0,0,disability
2018,43.9,8.08,male,black,hs_graduate,0,0,0,0,1,emergency_shelter,0,0,1,1,0,0,0,1,0,employment
2018,33.2,9.4,male,black,hs_graduate,0,0,0,0,1,emergency_shelter,0,0,0,0,0,0,0,0,0,disability
2018,15.4,0.4,male,black,hs_graduate,0,0,0,0,0,emergency_shelter,1,0,0,1,0,0,0,0,0,disability
2018,30.7,5.64,male,black,hs_graduate,0,0,0,0,0,respite,0,0,0,1,0,0,0,0,0,welfare
2018,16.6,4.86,male,black,hs_graduate,0,0,0,0,0,emergency_shelter,1,0,0,1,0,1,0,0,0,informal
2018,54.5,5.84,male,black,hs_graduate,0,0,0,0,0,emergency_shelter,0,0,0,1,0,0,0,1,0,welfare
2018,55.6,0.72,male,black,hs_graduate,0,0,0,0,0,emergency_shelter,0,0,0,0,0,0,0,0,0,disability
2018,37.2,1.08,male,black,hs_graduate,0,0,0,0,0,emergency_shelter,0,0,0,0,1,1,0,0,0,disability
2018,44.3,1.19,male,black,hs_graduate,0,0,0,0,0,emergency_shelter,0,0,0,0,0,0,0,0,0,welfare
2018,56.4,2.41,male,black,hs_graduate,0,0,0,0,0,emergency_shelter,0,0,0,0,0,0,1,0,1,welfare
2018,52.4,0.49,male,black,hs_graduate,0,0,0,0,0,emergency_shelter,0,0,0,0,1,0,0,0,0,other
2018,69.5,1.65,male,black,hs_graduate,0,0,0,0,0,emergency_shelter,0,0,0,0,0,1,0,1,0,other
2018,45.0,0.68,male,black,hs_graduate,0,0,0,0,0,respite,0,0,0,1,0,0,0,1,0,other
2018,61.7,1.05,male,black,hs_graduate,0,0,0,0,0,emergency_shelter,0,0,0,1,0,0,0,0,0,welfare
2018,36.4,18.31,male,black,some_post_sec,1,0,0,0,1,emergency_shelter,0,0,0,0,0,0,0,0,0,welfare
2018,38.9,6.03,male,black,some_post_sec,1,0,0,0,1,other,0,0,0,1,0,0,0,0,0,disability
2018,35.6,11.41,male,black,some_post_sec,1,0,0,0,1,respite,0,0,0,1,1,0,0,0,0,disability
2018,54.0,5.2,male,black,some_post_sec,1,0,0,0,1,emergency_shelter,0,0,0,0,0,0,0,0,0,disability
2018,49.7,2.69,male,black,some_post_sec,1,0,0,0,1,emergency_shelter,0,0,0,1,0,0,0,0,0,disability
2018,29.7,30.0,male,black,some_post_sec,1,0,0,0,1,emergency_shelter,0,0,0,0,0,0,0,0,0,disability
2018,52.3,7.32,male,black,some_post_sec,1,0,0,0,1,emergency_shelter,0,0,0,0,0,0,0,0,0,other
2018,69.5,1.83,male,black,some_post_sec,1,0,0,0,1,emergency_shelter,0,0,0,1,0,0,0,0,0,welfare
2018,35.2,4.53,male,black,some_post_sec,1,0,0,0,1,emergency_shelter,0,0,1,0,0,0,0,1,1,informal
2018,34.4,3.59,male,black,some_post_sec,1,0,0,0,1,emergency_shelter,0,0,0,0,0,0,0,0,1,other
2018,58.9,1.17,male,black,some_post_sec,0,1,1,0,1,respite,0,0,1,0,0,0,0,1,0,other
2018,58.9,12.12,male,black,some_post_sec,0,1,1,0,1,emergency_shelter,0,0,0,1,0,1,0,1,1,other
2018,43.1,24.34,male,black,some_post_sec,0,1,1,0,1,emergency_shelter,0,0,0,1,0,0,0,1,0,welfare
2018,48.3,9.99,male,black,some_post_sec,0,1,1,0,1,respite,0,0,1,1,0,0,0,0,0,welfare
2018,43.0,1.18,male,black,some_post_sec,0,1,1,0,1,emergency_shelter,0,0,0,0,0,0,0,0,0,welfare
2018,43.8,23.72,male,black,some_post_sec,0,1,1,0,1,respite,0,0,0,1,0,0,0,0,0,informal
2018,34.0,12.97,male,black,some_post_sec,0,1,1,0,1,emergency_shelter,0,0,0,0,0,0,0,1,0,other
2018,48.3,4.17,male,black,some_post_sec,0,1,1,0,1,emergency_shelter,0,0,0,1,0,0,0,0,1,other
2018,50.2,3.59,male,black,some_post_sec,0,1,1,0,1,emergency_shelter,0,0,0,0,0,0,0,0,1,welfare
2018,58.2,5.64,male,black,some_post_sec,0,1,1,0,1,respite,0,0,0,1,0,0,0,0,1,welfare
2018,47.4,30.0,male,black,some_post_sec,0,1,0,0,1,emergency_shelter,0,0,0,0,0,1,0,0,0,other
2018,46.2,1.99,male,black,some_post_sec,0,1,0,0,1,emergency_shelter,0,0,0,1,0,0,0,1,0,other
2018,30.8,24.44,male,black,some_post_sec,0,1,0,0,1,other,0,0,0,1,1,0,0,1,1,welfare
2018,52.3,4.73,male,black,some_post_sec,0,1,0,0,1,emergency_shelter,0,0,0,1,0,0,0,0,0,welfare
2018,42.5,12.97,male,black,some_post_sec,0,1,0,0,1,respite,0,0,0,0,0,0,0,0,0,informal
2018,17.1,3.22,male,black,some_post_sec,0,1,0,0,1,emergency_shelter,1,0,0,1,0,0,0,1,0,welfare
2018,54.1,3.65,male,black,some_post_sec,0,1,0,0,1,emergency_shelter,0,0,0,0,0,0,0,0,0,informal
2018,46.8,1.16,male,black,some_post_sec,0,1,0,0,1,emergency_shelter,0,0,0,1,0,0,0,1,0,disability
2018,65.6,30.0,male,black,some_post_sec,0,1,0,0,1,emergency_shelter,0,0,1,1,0,0,0,1,0,welfare
2018,32.3,10.33,male,black,some_post_sec,0,0,1,0,1,respite,0,0,0,0,0,0,0,0,0,welfare
2018,15.0,12.6,male,black,some_post_sec,0,0,1,0,1,emergency_shelter,1,0,0,1,0,0,0,1,0,welfare
2018,36.6,14.16,male,black,some_post_sec,0,0,1,0,1,emergency_shelter,0,0,0,1,0,0,0,0,0,disability
2018,34.7,1.22,male,black,some_post_sec,0,0,1,0,1,emergency_shelter,0,0,0,0,0,0,0,0,0,disability
2018,30.6,4.37,male,black,some_post_sec,0,0,1,0,1,emergency_shelter,0,0,0,0,0,0,0,1,0,other
2018,47.0,15.41,male,black,some_post_sec,0,0,1,0,1,emergency_shelter,0,0,0,1,1,0,0,1,0,employment
2018,23.8,12.05,male,black,some_post_sec,0,0,0,1,1,outdoor,1,0,0,0,0,1,0,0,0,employment
2018,29.4,4.06,male,black,some_post_sec,0,0,0,1,1,outdoor,0,0,0,1,0,0,0,1,0,welfare
2018,15.0,6.93,male,black,some_post_sec,0,0,0,1,1,outdoor,1,0,0,1,0,0,0,0,0,welfare
2018,31.5,3.32,male,black,some_post_sec,0,0,0,1,1,outdoor,0,0,0,1,0,0,0,0,0,other
2018,15.0,2.71,male,black,some_post_sec,0,0,0,0,1,emergency_shelter,1,0,0,1,0,0,0,1,0,welfare
2018,61.5,15.47,male,black,some_post_sec,0,0,0,0,1,emergency_shelter,0,0,0,0,0,0,0,0,0,welfare
2018,22.4,1.78,male,black,some_post_sec,0,0,0,0,1,emergency_shelter,1,0,0,1,0,0,0,0,0,welfare
2018,69.5,2.87,male,black,some_post_sec,0,0,0,0,1,emergency_shelter,0,0,0,1,0,0,0,0,0,other
2018,43.3,30.0,male,black,some_post_sec,0,0,0,0,1,emergency_shelter,0,0,0,1,1,0,0,1,0,employment
2018,63.4,19.55,male,black,some_post_sec,0,0,0,0,1,other,0,0,0,0,0,0,0,0,0,employment
2018,48.2,15.95,male,black,some_post_sec,0,0,0,0,1,other,0,0,0,0,0,1,0,0,0,other
2018,38.0,24.73,male,black,some_post_sec,0,0,0,0,1,other,0,0,0,1,0,0,0,0,0,welfare
2018,15.0,13.9,male,black,some_post_sec,0,0,0,0,1,emergency_shelter,1,0,0,0,0,0,0,0,0,welfare
2018,28.8,1.76,male,black,some_post_sec,0,0,0,0,1,other,0,0,0,0,0,0,0,0,0,disability
2018,53.9,6.3,male,black,some_post_sec,0,0,0,0,1,emergency_shelter,0,0,0,0,1,0,0,0,0,welfare
2018,65.9,5.07,male,black,some_post_sec,0,0,0,0,1,respite,0,0,0,0,0,0,0,0,0,employment
2018,24.7,3.4,male,black,some_post_sec,0,0,0,0,1,respite,1,0,0,0,0,0,0,0,1,disability
2018,43.6,20.65,male,black,some_post_sec,0,0,0,0,1,respite,0,0,0,1,0,0,0,1,0,welfare
2018,38.2,5.38,male,black,some_post_sec,0,0,0,0,1,respite,0,0,0,1,0,0,0,1,0,other
2018,50.2,1.36,male,black,some_post_sec,0,0,0,0,1,emergency_shelter,0,0,0,1,0,0,0,0,0,disability
2018,45.6,3.03,male,black,some_post_sec,0,0,0,0,1,emergency_shelter,0,0,0,0,0,0,0,0,0,disability
2018,39.2,2.61,male,black,some_post_sec,0,0,0,0,1,emergency_shelter,0,0,0,1,0,0,0,0,0,disability
2018,53.3,28.97,male,black,some_post_sec,0,0,0,0,1,emergency_shelter,0,0,0,0,0,0,0,1,0,informal
2018,34.7,9.53,male,black,some_post_sec,0,0,0,0,1,emergency_shelter,0,0,0,1,0,0,0,1,1,welfare
2018,41.6,2.96,male,black,some_post_sec,0,0,0,0,0,emergency_shelter,0,0,0,0,0,0,0,1,1,welfare
2018,78.8,6.1,male,black,some_post_sec,0,0,0,0,0,emergency_shelter,0,0,0,1,0,0,0,0,0,other
2018,29.0,1.04,male,black,some_post_sec,0,0,0,0,0,emergency_shelter,0,0,0,0,0,0,0,0,0,disability
2018,50.4,0.8,male,black,some_post_sec,0,0,0,0,0,emergency_shelter,0,0,0,1,1,0,0,0,0,welfare
2018,43.6,8.0,male,black,some_post_sec,0,0,0,0,0,emergency_shelter,0,0,0,1,0,0,0,1,1,disability
2018,57.2,4.02,male,black,some_post_sec,0,0,0,0,0,emergency_shelter,0,0,0,0,0,0,0,0,0,disability
2018,53.3,9.69,male,black,post_sec_higher,1,1,1,0,1,emergency_shelter,0,0,1,0,1,1,0,0,0,disability
2018,71.1,28.18,male,black,post_sec_higher,1,1,1,0,1,emergency_shelter,0,0,0,0,0,0,0,0,0,employment
2018,15.0,7.11,male,black,post_sec_higher,1,1,1,0,1,emergency_shelter,1,0,0,1,0,0,0,1,0,welfare
2018,50.3,8.9,male,black,post_sec_higher,1,1,1,0,1,emergency_shelter,0,0,0,0,1,1,0,0,0,disability
2018,46.1,27.89,male,black,post_sec_higher,1,1,0,0,1,emergency_shelter,0,0,0,1,0,0,0,1,1,disability
2018,47.2,30.0,male,black,post_sec_higher,1,1,0,0,1,emergency_shelter,0,0,0,1,0,0,0,0,0,disability
2018,64.1,1.96,male,black,post_sec_higher,1,1,0,0,1,emergency_shelter,0,0,0,0,0,0,0,0,0,disability
2018,55.6,19.79,male,black,post_sec_higher,1,0,0,0,1,emergency_shelter,0,0,0,0,0,0,0,0,0,disability
2018,36.1,30.0,male,black,post_sec_higher,1,0,0,0,1,emergency_shelter,0,0,1,0,0,0,0,0,0,disability
2018,15.0,7.62,male,black,post_sec_higher,1,0,0,0,1,emergency_shelter,1,0,0,1,0,0,0,1,0,other
2018,59.8,1.35,male,black,post_sec_higher,1,0,0,0,1,emergency_shelter,0,0,0,0,0,0,0,0,0,welfare
2018,15.9,15.86,male,black,post_sec_higher,1,0,0,0,1,emergency_shelter,1,0,1,0,1,1,0,0,0,welfare
2018,74.8,1.45,male,black,post_sec_higher,1,0,0,0,1,emergency_shelter,0,0,0,0,0,0,0,0,0,informal
2018,24.2,6.76,male,black,post_sec_higher,1,0,0,0,1,emergency_shelter,1,0,0,1,0,0,0,0,1,welfare
2018,44.6,3.06,male,black,post_sec_higher,1,0,0,0,1,emergency_shelter,0,0,0,1,0,0,0,0,0,welfare
2018,47.6,30.0,male,black,post_sec_higher,1,0,0,0,1,emergency_shelter,0,0,0,0,0,0,0,1,0,welfare
2018,49.5,5.18,male,black,post_sec_higher,1,0,0,0,1,emergency_shelter,0,0,1,1,1,0,0,0,0,welfare
2018,48.9,30.0,male,black,post_sec_higher,1,0,0,0,1,emergency_shelter,0,0,0,1,0,0,0,0,1,other
2018,46.2,3.27,male,black,post_sec_higher,1,0,0,0,1,emergency_shelter,0,0,0,0,0,0,0,0,0,disability
2018,38.3,4.28,male,black,post_sec_higher,1,0,0,0,1,emergency_shelter,0,0,0,1,0,0,0,0,0,disability
2018,41.3,30.0,male,black,post_sec_higher,1,0,0,0,1,respite,0,0,0,1,0,0,0,0,0,disability
2018,47.4,1.88,male,black,post_sec_higher,0,1,1,0,1,emergency_shelter,0,0,0,0,0,0,0,0,1,other
2018,31.5,1.26,male,black,post_sec_higher,0,1,1,0,1,emergency_shelter,0,0,0,0,0,1,0,0,0,welfare
2018,40.3,1.08,male,black,post_sec_higher,0,1,1,0,1,emergency_shelter,0,0,0,1,0,0,0,0,0,other
2018,46.6,3.54,male,black,post_sec_higher,0,1,1,0,1,emergency_shelter,0,0,0,1,1,0,1,0,0,welfare
2018,44.0,1.45,male,black,post_sec_higher,0,1,1,0,1,respite,0,0,0,1,0,0,0,1,0,welfare
2018,38.6,17.67,male,black,post_sec_higher,0,1,1,0,1,emergency_shelter,0,0,0,1,0,0,1,0,0,welfare
2018,37.3,30.0,male,black,post_sec_higher,0,1,1,0,1,other,0,0,0,1,1,0,0,1,1,welfare
2018,50.5,1.37,male,black,post_sec_higher,0,1,1,0,1,emergency_shelter,0,0,0,1,1,0,0,0,0,welfare
2018,50.8,4.9,male,black,post_sec_higher,0,1,1,0,1,emergency_shelter,0,0,0,0,1,1,0,1,0,employment
2018,58.3,1.15,male,black,post_sec_higher,0,1,1,0,1,other,0,0,0,1,0,0,0,1,1,welfare
2018,47.1,1.86,male,black,post_sec_higher,0,1,1,0,1,emergency_shelter,0,0,0,1,0,0,0,1,0,disability
2018,15.3,3.52,male,black,post_sec_higher,0,1,1,0,1,emergency_shelter,1,0,0,1,0,0,0,1,0,welfare
2018,77.4,4.37,male,black,post_sec_higher,0,1,1,0,1,emergency_shelter,0,0,0,0,0,0,0,0,0,welfare
2018,44.3,30.0,male,black,post_sec_higher,0,1,1,0,1,emergency_shelter,0,0,0,0,0,0,0,0,1,other
2018,37.1,2.14,male,black,post_sec_higher,0,1,0,0,1,emergency_shelter,0,0,0,0,1,0,0,1,0,other
2018,47.7,7.99,male,black,post_sec_higher,0,1,0,0,1,respite,0,0,0,0,0,0,0,1,1,welfare
2018,35.8,15.73,male,black,post_sec_higher,0,1,0,0,1,emergency_shelter,0,0,0,1,0,0,0,0,0,disability
2018,37.7,3.41,male,black,post_sec_higher,0,1,0,0,1,emergency_shelter,0,0,0,1,0,0,0,0,0,other
2018,45.8,1.15,male,black,post_sec_higher,0,1,0,0,1,emergency_shelter,0,0,0,1,1,0,0,0,0,disability
2018,37.3,2.48,male,black,post_sec_higher,0,1,0,0,1,emergency_shelter,0,0,0,1,0,0,0,0,1,welfare
2018,29.6,10.76,male,black,post_sec_higher,0,1,0,0,1,emergency_shelter,0,0,0,0,0,0,0,1,0,disability
2018,20.3,30.0,male,black,post_sec_higher,0,1,0,0,1,emergency_shelter,1,0,0,0,0,0,0,1,0,employment
2018,49.1,1.08,male,black,post_sec_higher,0,1,0,0,1,other,0,0,0,1,0,0,0,0,0,welfare
2018,37.2,3.35,male,black,post_sec_higher,0,1,0,0,1,emergency_shelter,0,0,0,1,0,0,1,0,0,employment
2018,21.1,1.37,male,black,post_sec_higher,0,1,0,0,1,emergency_shelter,1,0,0,1,0,0,0,1,1,other
2018,61.8,3.45,male,black,post_sec_higher,0,1,0,0,1,respite,0,0,0,0,0,0,0,0,0,welfare
2018,45.8,5.41,male,black,post_sec_higher,0,0,1,0,1,emergency_shelter,0,0,0,0,0,0,0,1,1,welfare
2018,33.1,30.0,male,black,post_sec_higher,0,0,1,0,1,emergency_shelter,0,0,0,1,0,0,0,1,0,employment
2018,31.0,30.0,male,black,post_sec_higher,0,0,1,0,1,emergency_shelter,0,0,0,1,0,0,0,0,0,disability
2018,57.9,30.0,male,black,post_sec_higher,0,0,1,0,1,respite,0,0,0,1,1,0,0,0,0,welfare
2018,59.4,30.0,male,black,post_sec_higher,0,0,1,0,1,emergency_shelter,0,0,1,0,0,0,0,0,1,welfare
2018,58.9,30.0,male,black,post_sec_higher,0,0,1,0,1,emergency_shelter,0,0,0,0,1,0,0,1,0,welfare
2018,55.5,19.15,male,black,post_sec_higher,0,0,1,0,1,emergency_shelter,0,0,0,1,1,0,0,0,0,welfare
2018,50.7,11.26,male,black,post_sec_higher,0,0,1,0,1,emergency_shelter,0,0,0,1,0,0,0,0,0,welfare
2018,50.4,1.14,male,black,post_sec_higher,0,0,1,0,1,emergency_shelter,0,0,0,0,0,0,0,0,0,welfare
2018,46.3,1.84,male,black,post_sec_higher,0,0,1,0,1,respite,0,0,0,1,0,0,0,0,0,welfare
2018,62.2,30.0,male,black,post_sec_higher,0,0,0,1,1,outdoor,0,0,0,1,0,0,0,0,0,welfare
2018,30.0,2.64,male,black,post_sec_higher,0,0,0,1,1,outdoor,0,0,0,0,0,0,0,0,0,other
2018,44.4,1.93,male,black,post_sec_higher,0,0,0,1,1,outdoor,0,0,0,0,0,0,0,0,0,welfare
2018,18.3,12.57,male,black,post_sec_higher,0,0,0,1,1,outdoor,1,0,0,0,0,0,1,0,0,disability
2018,39.0,1.25,male,black,post_sec_higher,0,0,0,1,1,outdoor,0,0,0,0,0,0,0,0,0,welfare
2018,49.4,5.73,male,black,post_sec_higher,0,0,0,1,1,outdoor,0,0,0,0,0,1,0,0,0,welfare
2018,56.3,17.06,male,black,post_sec_higher,0,0,0,1,1,outdoor,0,0,0,0,0,0,0,1,1,disability
2018,45.4,7.2,male,black,post_sec_higher,0,0,0,1,1,outdoor,0,0,0,1,0,0,0,0,0,welfare
2018,43.6,7.88,male,black,post_sec_higher,0,0,0,0,1,emergency_shelter,0,0,0,0,0,0,0,1,0,welfare
2018,25.2,1.92,male,black,post_sec_higher,0,0,0,0,1,emergency_shelter,0,0,1,1,0,0,0,0,0,welfare
2018,47.1,4.51,male,black,post_sec_higher,0,0,0,0,1,emergency_shelter,0,0,0,1,1,0,0,0,1,other
2018,54.3,1.19,male,black,post_sec_higher,0,0,0,0,1,other,0,0,0,0,0,0,0,1,0,other
2018,31.5,2.5,male,black,post_sec_higher,0,0,0,0,1,emergency_shelter,0,0,0,0,1,0,0,0,1,disability
2018,61.8,1.45,male,black,post_sec_higher,0,0,0,0,1,emergency_shelter,0,0,1,0,1,0,0,1,0,welfare
2018,36.1,4.29,male,black,post_sec_higher,0,0,0,0,1,respite,0,0,0,1,0,0,0,0,0,welfare
2018,33.8,21.71,male,black,post_sec_higher,0,0,0,0,1,emergency_shelter,0,0,0,0,1,1,0,0,0,employment
2018,19.5,4.16,male,black,post_sec_higher,0,0,0,0,1,emergency_shelter,1,0,0,0,1,0,0,1,0,disability
2018,48.2,20.38,male,black,post_sec_higher,0,0,0,0,1,emergency_shelter,0,0,0,0,0,0,0,0,0,disability
2018,69.8,9.83,male,black,post_sec_higher,0,0,0,0,1,emergency_shelter,0,0,0,1,0,0,0,1,0,disability
2018,49.5,6.17,male,black,post_sec_higher,0,0,0,0,1,respite,0,0,0,1,0,0,0,0,0,informal
2018,34.1,2.68,male,black,post_sec_higher,0,0,0,0,1,emergency_shelter,0,0,0,1,0,0,0,0,0,disability
2018,51.6,30.0,male,black,post_sec_higher,0,0,0,0,1,emergency_shelter,0,0,0,0,0,0,0,1,0,disability
2018,55.6,1.32,male,black,post_sec_higher,0,0,0,0,1,emergency_shelter,0,0,1,1,1,1,0,1,0,disability
2018,60.6,11.01,male,black,post_sec_higher,0,0,0,0,1,emergency_shelter,0,0,0,0,0,0,0,1,0,welfare
2018,27.1,8.74,male,black,post_sec_higher,0,0,0,0,1,emergency_shelter,0,0,0,1,0,0,0,0,0,disability
2018,66.1,5.03,male,black,post_sec_higher,0,0,0,0,1,emergency_shelter,0,0,0,0,0,1,0,0,0,disability
2018,47.4,2.71,male,black,post_sec_higher,0,0,0,0,1,emergency_shelter,0,0,0,1,0,0,0,0,0,employment
2018,68.9,4.87,male,black,post_sec_higher,0,0,0,0,1,emergency_shelter,0,0,0,1,0,0,0,0,0,employment
2018,46.6,26.1,male,black,post_sec_higher,0,0,0,0,1,emergency_shelter,0,0,1,1,1,1,0,1,0,welfare
2018,52.5,20.96,male,black,post_sec_higher,0,0,0,0,1,emergency_shelter,0,0,0,1,0,0,0,0,0,welfare
2018,31.1,30.0,male,black,post_sec_higher,0,0,0,0,1,emergency_shelter,0,0,0,0,0,0,0,0,0,disability
2018,55.2,0.32,male,black,post_sec_higher,0,0,0,0,0,respite,0,0,0,0,0,0,0,1,0,disability
2018,15.0,1.2,male,black,post_sec_higher,0,0,0,0,0,emergency_shelter,1,0,0,0,0,0,0,0,1,disability
2018,46.6,3.57,male,black,post_sec_higher,0,0,0,0,0,emergency_shelter,0,0,0,1,0,0,0,0,0,other
2018,15.0,0.5,male,black,post_sec_higher,0,0,0,0,0,other,1,0,0,1,0,0,0,1,0,disability
2018,47.7,3.85,male,black,post_sec_higher,0,0,0,0,0,emergency_shelter,0,0,0,0,0,0,0,0,0,other
2018,77.6,0.21,male,black,post_sec_higher,0,0,0,0,0,emergency_shelter,0,0,0,1,0,0,0,0,0,informal
2018,60.4,1.39,male,black,post_sec_higher,0,0,0,0,0,emergency_shelter,0,0,0,1,0,0,0,0,0,welfare
2018,45.0,6.38,male,black,post_sec_higher,0,0,0,0,0,respite,0,0,0,1,0,0,0,0,0,welfare
2018,32.2,5.06,male,black,post_sec_higher,0,0,0,0,0,emergency_shelter,0,0,0,0,0,0,0,1,0,welfare
2018,59.2,3.52,male,black,post_sec_higher,0,0,0,0,0,emergency_shelter,0,0,0,0,0,0,0,1,1,welfare
2018,53.3,6.23,male,white,less_than_hs,1,1,1,0,1,emergency_shelter,0,0,0,1,0,0,0,0,0,welfare
2018,42.1,3.97,male,white,less_than_hs,1,1,1,0,1,emergency_shelter,0,0,0,1,0,1,0,0,0,welfare
2018,42.6,24.74,male,white,less_than_hs,1,1,1,0,1,emergency_shelter,0,0,1,1,1,0,0,0,1,disability
2018,57.7,3.47,male,white,less_than_hs,1,1,1,0,1,emergency_shelter,0,0,0,0,0,0,0,1,0,welfare
2018,37.0,1.58,male,white,less_than_hs,1,1,1,0,1,emergency_shelter,0,0,0,1,0,0,1,1,0,welfare
2018,30.1,3.31,male,white,less_than_hs,1,1,1,0,1,respite,0,0,0,0,0,0,0,1,1,employment
2018,51.0,12.14,male,white,less_than_hs,1,1,1,0,1,other,0,0,0,0,0,0,0,0,0,other
2018,44.7,9.87,male,white,less_than_hs,1,1,1,0,1,emergency_shelter,0,0,0,0,0,0,0,1,0,disability
2018,65.1,1.24,male,white,less_than_hs,1,1,0,0,1,emergency_shelter,0,0,0,1,0,1,0,1,0,other
2018,35.2,3.65,male,white,less_than_hs,1,1,0,0,1,emergency_shelter,0,0,1,0,0,0,0,0,1,welfare
2018,67.3,8.87,male,white,less_than_hs,1,1,0,0,1,emergency_shelter,0,0,0,0,0,0,0,1,0,welfare
2018,52.9,16.82,male,white,less_than_hs,1,1,0,0,1,emergency_shelter,0,0,0,1,0,1,0,1,0,other
2018,34.0,6.89,male,white,less_than_hs,1,1,0,0,1,respite,0,0,0,1,1,0,0,0,0,other
2018,42.9,7.67,male,white,less_than_hs,1,1,0,0,1,emergency_shelter,0,0,0,0,0,0,0,0,0,employment
2018,45.6,19.11,male,white,less_than_hs,1,0,1,0,1,other,0,0,0,0,1,0,0,0,0,welfare
2018,36.0,4.61,male,white,less_than_hs,1,0,1,0,1,respite,0,0,0,1,0,0,0,1,1,disability
2018,39.1,3.8,male,white,less_than_hs,1,0,1,0,1,other,0,0,0,1,0,0,0,1,0,welfare
2018,47.3,1.67,male,white,less_than_hs,1,0,0,1,1,outdoor,0,0,0,0,0,1,0,1,0,other
2018,15.0,6.72,male,white,less_than_hs,1,0,0,1,1,outdoor,1,0,0,1,0,1,0,0,0,disability
2018,38.2,8.26,male,white,less_than_hs,1,0,0,0,1,emergency_shelter,0,0,0,1,0,0,0,0,0,disability
2018,60.5,30.0,male,white,less_than_hs,1,0,0,0,1,emergency_shelter,0,0,0,1,0,1,0,1,0,welfare
2018,25.6,3.94,male,white,less_than_hs,1,0,0,0,1,emergency_shelter,0,0,1,1,1,0,0,1,1,employment
2018,27.2,28.06,male,white,less_than_hs,1,0,0,0,1,emergency_shelter,0,0,0,1,1,0,1,1,1,employment
2018,21.2,1.96,male,white,less_than_hs,1,0,0,0,1,emergency_shelter,1,0,0,0,1,0,1,0,0,welfare
2018,39.0,30.0,male,white,less_than_hs,1,0,0,0,1,emergency_shelter,0,0,0,0,0,0,0,0,0,welfare
2018,20.7,3.83,male,white,less_than_hs,1,0,0,0,1,emergency_shelter,1,0,0,0,0,0,0,1,0,welfare
2018,21.9,4.19,male,white,less_than_hs,1,0,0,0,1,emergency_shelter,1,0,0,1,1,0,0,1,1,welfare
2018,41.2,5.36,male,white,less_than_hs,1,0,0,0,1,emergency_shelter,0,0,0,1,0,0,0,0,0,other
2018,48.8,12.28,male,white,less_than_hs,1,0,0,0,1,emergency_shelter,0,0,1,1,1,1,0,0,0,other
2018,31.6,12.34,male,white,less_than_hs,1,0,0,0,1,emergency_shelter,0,0,0,1,1,0,1,0,1,welfare
2018,49.5,5.64,male,white,less_than_hs,1,0,0,0,1,emergency_shelter,0,0,0,1,0,0,0,1,0,disability
2018,45.9,6.43,male,white,less_than_hs,1,0,0,0,1,emergency_shelter,0,0,0,0,0,0,0,0,0,employment
2018,52.0,1.17,male,white,less_than_hs,1,0,0,0,1,emergency_shelter,0,0,0,1,0,0,0,0,0,other
2018,29.8,3.33,male,white,less_than_hs,1,0,0,0,1,emergency_shelter,0,0,0,0,0,0,0,0,0,welfare
2018,72.2,3.78,male,white,less_than_hs,1,0,0,0,1,respite,0,0,0,1,0,0,0,0,0,other
2018,28.4,7.16,male,white,less_than_hs,1,0,0,0,1,emergency_shelter,0,0,0,0,0,0,0,0,0,welfare
2018,32.6,3.31,male,white,less_than_hs,1,0,0,0,0,emergency_shelter,0,0,0,1,0,0,0,0,1,other
2018,43.2,1.85,male,white,less_than_hs,1,0,0,0,0,emergency_shelter,0,0,0,0,0,0,0,1,0,disability
2018,17.6,7.12,male,white,less_than_hs,1,0,0,0,0,emergency_shelter,1,0,0,1,1,0,0,0,1,welfare
2018,70.1,2.53,male,white,less_than_hs,0,1,1,1,1,outdoor,0,0,0,0,0,1,0,0,1,welfare
2018,38.0,30.0,male,white,less_than_hs,0,1,1,0,1,emergency_shelter,0,0,0,0,1,0,0,1,1,other
2018,39.1,1.57,male,white,less_than_hs,0,1,1,0,1,emergency_shelter,0,0,0,1,0,0,0,0,1,welfare
2018,44.8,7.05,male,white,less_than_hs,0,1,1,0,1,emergency_shelter,0,0,0,1,0,0,0,1,0,disability
2018,47.7,11.28,male,white,less_than_hs,0,1,1,0,1,emergency_shelter,0,0,0,1,0,0,0,0,0,other
2018,48.8,3.05,male,white,less_than_hs,0,1,1,0,1,emergency_shelter,0,0,0,1,0,0,0,1,0,welfare
2018,60.5,7.42,male,white,less_than_hs,0,1,1,0,1,emergency_shelter,0,0,0,0,0,0,0,0,0,disability
2018,29.0,12.14,male,white,less_than_hs,0,1,1,0,1,emergency_shelter,0,0,0,1,0,0,0,1,0,welfare
2018,52.4,21.07,male,white,less_than_hs,0,1,1,0,1,emergency_shelter,0,0,0,0,0,0,0,1,0,welfare
2018,55.0,5.2,male,white,less_than_hs,0,1,1,0,1,emergency_shelter,0,0,0,1,0,0,0,1,1,welfare
2018,58.2,13.8,male,white,less_than_hs,0,1,1,0,1,emergency_shelter,0,0,0,1,0,0,0,0,0,other
2018,24.6,3.3,male,white,less_than_hs,0,1,1,0,1,emergency_shelter,1,0,0,0,0,0,0,0,0,welfare
2018,48.0,2.47,male,white,less_than_hs,0,1,1,0,1,other,0,0,1,1,0,0,0,0,0,welfare
2018,68.4,2.26,male,white,less_than_hs,0,1,1,0,1,emergency_shelter,0,0,0,1,0,0,0,0,0,disability
2018,43.0,3.93,male,white,less_than_hs,0,1,1,0,1,emergency_shelter,0,0,0,0,0,0,0,0,0,welfare
2018,51.2,1.21,male,white,less_than_hs,0,1,1,0,1,emergency_shelter,0,0,0,1,0,0,0,0,0,disability
2018,55.3,3.11,male,white,less_than_hs,0,1,1,0,1,emergency_shelter,0,0,1,1,0,0,0,1,0,disability
2018,30.0,9.69,male,white,less_than_hs,0,1,1,0,1,emergency_shelter,0,0,0,0,0,0,0,0,0,disability
2018,44.1,4.81,male,white,less_than_hs,0,1,1,0,0,emergency_shelter,0,0,0,0,0,0,0,0,0,disability
2018,43.9,1.19,male,white,less_than_hs,0,1,1,0,0,emergency_shelter,0,0,1,1,0,0,0,1,0,disability
2018,21.4,0.42,male,white,less_than_hs,0,1,1,0,0,emergency_shelter,1,0,0,1,0,0,0,1,0,welfare
2018,24.1,1.31,male,white,less_than_hs,0,1,0,0,1,emergency_shelter,1,0,0,1,0,0,0,0,0,disability
2018,68.2,3.01,male,white,less_than_hs,0,1,0,0,1,respite,0,0,0,1,0,0,0,1,1,disability
2018,42.3,2.43,male,white,less_than_hs,0,1,0,0,1,emergency_shelter,0,0,0,0,0,0,0,1,0,other
2018,33.4,2.37,male,white,less_than_hs,0,1,0,0,1,emergency_shelter,0,0,0,1,0,0,0,0,0,welfare
2018,44.8,10.77,male,white,less_than_hs,0,1,0,0,1,emergency_shelter,0,0,0,1,0,0,0,0,1,welfare
2018,69.0,19.75,male,white,less_than_hs,0,1,0,0,1,emergency_shelter,0,0,0,0,0,0,0,0,0,disability
2018,37.4,12.17,male,white,less_than_hs,0,1,0,0,1,emergency_shelter,0,0,0,1,0,0,0,0,0,welfare
2018,27.9,9.48,male,white,less_than_hs,0,1,0,0,1,emergency_shelter,0,0,0,0,0,0,0,0,0,welfare
2018,37.4,30.0,male,white,less_than_hs,0,1,0,0,1,emergency_shelter,0,0,0,0,0,0,0,0,0,welfare
2018,46.2,1.35,male,white,less_than_hs,0,1,0,0,1,emergency_shelter,0,0,1,1,1,1,1,1,1,welfare
2018,54.0,2.1,male,white,less_than_hs,0,1,0,0,1,emergency_shelter,0,0,0,0,0,0,0,0,0,welfare
2018,58.5,4.64,male,white,less_than_hs,0,1,0,0,1,emergency_shelter,0,0,0,0,0,0,0,0,0,other
2018,29.8,4.1,male,white,less_than_hs,0,1,0,0,1,emergency_shelter,0,0,0,0,0,0,0,0,0,other
2018,31.1,4.69,male,white,less_than_hs,0,1,0,0,1,emergency_shelter,0,0,0,0,0,0,0,0,0,disability
2018,39.9,2.42,male,white,less_than_hs,0,1,0,0,1,other,0,0,0,0,0,0,0,0,0,welfare
2018,54.0,1.97,male,white,less_than_hs,0,1,0,0,1,emergency_shelter,0,0,0,0,0,0,0,0,0,disability
2018,23.8,5.81,male,white,less_than_hs,0,1,0,0,0,emergency_shelter,1,0,0,1,0,0,0,0,0,welfare
2018,47.6,0.64,male,white,less_than_hs,0,1,0,0,0,emergency_shelter,0,0,0,1,0,0,1,0,1,welfare
2018,43.7,4.5,male,white,less_than_hs,0,0,1,0,1,emergency_shelter,0,0,0,0,0,0,0,0,0,welfare
2018,52.6,3.17,male,white,less_than_hs,0,0,1,0,1,emergency_shelter,0,0,0,1,1,0,0,0,0,welfare
2018,31.5,18.16,male,white,less_than_hs,0,0,1,0,1,emergency_shelter,0,0,0,0,0,0,0,1,0,welfare
2018,37.7,1.41,male,white,less_than_hs,0,0,1,0,1,emergency_shelter,0,0,0,0,0,0,0,0,0,welfare
2018,45.1,3.08,male,white,less_than_hs,0,0,1,0,1,emergency_shelter,0,0,0,1,0,0,0,0,0,disability
2018,62.6,1.23,male,white,less_than_hs,0,0,1,0,1,respite,0,0,0,1,0,0,0,0,0,welfare
2018,64.2,1.08,male,white,less_than_hs,0,0,1,0,1,emergency_shelter,0,0,0,1,0,0,0,1,0,informal
2018,38.9,3.87,male,white,less_than_hs,0,0,1,0,1,respite,0,0,0,0,0,0,0,1,0,disability
2018,31.3,2.32,male,white,less_than_hs,0,0,1,0,1,respite,0,0,0,1,0,0,0,1,0,employment
2018,29.5,2.97,male,white,less_than_hs,0,0,1,0,1,emergency_shelter,0,0,0,0,0,0,0,0,0,informal
2018,47.9,19.26,male,white,less_than_hs,0,0,1,0,1,emergency_shelter,0,0,0,1,0,0,1,0,0,welfare
2018,76.7,2.07,male,white,less_than_hs,0,0,1,0,1,emergency_shelter,0,0,0,0,0,0,0,0,0,welfare
2018,51.9,15.84,male,white,less_than_hs,0,0,1,0,1,respite,0,0,0,0,0,0,0,0,0,welfare
2018,45.6,3.95,male,white,less_than_hs,0,0,0,1,1,outdoor,0,0,0,1,0,1,0,0,0,other
2018,60.2,3.5,male,white,less_than_hs,0,0,0,1,1,outdoor,0,0,1,0,0,0,0,0,0,other
2018,43.2,1.01,male,white,less_than_hs,0,0,0,1,1,outdoor,0,0,0,0,0,0,0,0,0,disability
2018,44.0,1.38,male,white,less_than_hs,0,0,0,1,1,outdoor,0,0,0,0,0,0,0,0,0,welfare
2018,43.9,8.79,male,white,less_than_hs,0,0,0,1,1,outdoor,0,0,0,0,0,0,0,1,0,welfare
2018,62.6,6.26,male,white,less_than_hs,0,0,0,1,1,outdoor,0,0,0,0,0,1,0,1,0,disability
2018,28.9,4.93,male,white,less_than_hs,0,0,0,1,1,outdoor,0,0,0,1,0,0,0,1,1,welfare
2018,69.3,19.93,male,white,less_than_hs,0,0,0,1,1,outdoor,0,0,0,0,0,0,0,0,0,welfare
2018,27.9,6.06,male,white,less_than_hs,0,0,0,1,1,outdoor,0,0,0,1,0,0,0,1,0,other
2018,35.2,4.25,male,white,less_than_hs,0,0,0,1,1,outdoor,0,0,0,1,0,0,0,0,0,other
2018,54.8,2.06,male,white,less_than_hs,0,0,0,1,1,outdoor,0,0,0,1,0,0,0,0,0,disability
2018,58.8,2.12,male,white,less_than_hs,0,0,0,0,1,respite,0,0,0,0,0,0,0,0,0,informal
2018,48.6,3.22,male,white,less_than_hs,0,0,0,0,1,emergency_shelter,0,0,0,0,0,0,0,1,0,welfare
2018,62.0,1.11,male,white,less_than_hs,0,0,0,0,1,emergency_shelter,0,0,1,1,1,0,1,1,0,disability
2018,48.0,5.53,male,white,less_than_hs,0,0,0,0,1,emergency_shelter,0,0,1,1,0,0,0,1,0,welfare
2018,34.5,15.05,male,white,less_than_hs,0,0,0,0,1,emergency_shelter,0,0,0,1,0,0,0,0,0,other
2018,62.6,24.37,male,white,less_than_hs,0,0,0,0,1,emergency_shelter,0,0,0,0,0,0,0,0,0,welfare
2018,40.0,19.21,male,white,less_than_hs,0,0,0,0,1,emergency_shelter,0,0,0,0,0,0,0,1,0,other
2018,46.9,4.67,male,white,less_than_hs,0,0,0,0,1,respite,0,0,0,0,1,0,1,1,1,welfare
2018,54.9,12.87,male,white,less_than_hs,0,0,0,0,1,emergency_shelter,0,0,0,1,0,0,0,0,0,welfare
2018,66.3,3.16,male,white,less_than_hs,0,0,0,0,1,emergency_shelter,0,0,0,0,0,0,0,0,0,disability
2018,49.6,1.33,male,white,less_than_hs,0,0,0,0,1,emergency_shelter,0,0,0,0,0,0,0,0,0,disability
2018,80.6,10.52,male,white,less_than_hs,0,0,0,0,1,emergency_shelter,0,0,0,0,0,0,0,0,0,welfare
2018,43.1,9.58,male,white,less_than_hs,0,0,0,0,1,emergency_shelter,0,0,0,1,0,0,0,0,0,welfare
2018,48.5,17.49,male,white,less_than_hs,0,0,0,0,1,emergency_shelter,0,0,0,1,0,0,0,0,0,welfare
2018,35.7,8.59,male,white,less_than_hs,0,0,0,0,1,emergency_shelter,0,0,0,0,0,0,0,0,0,welfare
2018,48.9,2.02,male,white,less_than_hs,0,0,0,0,1,emergency_shelter,0,0,0,0,0,0,0,0,0,other
2018,48.6,23.04,male,white,less_than_hs,0,0,0,0,1,emergency_shelter,0,0,1,1,0,0,0,1,0,employment
2018,59.0,8.91,male,white,less_than_hs,0,0,0,0,1,emergency_shelter,0,0,0,1,0,0,0,0,1,welfare
2018,50.6,18.01,male,white,less_than_hs,0,0,0,0,1,emergency_shelter,0,0,0,1,1,0,1,0,0,welfare
2018,37.0,15.42,male,white,less_than_hs,0,0,0,0,1,emergency_shelter,0,0,0,0,0,0,0,0,1,disability
2018,48.0,3.26,male,white,less_than_hs,0,0,0,0,1,other,0,0,0,1,0,0,0,0,0,other
2018,35.0,1.45,male,white,less_than_hs,0,0,0,0,1,respite,0,0,1,1,0,1,0,1,0,welfare
2018,52.1,2.17,male,white,less_than_hs,0,0,0,0,1,emergency_shelter,0,0,0,1,1,0,0,1,1,disability
2018,36.6,1.57,male,white,less_than_hs,0,0,0,0,1,emergency_shelter,0,0,0,1,0,0,0,0,0,other
2018,24.8,2.74,male,white,less_than_hs,0,0,0,0,1,emergency_shelter,1,0,0,1,0,0,0,0,0,other
2018,28.6,5.31,male,white,less_than_hs,0,0,0,0,1,emergency_shelter,0,0,0,1,0,0,0,0,0,informal
2018,28.0,30.0,male,white,less_than_hs,0,0,0,0,1,emergency_shelter,0,0,0,1,0,0,0,0,0,welfare
2018,48.2,5.25,male,white,less_than_hs,0,0,0,0,0,emergency_shelter,0,0,0,0,0,0,0,0,0,other
2018,48.6,1.08,male,white,less_than_hs,0,0,0,0,0,emergency_shelter,0,0,1,1,0,0,0,0,0,disability
2018,26.1,1.2,male,white,less_than_hs,0,0,0,0,0,emergency_shelter,0,0,0,1,0,0,0,1,0,welfare
2018,70.1,0.24,male,white,less_than_hs,0,0,0,0,0,respite,0,0,1,0,1,1,0,0,1,disability
2018,34.7,1.14,male,white,less_than_hs,0,0,0,0,0,emergency_shelter,0,0,0,1,0,0,0,1,0,welfare
2018,15.0,0.33,male,white,less_than_hs,0,0,0,0,0,emergency_shelter,1,0,0,1,0,0,0,1,0,other
2018,15.0,2.35,male,white,less_than_hs,0,0,0,0,0,emergency_shelter,1,0,0,1,0,0,0,1,0,informal
2018,46.0,4.19,male,white,less_than_hs,0,0,0,0,0,respite,0,0,0,0,0,0,0,1,0,informal
2018,23.6,4.73,male,white,less_than_hs,0,0,0,0,0,emergency_shelter,1,0,0,0,0,1,0,0,0,employment
2018,42.2,0.21,male,white,less_than_hs,0,0,0,0,0,emergency_shelter,0,0,0,1,0,0,0,0,1,other
2018,20.5,1.41,male,white,less_than_hs,0,0,0,0,0,emergency_shelter,1,0,0,1,0,1,0,0,1,employment
2018,45.7,1.16,male,white,less_than_hs,0,0,0,0,0,emergency_shelter,0,0,0,0,0,0,0,0,0,disability
2018,49.3,0.37,male,white,less_than_hs,0,0,0,0,0,emergency_shelter,0,0,0,0,0,0,0,0,0,welfare
2018,46.9,13.18,male,white,hs_graduate,1,1,1,0,1,emergency_shelter,0,0,0,1,0,0,0,0,0,employment
2018,61.2,7.4,male,white,hs_graduate,1,1,1,0,1,emergency_shelter,0,0,1,0,0,0,1,1,0,disability
2018,17.8,10.27,male,white,hs_graduate,1,1,1,0,1,respite,1,0,0,1,0,1,0,0,0,other
2018,60.3,13.69,male,white,hs_graduate,1,1,1,0,1,emergency_shelter,0,0,0,0,0,0,0,0,0,welfare
2018,50.5,1.85,male,white,hs_graduate,1,1,1,0,1,other,0,0,0,1,0,0,0,0,0,other
2018,38.7,3.13,male,white,hs_graduate,1,1,0,0,1,respite,0,0,1,0,0,0,0,0,0,welfare
2018,24.9,5.49,male,white,hs_graduate,1,1,0,0,1,emergency_shelter,1,0,0,1,1,0,0,0,0,disability
2018,53.4,2.26,male,white,hs_graduate,1,1,0,0,1,emergency_shelter,0,0,0,1,0,1,0,1,0,disability
2018,41.9,6.39,male,white,hs_graduate,1,1,0,0,1,respite,0,0,0,0,0,0,0,0,0,other
2018,45.3,2.85,male,white,hs_graduate,1,0,1,0,1,emergency_shelter,0,0,0,1,0,1,0,1,0,disability
2018,42.9,3.27,male,white,hs_graduate,1,0,0,0,1,emergency_shelter,0,0,0,0,0,0,0,0,0,welfare
2018,66.6,7.67,male,white,hs_graduate,1,0,0,0,1,emergency_shelter,0,0,0,0,0,0,0,0,0,disability
2018,55.3,3.0,male,white,hs_graduate,1,0,0,0,1,emergency_shelter,0,0,0,0,0,0,0,0,0,welfare
2018,37.9,4.79,male,white,hs_graduate,1,0,0,0,1,respite,0,0,0,0,0,0,0,0,0,disability
2018,42.9,2.43,male,white,hs_graduate,1,0,0,0,1,emergency_shelter,0,0,0,0,0,0,0,1,0,disability
2018,47.9,9.08,male,white,hs_graduate,1,0,0,0,1,respite,0,0,1,1,1,1,0,0,0,welfare
2018,50.5,4.8,male,white,hs_graduate,1,0,0,0,1,respite,0,0,0,1,0,0,0,0,1,employment
2018,44.1,1.09,male,white,hs_graduate,1,0,0,0,1,emergency_shelter,0,0,0,1,0,0,0,1,0,welfare
2018,19.6,1.16,male,white,hs_graduate,1,0,0,0,1,emergency_shelter,1,0,0,0,0,0,0,0,0,welfare
2018,44.0,5.5,male,white,hs_graduate,1,0,0,0,1,other,0,0,0,1,0,0,0,1,1,welfare
2018,43.1,2.23,male,white,hs_graduate,1,0,0,0,1,emergency_shelter,0,0,0,1,0,0,0,1,0,employment
2018,73.2,7.78,male,white,hs_graduate,1,0,0,0,1,emergency_shelter,0,0,0,1,0,0,0,1,1,welfare
2018,82.1,4.56,male,white,hs_graduate,1,0,0,0,1,emergency_shelter,0,0,0,0,0,0,0,0,0,other
2018,53.4,9.76,male,white,hs_graduate,1,0,0,0,1,emergency_shelter,0,0,0,1,0,0,0,0,0,welfare
2018,34.9,30.0,male,white,hs_graduate,1,0,0,0,1,emergency_shelter,0,0,0,0,0,1,0,0,0,welfare
2018,73.0,5.94,male,white,hs_graduate,1,0,0,0,0,emergency_shelter,0,0,1,1,0,0,0,0,0,other
2018,65.4,5.56,male,white,hs_graduate,0,1,1,0,1,emergency_shelter,0,0,0,1,0,1,0,0,0,other
2018,36.4,4.5,male,white,hs_graduate,0,1,1,0,1,respite,0,0,0,1,0,0,0,0,0,employment
2018,57.8,30.0,male,white,hs_graduate,0,1,1,0,1,emergency_shelter,0,0,0,1,0,0,0,0,0,other
2018,25.1,3.49,male,white,hs_graduate,0,1,1,0,1,emergency_shelter,0,0,0,1,0,0,0,0,1,disability
2018,49.4,2.23,male,white,hs_graduate,0,1,1,0,1,respite,0,0,0,0,0,1,0,0,0,other
2018,58.7,4.01,male,white,hs_graduate,0,1,1,0,1,emergency_shelter,0,0,0,1,1,0,0,1,0,disability
2018,39.8,10.28,male,white,hs_graduate,0,1,1,0,1,emergency_shelter,0,0,0,0,0,0,0,0,0,welfare
2018,53.0,11.36,male,white,hs_graduate,0,1,1,0,1,emergency_shelter,0,0,0,1,0,0,1,1,0,other
2018,36.5,30.0,male,white,hs_graduate,0,1,1,0,1,emergency_shelter,0,0,0,1,0,0,0,1,0,disability
2018,48.6,27.78,male,white,hs_graduate,0,1,1,0,1,respite,0,0,0,1,0,0,0,1,0,disability
2018,37.7,3.16,male,white,hs_graduate,0,1,1,0,1,other,0,0,1,0,0,0,0,0,0,welfare
2018,55.9,5.24,male,white,hs_graduate,0,1,1,0,1,emergency_shelter,0,0,1,1,0,0,0,1,0,welfare
2018,26.7,13.76,male,white,hs_graduate,0,1,1,0,1,emergency_shelter,0,0,0,1,0,0,0,0,0,disability
2018,30.2,30.0,male,white,hs_graduate,0,1,1,0,1,emergency_shelter,0,0,0,0,1,1,0,0,0,welfare
2018,62.7,3.68,male,white,hs_graduate,0,1,1,0,1,emergency_shelter,0,0,0,1,1,0,0,0,1,welfare
2018,63.6,3.17,male,white,hs_graduate,0,1,1,0,0,emergency_shelter,0,0,0,1,0,0,0,0,0,disability
2018,26.0,19.65,male,white,hs_graduate,0,1,0,0,1,respite,0,0,0,0,0,0,0,0,0,welfare
2018,34.8,1.58,male,white,hs_graduate,0,1,0,0,1,other,0,0,0,0,0,0,0,0,0,disability
2018,67.1,11.93,male,white,hs_graduate,0,1,0,0,1,emergency_shelter,0,0,0,0,1,1,1,0,0,employment
2018,58.1,3.53,male,white,hs_graduate,0,1,0,0,1,emergency_shelter,0,0,0,1,1,0,0,0,0,welfare
2018,61.1,1.77,male,white,hs_graduate,0,1,0,0,1,emergency_shelter,0,0,0,0,1,0,0,0,0,other
2018,38.2,6.88,male,white,hs_graduate,0,1,0,0,1,emergency_shelter,0,0,1,1,0,0,0,0,0,welfare
2018,38.6,2.59,male,white,hs_graduate,0,1,0,0,1,emergency_shelter,0,0,0,1,0,0,0,0,1,disability
2018,31.7,19.3,male,white,hs_graduate,0,1,0,0,1,emergency_shelter,0,0,0,1,0,0,0,0,0,welfare
2018,55.6,1.25,male,white,hs_graduate,0,1,0,0,1,other,0,0,0,1,0,0,0,0,0,other
2018,21.5,1.61,male,white,hs_graduate,0,1,0,0,1,emergency_shelter,1,0,1,1,1,1,0,0,0,welfare
2018,42.1,6.38,male,white,hs_graduate,0,1,0,0,1,emergency_shelter,0,0,1,1,1,0,0,1,0,welfare
2018,67.3,7.88,male,white,hs_graduate,0,1,0,0,1,emergency_shelter,0,0,0,0,0,0,0,0,0,other
2018,52.7,12.84,male,white,hs_graduate,0,1,0,0,1,emergency_shelter,0,0,0,1,0,0,1,0,0,welfare
2018,58.4,2.88,male,white,hs_graduate,0,1,0,0,1,emergency_shelter,0,0,0,0,0,0,0,0,0,informal
2018,21.4,4.1,male,white,hs_graduate,0,0,1,0,1,respite,1,0,0,1,0,0,0,0,0,welfare
2018,40.1,1.9,male,white,hs_graduate,0,0,1,0,1,emergency_shelter,0,0,0,1,0,0,0,0,0,disability
2018,47.5,6.66,male,white,hs_graduate,0,0,1,0,1,emergency_shelter,0,0,0,1,0,0,0,0,1,disability
2018,37.8,4.28,male,white,hs_graduate,0,0,1,0,1,other,0,0,0,1,0,0,0,0,0,welfare
2018,47.1,13.08,male,white,hs_graduate,0,0,1,0,1,emergency_shelter,0,0,1,0,0,0,0,0,0,welfare
2018,50.5,1.64,male,white,hs_graduate,0,0,1,0,1,emergency_shelter,0,0,0,0,0,0,0,0,0,welfare
2018,39.5,8.72,male,white,hs_graduate,0,0,1,0,1,emergency_shelter,0,0,0,0,0,0,0,0,0,disability
2018,20.2,4.96,male,white,hs_graduate,0,0,1,0,1,other,1,0,0,0,0,0,0,0,0,other
2018,49.1,4.53,male,white,hs_graduate,0,0,1,0,1,emergency_shelter,0,0,0,0,0,0,0,1,0,other
2018,49.9,2.64,male,white,hs_graduate,0,0,1,0,1,emergency_shelter,0,0,0,0,0,0,0,1,0,welfare
2018,24.3,1.18,male,white,hs_graduate,0,0,1,0,1,emergency_shelter,1,0,0,1,0,0,0,0,0,welfare
2018,51.1,3.74,male,white,hs_graduate,0,0,0,1,1,outdoor,0,0,1,1,0,0,0,0,0,disability
2018,55.3,5.6,male,white,hs_graduate,0,0,0,1,1,outdoor,0,0,1,1,0,0,0,0,0,welfare
2018,54.5,30.0,male,white,hs_graduate,0,0,0,1,1,outdoor,0,0,1,0,0,0,0,0,0,welfare
2018,22.5,4.56,male,white,hs_graduate,0,0,0,1,1,outdoor,1,0,0,0,0,0,0,0,1,welfare
2018,42.8,2.22,male,white,hs_graduate,0,0,0,1,1,outdoor,0,0,0,0,0,0,0,0,0,welfare
2018,44.2,8.52,male,white,hs_graduate,0,0,0,1,1,outdoor,0,0,1,0,0,1,1,0,0,welfare
2018,40.8,2.67,male,white,hs_graduate,0,0,0,1,1,outdoor,0,0,0,0,0,0,0,1,0,disability
2018,47.3,1.66,male,white,hs_graduate,0,0,0,1,1,outdoor,0,0,0,0,0,1,0,0,0,disability
2018,15.0,1.3,male,white,hs_graduate,0,0,0,1,1,outdoor,1,0,0,1,0,0,0,0,0,other
2018,46.2,8.61,male,white,hs_graduate,0,0,0,0,1,emergency_shelter,0,0,0,0,1,0,0,0,0,disability
2018,43.6,30.0,male,white,hs_graduate,0,0,0,0,1,other,0,0,0,0,0,0,0,0,0,disability
2018,39.1,21.5,male,white,hs_graduate,0,0,0,0,1,emergency_shelter,0,0,0,1,0,1,0,0,0,welfare
2018,26.4,1.37,male,white,hs_graduate,0,0,0,0,1,emergency_shelter,0,0,0,1,0,0,0,1,0,employment
2018,40.2,3.49,male,white,hs_graduate,0,0,0,0,1,emergency_shelter,0,0,1,0,0,0,0,0,0,welfare
2018,38.6,1.92,male,white,hs_graduate,0,0,0,0,1,emergency_shelter,0,0,0,1,1,0,0,0,0,welfare
2018,48.8,30.0,male,white,hs_graduate,0,0,0,0,1,emergency_shelter,0,0,0,0,0,0,0,0,0,disability
2018,46.7,30.0,male,white,hs_graduate,0,0,0,0,1,emergency_shelter,0,0,0,1,0,0,1,0,0,disability
2018,55.5,2.66,male,white,hs_graduate,0,0,0,0,1,respite,0,0,0,1,0,0,0,1,1,disability
2018,37.6,10.29,male,white,hs_graduate,0,0,0,0,1,emergency_shelter,0,0,0,0,0,0,0,0,0,welfare
2018,18.4,21.54,male,white,hs_graduate,0,0,0,0,1,emergency_shelter,1,0,1,1,0,0,0,0,0,other
2018,58.3,2.65,male,white,hs_graduate,0,0,0,0,1,emergency_shelter,0,0,0,1,0,1,0,0,0,disability
2018,31.3,2.26,male,white,hs_graduate,0,0,0,0,1,emergency_shelter,0,0,0,1,0,0,0,0,0,welfare
2018,28.9,1.06,male,white,hs_graduate,0,0,0,0,1,emergency_shelter,0,0,0,1,0,0,0,0,0,informal
2018,43.8,4.61,male,white,hs_graduate,0,0,0,0,1,emergency_shelter,0,0,0,0,0,0,1,1,0,disability
2018,48.6,30.0,male,white,hs_graduate,0,0,0,0,1,emergency_shelter,0,0,0,1,0,0,0,0,0,welfare
2018,37.0,30.0,male,white,hs_graduate,0,0,0,0,1,emergency_shelter,0,0,0,0,0,0,0,1,0,welfare
2018,36.9,1.81,male,white,hs_graduate,0,0,0,0,1,emergency_shelter,0,0,0,0,1,0,0,0,0,welfare
2018,38.9,2.4,male,white,hs_graduate,0,0,0,0,1,other,0,0,0,1,0,0,0,0,0,other
2018,64.2,4.56,male,white,hs_graduate,0,0,0,0,1,emergency_shelter,0,0,1,1,0,0,0,0,0,welfare
2018,44.4,15.87,male,white,hs_graduate,0,0,0,0,1,emergency_shelter,0,0,1,1,0,0,0,0,0,disability
2018,30.8,8.47,male,white,hs_graduate,0,0,0,0,1,emergency_shelter,0,0,1,1,0,0,0,0,0,welfare
2018,31.0,6.25,male,white,hs_graduate,0,0,0,0,1,emergency_shelter,0,0,0,0,0,0,0,1,0,disability
2018,40.9,7.95,male,white,hs_graduate,0,0,0,0,1,emergency_shelter,0,0,0,0,0,0,0,0,0,employment
2018,47.7,1.59,male,white,hs_graduate,0,0,0,0,1,emergency_shelter,0,0,0,1,0,0,0,1,0,other
2018,42.8,0.59,male,white,hs_graduate,0,0,0,0,0,emergency_shelter,0,0,1,1,0,0,0,0,0,welfare
2018,20.6,1.14,male,white,hs_graduate,0,0,0,0,0,respite,1,0,0,1,0,0,0,1,0,welfare
2018,38.4,0.8,male,white,hs_graduate,0,0,0,0,0,emergency_shelter,0,0,1,1,0,0,0,1,0,disability
2018,26.1,2.64,male,white,hs_graduate,0,0,0,0,0,emergency_shelter,0,0,0,1,1,0,0,1,0,disability
2018,32.4,2.1,male,white,hs_graduate,0,0,0,0,0,emergency_shelter,0,0,0,0,0,0,0,0,0,disability
2018,43.4,1.36,male,white,hs_graduate,0,0,0,0,0,other,0,0,0,1,0,0,0,1,1,informal
2018,18.9,5.24,male,white,hs_graduate,0,0,0,0,0,other,1,0,0,0,0,0,0,1,0,other
2018,29.9,0.34,male,white,hs_graduate,0,0,0,0,0,emergency_shelter,0,0,0,1,0,0,0,0,1,welfare
2018,49.4,8.0,male,white,hs_graduate,0,0,0,0,0,emergency_shelter,0,0,0,0,0,0,0,1,0,disability
2018,21.6,0.42,male,white,hs_graduate,0,0,0,0,0,emergency_shelter,1,0,0,1,0,0,0,0,0,welfare
2018,66.3,5.04,male,white,hs_graduate,0,0,0,0,0,emergency_shelter,0,0,0,0,0,0,0,0,1,other
2018,61.3,3.57,male,white,some_post_sec,1,0,0,0,1,respite,0,0,0,1,0,0,0,0,0,other
2018,29.7,1.42,male,white,some_post_sec,1,0,0,0,1,emergency_shelter,0,0,0,1,0,0,0,0,0,welfare
2018,42.5,29.46,male,white,some_post_sec,1,0,0,0,1,emergency_shelter,0,0,0,1,0,0,0,1,0,welfare
2018,34.6,2.35,male,white,some_post_sec,1,0,0,0,1,emergency_shelter,0,0,0,1,0,0,0,0,0,welfare
2018,32.3,14.32,male,white,some_post_sec,1,0,0,0,1,emergency_shelter,0,0,0,0,0,0,1,0,0,disability
2018,15.0,3.82,male,white,some_post_sec,1,0,0,0,1,emergency_shelter,1,0,0,1,0,0,1,0,0,welfare
2018,46.4,5.55,male,white,some_post_sec,1,0,0,0,1,emergency_shelter,0,0,0,0,0,0,0,0,0,welfare
2018,26.9,3.19,male,white,some_post_sec,1,0,0,0,1,emergency_shelter,0,0,0,0,0,0,0,1,0,welfare
2018,42.0,11.32,male,white,some_post_sec,1,0,0,0,1,emergency_shelter,0,0,0,1,0,0,0,1,0,welfare
2018,48.8,8.07,male,white,some_post_sec,0,1,1,0,1,emergency_shelter,0,0,0,0,0,0,0,0,0,welfare
2018,33.0,3.05,male,white,some_post_sec,0,1,1,0,1,emergency_shelter,0,0,0,1,0,0,0,1,0,welfare
2018,24.0,13.02,male,white,some_post_sec,0,1,1,0,1,respite,1,0,0,0,1,0,1,1,1,disability
2018,40.5,12.5,male,white,some_post_sec,0,1,1,0,1,emergency_shelter,0,0,0,1,0,0,0,1,0,other
2018,42.7,7.02,male,white,some_post_sec,0,1,1,0,1,emergency_shelter,0,0,0,1,0,0,0,0,0,welfare
2018,15.0,2.71,male,white,some_post_sec,0,1,1,0,1,respite,1,0,0,1,0,0,0,0,0,welfare
2018,34.4,2.83,male,white,some_post_sec,0,1,1,0,1,respite,0,0,0,0,1,0,0,0,0,employment
2018,48.6,4.23,male,white,some_post_sec,0,1,1,0,1,emergency_shelter,0,0,0,1,0,0,0,1,0,other
2018,36.9,1.94,male,white,some_post_sec,0,1,1,0,1,emergency_shelter,0,0,0,0,0,0,0,0,0,welfare
2018,58.0,10.55,male,white,some_post_sec,0,1,0,0,1,other,0,0,0,1,0,0,0,0,0,welfare
2018,58.5,6.31,male,white,some_post_sec,0,1,0,0,1,emergency_shelter,0,0,0,0,0,0,0,0,0,other
2018,54.1,2.78,male,white,some_post_sec,0,1,0,0,1,other,0,0,1,1,1,1,0,0,1,other
2018,45.1,8.33,male,white,some_post_sec,0,1,0,0,1,emergency_shelter,0,0,0,0,0,0,0,0,1,welfare
2018,40.8,13.2,male,white,some_post_sec,0,1,0,0,1,emergency_shelter,0,0,0,0,0,0,0,0,0,disability
2018,19.6,30.0,male,white,some_post_sec,0,1,0,0,1,emergency_shelter,1,0,0,0,0,0,0,1,0,other
2018,62.5,4.19,male,white,some_post_sec,0,1,0,0,1,respite,0,0,0,1,0,0,0,0,0,other
2018,38.1,1.39,male,white,some_post_sec,0,1,0,0,1,respite,0,0,0,1,0,0,0,0,0,disability
2018,66.2,6.11,male,white,some_post_sec,0,0,1,0,1,emergency_shelter,0,0,0,0,0,0,0,0,1,welfare
2018,25.3,11.25,male,white,some_post_sec,0,0,1,0,1,emergency_shelter,0,0,0,0,0,0,0,0,1,welfare
2018,44.5,3.34,male,white,some_post_sec,0,0,1,0,1,respite,0,0,0,0,0,1,0,1,0,disability
2018,47.7,4.48,male,white,some_post_sec,0,0,1,0,1,emergency_shelter,0,0,0,1,0,0,0,0,1,disability
2018,30.3,1.12,male,white,some_post_sec,0,0,1,0,1,emergency_shelter,0,0,0,0,0,0,0,1,0,welfare
2018,50.5,6.62,male,white,some_post_sec,0,0,0,1,1,outdoor,0,0,0,0,0,0,0,0,0,other
2018,40.8,2.39,male,white,some_post_sec,0,0,0,1,1,outdoor,0,0,1,1,1,0,0,1,0,disability
2018,46.7,20.57,male,white,some_post_sec,0,0,0,1,1,outdoor,0,0,0,0,0,0,0,0,0,other
2018,51.0,3.37,male,white,some_post_sec,0,0,0,0,1,emergency_shelter,0,0,0,0,0,0,0,0,0,other
2018,35.3,30.0,male,white,some_post_sec,0,0,0,0,1,emergency_shelter,0,0,0,1,1,0,0,1,1,other
2018,33.7,30.0,male,white,some_post_sec,0,0,0,0,1,emergency_shelter,0,0,0,1,1,1,0,0,0,employment
2018,38.4,7.53,male,white,some_post_sec,0,0,0,0,1,other,0,0,0,1,0,0,0,0,0,welfare
2018,39.0,30.0,male,white,some_post_sec,0,0,0,0,1,emergency_shelter,0,0,0,1,0,0,0,0,1,welfare
2018,46.1,30.0,male,white,some_post_sec,0,0,0,0,1,emergency_shelter,0,0,0,1,0,1,0,0,0,other
2018,51.8,3.9,male,white,some_post_sec,0,0,0,0,1,emergency_shelter,0,0,0,0,1,0,0,1,0,welfare
2018,50.5,5.09,male,white,some_post_sec,0,0,0,0,1,emergency_shelter,0,0,0,1,0,0,0,0,0,disability
2018,46.2,30.0,male,white,some_post_sec,0,0,0,0,1,emergency_shelter,0,0,0,0,0,0,0,1,0,disability
2018,47.2,8.39,male,white,some_post_sec,0,0,0,0,1,emergency_shelter,0,0,0,1,0,0,0,0,0,welfare
2018,79.9,2.47,male,white,some_post_sec,0,0,0,0,1,emergency_shelter,0,0,0,0,0,0,0,0,1,other
2018,34.3,11.03,male,white,some_post_sec,0,0,0,0,1,emergency_shelter,0,0,0,1,0,0,0,0,0,welfare
2018,43.9,2.41,male,white,some_post_sec,0,0,0,0,1,respite,0,0,0,0,0,0,0,0,0,welfare
2018,19.4,3.71,male,white,some_post_sec,0,0,0,0,1,emergency_shelter,1,0,0,1,0,0,0,0,1,disability
2018,39.0,2.6,male,white,some_post_sec,0,0,0,0,1,emergency_shelter,0,0,0,1,0,0,0,0,0,other
2018,31.8,2.75,male,white,some_post_sec,0,0,0,0,1,emergency_shelter,0,0,0,1,0,0,0,0,1,welfare
2018,34.2,1.03,male,white,some_post_sec,0,0,0,0,1,respite,0,0,0,1,1,0,0,0,1,other
2018,27.8,27.58,male,white,some_post_sec,0,0,0,0,1,emergency_shelter,0,0,0,0,0,0,0,0,0,welfare
2018,25.5,3.24,male,white,some_post_sec,0,0,0,0,1,other,0,0,0,1,1,0,0,1,0,welfare
2018,26.1,2.95,male,white,some_post_sec,0,0,0,0,0,emergency_shelter,0,0,0,0,1,1,0,0,0,welfare
2018,54.4,5.94,male,white,some_post_sec,0,0,0,0,0,emergency_shelter,0,0,0,1,0,1,0,0,0,disability
2018,15.7,1.54,male,white,some_post_sec,0,0,0,0,0,emergency_shelter,1,0,0,1,0,0,0,0,0,disability
2018,35.8,1.45,male,white,some_post_sec,0,0,0,0,0,emergency_shelter,0,0,0,0,0,0,0,0,0,disability
2018,34.9,2.15,male,white,some_post_sec,0,0,0,0,0,emergency_shelter,0,0,0,1,1,0,0,0,0,welfare
2018,33.5,2.86,male,white,post_sec_higher,1,1,1,0,1,emergency_shelter,0,0,0,0,0,0,0,0,0,welfare
2018,33.2,4.81,male,white,post_sec_higher,1,1,1,0,1,other,0,0,0,1,0,0,0,0,0,disability
2018,51.6,29.39,male,white,post_sec_higher,1,1,1,0,1,emergency_shelter,0,0,1,1,1,0,1,0,1,welfare
2018,15.0,8.16,male,white,post_sec_higher,1,1,0,0,1,respite,1,0,0,1,0,0,0,0,0,welfare
2018,28.2,18.4,male,white,post_sec_higher,1,1,0,0,1,emergency_shelter,0,0,1,0,0,0,0,1,0,welfare
2018,50.9,3.61,male,white,post_sec_higher,1,0,0,0,1,emergency_shelter,0,0,0,1,0,0,0,1,0,disability
2018,46.5,4.69,male,white,post_sec_higher,1,0,0,0,1,emergency_shelter,0,0,0,0,1,0,0,0,0,welfare
2018,60.0,4.53,male,white,post_sec_higher,1,0,0,0,1,emergency_shelter,0,0,0,0,1,0,0,1,1,employment
2018,38.9,1.53,male,white,post_sec_higher,1,0,0,0,1,emergency_shelter,0,0,0,0,1,1,0,0,1,disability
2018,44.2,1.02,male,white,post_sec_higher,1,0,0,0,1,emergency_shelter,0,0,0,0,0,0,0,1,0,welfare
2018,56.0,30.0,male,white,post_sec_higher,1,0,0,0,1,emergency_shelter,0,0,0,1,0,1,0,1,0,disability
2018,33.7,2.51,male,white,post_sec_higher,1,0,0,0,1,emergency_shelter,0,0,1,0,0,0,0,1,1,other
2018,64.3,4.81,male,white,post_sec_higher,1,0,0,0,1,emergency_shelter,0,0,0,0,0,0,0,0,0,other
2018,48.5,30.0,male,white,post_sec_higher,1,0,0,0,1,emergency_shelter,0,0,0,1,0,0,0,1,0,welfare
2018,28.3,19.85,male,white,post_sec_higher,1,0,0,0,1,other,0,0,0,1,1,0,0,0,0,employment
2018,41.7,1.67,male,white,post_sec_higher,1,0,0,0,1,emergency_shelter,0,0,0,1,0,0,0,0,0,welfare
2018,25.0,6.15,male,white,post_sec_higher,1,0,0,0,1,emergency_shelter,1,0,0,0,0,1,0,1,0,welfare
2018,45.6,12.85,male,white,post_sec_higher,1,0,0,0,1,emergency_shelter,0,0,0,0,0,0,0,0,0,welfare
2018,39.1,7.9,male,white,post_sec_higher,0,1,1,0,1,emergency_shelter,0,0,0,0,0,0,0,0,0,disability
2018,27.1,2.0,male,white,post_sec_higher,0,1,1,0,1,emergency_shelter,0,0,0,0,0,1,0,0,0,disability
2018,39.5,1.64,male,white,post_sec_higher,0,1,1,0,1,other,0,0,0,1,1,0,0,0,0,disability
2018,79.1,6.43,male,white,post_sec_higher,0,1,1,0,1,emergency_shelter,0,0,0,1,0,1,0,1,0,welfare
2018,27.9,10.48,male,white,post_sec_higher,0,1,1,0,1,emergency_shelter,0,0,1,1,0,1,0,0,0,other
2018,55.9,1.71,male,white,post_sec_higher,0,1,1,0,1,emergency_shelter,0,0,0,0,0,0,0,1,0,welfare
2018,43.1,30.0,male,white,post_sec_higher,0,1,1,0,1,emergency_shelter,0,0,0,0,0,0,0,1,0,disability
2018,57.6,2.58,male,white,post_sec_higher,0,1,1,0,1,emergency_shelter,0,0,0,1,0,0,0,0,0,disability
2018,26.8,1.76,male,white,post_sec_higher,0,1,1,0,1,emergency_shelter,0,0,0,0,1,0,0,0,1,welfare
2018,40.9,2.39,male,white,post_sec_higher,0,1,1,0,1,emergency_shelter,0,0,0,1,1,1,0,1,1,disability
2018,31.8,2.12,male,white,post_sec_higher,0,1,1,0,1,emergency_shelter,0,0,0,0,0,0,0,1,1,employment
2018,32.6,1.56,male,white,post_sec_higher,0,1,1,0,1,emergency_shelter,0,0,1,1,0,0,0,1,1,disability
2018,54.7,17.18,male,white,post_sec_higher,0,1,1,0,1,emergency_shelter,0,0,0,0,1,0,0,0,1,welfare
2018,40.4,5.7,male,white,post_sec_higher,0,1,0,0,1,respite,0,0,0,1,0,0,0,1,0,welfare
2018,41.3,4.04,male,white,post_sec_higher,0,1,0,0,1,emergency_shelter,0,0,0,0,0,0,0,0,0,other
2018,24.8,3.0,male,white,post_sec_higher,0,1,0,0,1,emergency_shelter,1,0,0,1,0,0,0,0,0,welfare
2018,47.2,30.0,male,white,post_sec_higher,0,1,0,0,1,emergency_shelter,0,0,0,1,1,0,0,1,0,disability
2018,45.2,3.47,male,white,post_sec_higher,0,1,0,0,1,emergency_shelter,0,0,1,1,0,0,0,0,0,welfare
2018,32.4,1.38,male,white,post_sec_higher,0,1,0,0,1,emergency_shelter,0,0,0,1,0,0,0,0,0,disability
2018,60.5,2.1,male,white,post_sec_higher,0,1,0,0,1,emergency_shelter,0,0,0,1,0,0,0,0,1,welfare
2018,33.5,23.62,male,white,post_sec_higher,0,1,0,0,1,emergency_shelter,0,0,0,0,0,0,0,0,0,disability
2018,84.3,7.82,male,white,post_sec_higher,0,1,0,0,1,emergency_shelter,0,0,0,1,1,0,0,1,0,disability
2018,50.0,15.74,male,white,post_sec_higher,0,1,0,0,1,emergency_shelter,0,0,0,0,1,0,0,0,0,welfare
2018,44.1,18.11,male,white,post_sec_higher,0,1,0,0,1,emergency_shelter,0,0,0,0,0,0,0,0,0,disability
2018,71.5,13.05,male,white,post_sec_higher,0,0,1,0,1,emergency_shelter,0,0,0,0,0,0,0,1,0,employment
2018,32.4,8.78,male,white,post_sec_higher,0,0,1,0,1,emergency_shelter,0,0,0,1,0,0,0,1,0,employment
2018,53.0,5.72,male,white,post_sec_higher,0,0,1,0,1,respite,0,0,0,0,0,0,0,1,0,welfare
2018,53.2,2.18,male,white,post_sec_higher,0,0,1,0,1,emergency_shelter,0,0,0,1,1,0,0,1,0,employment
2018,73.0,17.62,male,white,post_sec_higher,0,0,1,0,1,emergency_shelter,0,0,0,1,0,0,0,1,0,welfare
2018,69.4,3.01,male,white,post_sec_higher,0,0,1,0,1,emergency_shelter,0,0,1,0,0,0,0,0,0,welfare
2018,25.8,19.21,male,white,post_sec_higher,0,0,1,0,1,emergency_shelter,0,0,0,1,1,0,0,0,1,disability
2018,40.6,8.47,male,white,post_sec_higher,0,0,1,0,1,emergency_shelter,0,0,0,0,0,0,0,0,1,informal
2018,31.7,4.1,male,white,post_sec_higher,0,0,1,0,1,emergency_shelter,0,0,1,1,0,0,0,0,0,other
2018,56.6,17.99,male,white,post_sec_higher,0,0,0,1,1,outdoor,0,0,0,0,0,0,0,0,1,other
2018,37.5,9.8,male,white,post_sec_higher,0,0,0,1,1,outdoor,0,0,0,0,0,0,0,0,0,welfare
2018,30.0,1.91,male,white,post_sec_higher,0,0,0,1,1,outdoor,0,0,0,0,0,0,0,0,0,employment
2018,61.5,1.58,male,white,post_sec_higher,0,0,0,1,1,outdoor,0,0,0,0,0,0,0,0,0,welfare
2018,43.7,3.77,male,white,post_sec_higher,0,0,0,1,1,outdoor,0,0,0,1,0,1,0,0,0,disability
2018,62.4,23.28,male,white,post_sec_higher,0,0,0,1,1,outdoor,0,0,0,0,0,0,0,0,0,disability
2018,54.9,30.0,male,white,post_sec_higher,0,0,0,1,1,outdoor,0,0,0,0,0,0,0,0,0,employment
2018,50.2,8.27,male,white,post_sec_higher,0,0,0,0,1,emergency_shelter,0,0,0,1,0,0,0,1,1,welfare
2018,55.4,4.91,male,white,post_sec_higher,0,0,0,0,1,emergency_shelter,0,0,0,1,0,0,0,1,1,disability
2018,33.5,4.23,male,white,post_sec_higher,0,0,0,0,1,respite,0,0,0,0,0,0,0,0,0,welfare
2018,38.0,1.66,male,white,post_sec_higher,0,0,0,0,1,emergency_shelter,0,0,0,1,0,0,0,0,0,disability
2018,45.4,1.86,male,white,post_sec_higher,0,0,0,0,1,emergency_shelter,0,0,0,1,0,0,0,0,0,welfare
2018,63.6,20.98,male,white,post_sec_higher,0,0,0,0,1,respite,0,0,0,1,0,0,0,1,0,welfare
2018,47.1,13.9,male,white,post_sec_higher,0,0,0,0,1,emergency_shelter,0,0,0,1,0,0,0,0,0,disability
2018,51.8,4.22,male,white,post_sec_higher,0,0,0,0,1,emergency_shelter,0,0,0,1,0,0,0,1,0,disability
2018,40.2,20.04,male,white,post_sec_higher,0,0,0,0,1,respite,0,0,0,0,0,0,0,0,0,disability
2018,43.3,1.49,male,white,post_sec_higher,0,0,0,0,1,emergency_shelter,0,0,0,1,0,0,0,0,1,disability
2018,43.7,8.84,male,white,post_sec_higher,0,0,0,0,1,respite,0,0,0,0,0,1,0,0,0,welfare
2018,48.5,25.32,male,white,post_sec_higher,0,0,0,0,1,emergency_shelter,0,0,0,1,0,0,1,0,0,other
2018,40.3,21.21,male,white,post_sec_higher,0,0,0,0,1,emergency_shelter,0,0,0,0,0,0,0,0,1,welfare
2018,63.2,4.1,male,white,post_sec_higher,0,0,0,0,1,emergency_shelter,0,0,0,0,1,0,0,1,0,other
2018,39.2,13.65,male,white,post_sec_higher,0,0,0,0,1,emergency_shelter,0,0,0,1,0,0,0,0,0,other
2018,20.5,4.83,male,white,post_sec_higher,0,0,0,0,1,other,1,0,0,0,0,0,0,1,0,welfare
2018,82.8,21.36,male,white,post_sec_higher,0,0,0,0,1,emergency_shelter,0,0,0,0,0,1,0,1,0,disability
2018,39.8,6.58,male,white,post_sec_higher,0,0,0,0,1,emergency_shelter,0,0,0,1,1,0,0,0,0,other
2018,62.8,14.81,male,white,post_sec_higher,0,0,0,0,1,emergency_shelter,0,0,0,1,0,0,0,1,0,welfare
2018,64.1,1.48,male,white,post_sec_higher,0,0,0,0,1,emergency_shelter,0,0,1,0,0,0,0,0,0,other
2018,57.6,7.9,male,white,post_sec_higher,0,0,0,0,1,emergency_shelter,0,0,0,1,0,1,0,1,0,welfare
2018,41.6,6.98,male,white,post_sec_higher,0,0,0,0,1,emergency_shelter,0,0,0,0,0,1,0,0,0,welfare
2018,45.4,3.69,male,white,post_sec_higher,0,0,0,0,0,emergency_shelter,0,0,0,1,0,0,0,0,0,other
2018,41.4,0.57,male,white,post_sec_higher,0,0,0,0,0,emergency_shelter,0,0,0,1,1,0,0,0,0,welfare
2018,46.2,2.35,male,white,post_sec_higher,0,0,0,0,0,emergency_shelter,0,0,0,0,0,0,0,1,0,welfare
2018,33.7,5.31,male,white,post_sec_higher,0,0,0,0,0,emergency_shelter,0,0,0,0,0,0,0,1,0,welfare
2018,41.7,1.99,male,white,post_sec_higher,0,0,0,0,0,other,0,0,0,1,0,0,0,1,0,informal
2018,15.0,0.62,male,white,post_sec_higher,0,0,0,0,0,other,1,0,0,1,0,1,0,1,0,welfare
2018,53.2,1.28,male,white,post_sec_higher,0,0,0,0,0,respite,0,0,0,0,0,0,0,1,1,employment
2018,66.7,0.81,male,white,post_sec_higher,0,0,0,0,0,emergency_shelter,0,0,0,0,0,0,0,1,0,welfare
2018,26.5,0.46,male,white,post_sec_higher,0,0,0,0,0,emergency_shelter,0,0,0,0,0,1,0,0,0,welfare
2018,47.4,12.79,male,indigenous,less_than_hs,1,0,0,0,1,emergency_shelter,0,1,0,0,1,1,0,0,0,disability
2018,24.5,3.89,male,indigenous,less_than_hs,1,0,0,0,1,emergency_shelter,1,1,0,0,0,0,0,1,1,disability
2018,49.9,10.19,male,indigenous,less_than_hs,1,0,0,0,1,emergency_shelter,0,1,0,0,0,0,0,1,0,disability
2018,39.1,1.77,male,indigenous,less_than_hs,1,0,0,0,1,emergency_shelter,0,1,0,1,0,0,0,0,0,other
2018,54.5,11.71,male,indigenous,less_than_hs,1,0,0,0,1,emergency_shelter,0,1,1,0,0,0,1,1,0,employment
2018,55.3,30.0,male,indigenous,less_than_hs,1,0,0,0,1,emergency_shelter,0,1,0,1,0,0,0,0,0,welfare
2018,36.8,1.26,male,indigenous,less_than_hs,1,0,0,0,1,emergency_shelter,0,1,0,0,0,0,0,1,0,other
2018,53.0,1.58,male,indigenous,less_than_hs,1,0,0,0,1,emergency_shelter,0,1,0,1,0,0,0,1,0,disability
2018,62.0,2.3,male,indigenous,less_than_hs,0,1,1,0,1,emergency_shelter,0,1,0,0,0,0,0,0,0,disability
2018,34.3,7.26,male,indigenous,less_than_hs,0,1,1,0,1,emergency_shelter,0,1,0,1,1,0,0,1,1,other
2018,39.2,4.04,male,indigenous,less_than_hs,0,1,1,0,1,emergency_shelter,0,1,0,0,1,0,0,0,0,welfare
2018,37.9,6.1,male,indigenous,less_than_hs,0,1,1,0,1,emergency_shelter,0,1,1,1,1,0,1,1,0,disability
2018,25.7,8.72,male,indigenous,less_than_hs,0,1,1,0,1,emergency_shelter,0,1,0,1,1,0,0,0,0,informal
2018,31.1,30.0,male,indigenous,less_than_hs,0,1,1,0,1,emergency_shelter,0,1,0,0,0,1,0,0,0,informal
2018,58.1,2.3,male,indigenous,less_than_hs,0,1,1,0,1,other,0,1,0,0,1,0,0,0,0,other
2018,51.5,1.53,male,indigenous,less_than_hs,0,1,1,0,1,emergency_shelter,0,1,0,1,1,1,0,0,0,disability
2018,52.2,30.0,male,indigenous,less_than_hs,0,1,0,0,1,emergency_shelter,0,1,0,1,1,0,0,0,0,welfare
2018,27.0,16.66,male,indigenous,less_than_hs,0,1,0,0,1,respite,0,1,0,0,0,0,0,0,1,welfare
2018,43.9,3.64,male,indigenous,less_than_hs,0,1,0,0,1,emergency_shelter,0,1,1,1,0,1,0,1,0,welfare
2018,21.5,2.21,male,indigenous,less_than_hs,0,1,0,0,1,emergency_shelter,1,1,0,0,0,0,0,0,0,disability
2018,15.0,3.08,male,indigenous,less_than_hs,0,1,0,0,1,emergency_shelter,1,1,0,1,0,0,0,0,0,disability
2018,29.4,3.63,male,indigenous,less_than_hs,0,1,0,0,1,emergency_shelter,0,1,0,1,1,0,0,1,0,welfare
2018,35.8,7.13,male,indigenous,less_than_hs,0,1,0,0,1,respite,0,1,0,0,0,0,0,0,0,employment
2018,53.4,14.13,male,indigenous,less_than_hs,0,0,1,0,1,emergency_shelter,0,1,0,0,0,0,0,0,0,disability
2018,25.7,22.3,male,indigenous,less_than_hs,0,0,1,0,1,emergency_shelter,0,1,0,0,0,1,0,1,0,welfare
2018,52.3,8.69,male,indigenous,less_than_hs,0,0,1,0,1,emergency_shelter,0,1,0,0,0,0,0,1,0,welfare
2018,48.1,6.02,male,indigenous,less_than_hs,0,0,1,0,1,respite,0,1,0,1,0,1,0,1,1,employment
2018,49.0,3.91,male,indigenous,less_than_hs,0,0,0,1,1,outdoor,0,1,0,1,1,0,0,0,0,welfare
2018,55.0,11.27,male,indigenous,less_than_hs,0,0,0,1,1,outdoor,0,1,0,1,0,0,0,1,0,welfare
2018,46.8,3.08,male,indigenous,less_than_hs,0,0,0,0,1,emergency_shelter,0,1,0,1,0,0,0,0,0,welfare
2018,63.2,9.29,male,indigenous,less_than_hs,0,0,0,0,1,emergency_shelter,0,1,0,0,0,0,0,0,1,disability
2018,60.8,3.45,male,indigenous,less_than_hs,0,0,0,0,1,emergency_shelter,0,1,0,1,0,1,0,0,0,disability
2018,27.5,5.17,male,indigenous,less_than_hs,0,0,0,0,1,emergency_shelter,0,1,0,1,0,0,0,0,0,welfare
2018,53.2,4.22,male,indigenous,less_than_hs,0,0,0,0,1,emergency_shelter,0,1,0,1,1,0,0,0,1,other
2018,43.8,30.0,male,indigenous,less_than_hs,0,0,0,0,1,emergency_shelter,0,1,0,0,0,0,0,0,0,disability
2018,35.9,2.65,male,indigenous,less_than_hs,0,0,0,0,1,emergency_shelter,0,1,0,0,0,0,0,0,0,welfare
2018,18.0,7.6,male,indigenous,less_than_hs,0,0,0,0,1,emergency_shelter,1,1,0,0,0,0,0,1,0,disability
2018,30.2,3.96,male,indigenous,less_than_hs,0,0,0,0,1,emergency_shelter,0,1,0,0,0,0,0,0,0,employment
2018,54.3,10.05,male,indigenous,less_than_hs,0,0,0,0,1,respite,0,1,0,0,1,0,0,0,0,disability
2018,55.8,7.3,male,indigenous,less_than_hs,0,0,0,0,1,emergency_shelter,0,1,0,0,0,1,0,0,0,other
2018,41.5,30.0,male,indigenous,less_than_hs,0,0,0,0,1,emergency_shelter,0,1,0,1,0,0,0,0,0,employment
2018,55.8,1.63,male,indigenous,less_than_hs,0,0,0,0,1,respite,0,1,0,0,0,0,0,0,0,disability
2018,57.6,2.54,male,indigenous,less_than_hs,0,0,0,0,1,emergency_shelter,0,1,0,1,0,0,0,0,0,welfare
2018,46.6,14.91,male,indigenous,less_than_hs,0,0,0,0,1,emergency_shelter,0,1,1,1,0,0,0,0,0,disability
2018,34.3,4.05,male,indigenous,less_than_hs,0,0,0,0,1,emergency_shelter,0,1,0,1,0,0,0,1,0,disability
2018,50.6,2.09,male,indigenous,less_than_hs,0,0,0,0,1,emergency_shelter,0,1,0,1,0,0,0,0,0,disability
2018,51.2,6.05,male,indigenous,less_than_hs,0,0,0,0,1,emergency_shelter,0,1,0,0,0,0,0,0,0,other
2018,50.8,3.58,male,indigenous,less_than_hs,0,0,0,0,0,emergency_shelter,0,1,0,1,0,0,0,1,0,disability
2018,26.2,1.98,male,indigenous,less_than_hs,0,0,0,0,0,emergency_shelter,0,1,0,1,0,0,0,0,0,other
2018,18.1,1.72,male,indigenous,less_than_hs,0,0,0,0,0,emergency_shelter,1,1,1,0,1,0,0,0,0,disability
2018,55.8,1.54,male,indigenous,less_than_hs,0,0,0,0,0,emergency_shelter,0,1,0,0,0,1,0,0,0,disability
2018,30.1,8.12,male,indigenous,hs_graduate,1,0,0,0,1,emergency_shelter,0,1,0,0,0,0,0,1,0,other
2018,65.5,1.82,male,indigenous,hs_graduate,1,0,0,0,1,emergency_shelter,0,1,0,0,0,0,0,1,0,welfare
2018,48.1,12.47,male,indigenous,hs_graduate,1,0,0,0,1,emergency_shelter,0,1,0,0,0,0,0,0,0,employment
2018,52.6,8.16,male,indigenous,hs_graduate,1,0,0,0,1,emergency_shelter,0,1,1,1,0,0,0,0,0,welfare
2018,42.5,6.12,male,indigenous,hs_graduate,1,0,0,0,1,respite,0,1,0,1,0,0,0,1,0,disability
2018,48.5,11.19,male,indigenous,hs_graduate,1,0,0,0,1,respite,0,1,0,1,0,0,0,0,0,welfare
2018,57.5,9.31,male,indigenous,hs_graduate,0,1,1,0,1,emergency_shelter,0,1,0,1,0,0,0,0,0,welfare
2018,41.0,4.66,male,indigenous,hs_graduate,0,1,1,0,1,emergency_shelter,0,1,0,0,0,1,0,0,0,disability
2018,50.6,10.62,male,indigenous,hs_graduate,0,1,1,0,1,emergency_shelter,0,1,0,1,0,0,0,1,0,other
2018,42.3,6.95,male,indigenous,hs_graduate,0,1,1,0,1,emergency_shelter,0,1,1,1,0,0,0,0,0,welfare
2018,47.2,3.04,male,indigenous,hs_graduate,0,1,1,0,1,emergency_shelter,0,1,0,0,0,0,0,0,0,disability
2018,66.6,9.5,male,indigenous,hs_graduate,0,1,1,0,1,emergency_shelter,0,1,0,1,0,0,0,1,1,employment
2018,39.0,4.35,male,indigenous,hs_graduate,0,1,0,0,1,emergency_shelter,0,1,0,1,0,0,0,0,1,other
2018,75.3,1.19,male,indigenous,hs_graduate,0,1,0,0,1,emergency_shelter,0,1,0,1,1,0,0,0,0,welfare
2018,47.7,3.93,male,indigenous,hs_graduate,0,1,0,0,1,emergency_shelter,0,1,0,0,0,0,0,0,0,welfare
2018,41.9,22.39,male,indigenous,hs_graduate,0,1,0,0,1,emergency_shelter,0,1,0,1,1,0,0,0,1,other
2018,69.8,5.13,male,indigenous,hs_graduate,0,0,1,0,1,emergency_shelter,0,1,0,1,1,0,0,0,0,welfare
2018,46.6,8.31,male,indigenous,hs_graduate,0,0,1,0,1,emergency_shelter,0,1,0,1,0,1,0,0,1,welfare
2018,35.9,5.65,male,indigenous,hs_graduate,0,0,0,0,1,emergency_shelter,0,1,0,1,0,0,0,1,1,disability
2018,55.7,7.46,male,indigenous,hs_graduate,0,0,0,0,1,emergency_shelter,0,1,0,1,0,0,0,0,0,welfare
2018,54.8,7.18,male,indigenous,hs_graduate,0,0,0,0,1,emergency_shelter,0,1,0,1,0,0,0,1,0,welfare
2018,15.0,3.35,male,indigenous,hs_graduate,0,0,0,0,1,respite,1,1,0,0,1,0,0,1,0,other
2018,44.2,1.6,male,indigenous,hs_graduate,0,0,0,0,1,emergency_shelter,0,1,0,1,0,0,0,1,0,disability
2018,40.7,30.0,male,indigenous,hs_graduate,0,0,0,0,1,emergency_shelter,0,1,0,1,0,1,0,0,1,disability
2018,28.5,8.15,male,indigenous,hs_graduate,0,0,0,0,1,emergency_shelter,0,1,1,1,0,1,1,1,0,disability
2018,50.8,11.37,male,indigenous,hs_graduate,0,0,0,0,1,other,0,1,0,1,1,0,1,1,0,welfare
2018,68.4,5.38,male,indigenous,hs_graduate,0,0,0,0,1,emergency_shelter,0,1,0,1,0,0,0,0,0,disability
2018,15.0,14.3,male,indigenous,hs_graduate,0,0,0,0,1,other,1,1,0,1,0,0,0,1,1,other
2018,36.9,7.77,male,indigenous,hs_graduate,0,0,0,0,1,emergency_shelter,0,1,0,0,0,0,0,0,0,other
2018,27.0,1.32,male,indigenous,hs_graduate,0,0,0,0,1,emergency_shelter,0,1,0,0,0,0,0,0,0,welfare
2018,45.4,29.55,male,indigenous,hs_graduate,0,0,0,0,1,emergency_shelter,0,1,0,1,0,0,0,1,0,disability
2018,39.8,3.34,male,indigenous,hs_graduate,0,0,0,0,1,emergency_shelter,0,1,0,1,0,0,0,0,0,employment
2018,35.9,1.88,male,indigenous,hs_graduate,0,0,0,0,1,emergency_shelter,0,1,0,0,0,0,0,0,0,other
2018,54.1,1.54,male,indigenous,hs_graduate,0,0,0,0,1,emergency_shelter,0,1,0,1,1,0,1,1,0,disability
2018,64.3,3.14,male,indigenous,hs_graduate,0,0,0,0,0,emergency_shelter,0,1,0,1,0,0,0,1,0,welfare
2018,43.5,8.0,male,indigenous,hs_graduate,0,0,0,0,0,emergency_shelter,0,1,0,0,0,0,0,0,0,employment
2018,34.6,6.5,male,indigenous,some_post_sec,0,0,0,0,1,emergency_shelter,0,1,1,0,1,0,0,0,1,other
2018,53.2,10.93,male,indigenous,some_post_sec,0,0,0,0,1,emergency_shelter,0,1,0,1,0,0,1,1,0,disability
2018,52.1,5.83,male,indigenous,some_post_sec,0,0,0,0,1,emergency_shelter,0,1,0,0,0,0,0,0,1,disability
2018,51.2,9.97,male,indigenous,some_post_sec,0,0,0,0,1,emergency_shelter,0,1,0,0,1,0,0,1,0,welfare
2018,45.7,4.0,male,indigenous,some_post_sec,0,0,0,0,1,emergency_shelter,0,1,0,1,1,1,0,1,1,employment
2018,58.8,1.16,male,indigenous,some_post_sec,0,0,0,0,1,emergency_shelter,0,1,0,1,0,0,0,0,0,welfare
2018,61.7,30.0,male,indigenous,some_post_sec,0,0,0,0,1,emergency_shelter,0,1,0,0,0,0,0,0,0,disability
2018,54.7,19.1,male,indigenous,some_post_sec,0,0,0,0,1,emergency_shelter,0,1,0,1,1,0,0,1,0,welfare
2018,36.2,1.44,male,indigenous,some_post_sec,0,0,0,0,1,emergency_shelter,0,1,0,0,0,0,0,0,0,employment
2018,29.6,5.15,male,indigenous,some_post_sec,0,0,0,0,1,emergency_shelter,0,1,0,1,0,0,0,0,0,welfare
2018,36.8,3.78,male,indigenous,post_sec_higher,1,0,0,0,1,emergency_shelter,0,1,0,1,0,0,0,0,1,other
2018,31.8,4.83,male,indigenous,post_sec_higher,1,0,0,0,1,emergency_shelter,0,1,1,1,1,0,0,0,0,other
2018,57.7,12.68,male,indigenous,post_sec_higher,1,0,0,0,1,emergency_shelter,0,1,1,1,1,0,0,1,1,welfare
2018,49.8,2.46,male,indigenous,post_sec_higher,1,0,0,0,1,emergency_shelter,0,1,0,1,0,0,0,0,0,welfare
2018,55.0,15.83,male,indigenous,post_sec_higher,0,1,1,0,1,emergency_shelter,0,1,0,1,1,0,0,1,1,welfare
2018,24.9,9.74,male,indigenous,post_sec_higher,0,1,1,0,1,emergency_shelter,1,1,0,1,0,0,0,0,0,disability
2018,47.4,4.82,male,indigenous,post_sec_higher,0,1,1,0,1,emergency_shelter,0,1,0,1,0,0,0,0,0,welfare
2018,56.5,30.0,male,indigenous,post_sec_higher,0,1,1,0,1,emergency_shelter,0,1,0,0,1,1,0,0,0,disability
2018,15.0,2.18,male,indigenous,post_sec_higher,0,1,0,0,1,emergency_shelter,1,1,0,1,1,0,0,1,0,disability
2018,38.6,3.21,male,indigenous,post_sec_higher,0,1,0,0,1,respite,0,1,0,1,0,0,0,1,0,welfare
2018,46.0,3.82,male,indigenous,post_sec_higher,0,0,0,0,1,other,0,1,0,0,0,0,0,1,0,welfare
2018,36.9,30.0,male,indigenous,post_sec_higher,0,0,0,0,1,emergency_shelter,0,1,1,0,0,0,0,0,1,employment
2018,51.5,7.25,male,indigenous,post_sec_higher,0,0,0,0,1,emergency_shelter,0,1,1,1,0,0,0,1,1,welfare
2018,38.1,21.69,male,indigenous,post_sec_higher,0,0,0,0,1,respite,0,1,1,0,0,0,0,1,0,other
2018,45.3,14.55,male,indigenous,post_sec_higher,0,0,0,0,1,emergency_shelter,0,1,0,0,0,0,0,0,0,welfare
2018,58.1,9.99,male,indigenous,post_sec_higher,0,0,0,0,1,emergency_shelter,0,1,0,0,0,0,0,0,0,welfare
2018,35.9,5.94,male,indigenous,post_sec_higher,0,0,0,0,1,emergency_shelter,0,1,0,1,0,0,0,0,0,disability
2018,28.0,1.01,male,indigenous,post_sec_higher,0,0,0,0,1,respite,0,1,0,1,0,0,0,1,0,other
2018,42.4,8.52,male,indigenous,post_sec_higher,0,0,0,0,1,emergency_shelter,0,1,0,0,0,0,0,0,1,disability
2018,25.3,3.9,male,indigenous,post_sec_higher,0,0,0,0,1,emergency_shelter,0,1,0,1,0,0,0,0,0,other
2018,40.5,1.74,male,indigenous,post_sec_higher,0,0,0,0,1,emergency_shelter,0,1,0,1,0,0,0,1,0,other
2018,40.5,5.08,male,indigenous,post_sec_higher,0,0,0,0,1,respite,0,1,1,0,0,0,0,0,0,welfare
2018,15.0,13.13,male,indigenous,post_sec_higher,0,0,0,0,1,other,1,1,1,1,0,0,0,0,0,informal
2018,54.4,24.64,male,other,less_than_hs,1,0,0,0,1,emergency_shelter,0,0,0,1,0,0,0,0,0,welfare
2018,42.7,7.41,male,other,less_than_hs,1,0,0,0,1,emergency_shelter,0,0,0,0,0,0,0,0,0,other
2018,40.6,25.11,male,other,less_than_hs,1,0,0,0,1,emergency_shelter,0,0,0,0,1,0,0,0,0,welfare
2018,40.6,6.18,male,other,less_than_hs,1,0,0,0,1,emergency_shelter,0,0,0,1,0,0,0,1,0,employment
2018,44.6,8.34,male,other,less_than_hs,1,0,0,0,1,emergency_shelter,0,0,0,0,0,0,0,0,0,disability
2018,53.5,14.43,male,other,less_than_hs,1,0,0,0,1,emergency_shelter,0,0,0,1,0,0,0,0,1,welfare
2018,43.7,4.8,male,other,less_than_hs,1,0,0,0,1,emergency_shelter,0,0,0,0,0,1,0,1,0,other
2018,25.3,1.44,male,other,less_than_hs,1,0,0,0,1,emergency_shelter,0,0,0,1,0,0,0,1,0,other
2018,52.5,3.83,male,other,less_than_hs,1,0,0,0,1,emergency_shelter,0,0,0,0,0,0,0,0,0,other
2018,51.4,4.29,male,other,less_than_hs,0,1,1,0,1,respite,0,0,0,1,0,0,0,0,0,disability
2018,52.9,9.32,male,other,less_than_hs,0,1,1,0,1,emergency_shelter,0,0,1,0,0,0,0,0,1,welfare
2018,42.2,26.46,male,other,less_than_hs,0,1,1,0,1,emergency_shelter,0,0,0,1,0,0,0,1,1,welfare
2018,31.9,9.96,male,other,less_than_hs,0,1,1,0,1,respite,0,0,0,1,0,1,0,1,0,welfare
2018,34.4,21.22,male,other,less_than_hs,0,1,1,0,1,emergency_shelter,0,0,0,1,0,0,0,0,0,employment
2018,50.5,5.54,male,other,less_than_hs,0,1,1,0,1,emergency_shelter,0,0,1,0,0,1,0,1,0,welfare
2018,57.5,12.23,male,other,less_than_hs,0,1,1,0,1,emergency_shelter,0,0,1,0,0,1,0,0,0,welfare
2018,37.6,30.0,male,other,less_than_hs,0,1,1,0,1,emergency_shelter,0,0,0,1,0,0,0,0,0,welfare
2018,52.0,2.0,male,other,less_than_hs,0,1,1,0,1,emergency_shelter,0,0,0,1,0,0,0,1,0,welfare
2018,50.0,1.55,male,other,less_than_hs,0,1,0,0,1,emergency_shelter,0,0,0,0,1,1,0,0,0,welfare
2018,41.7,16.27,male,other,less_than_hs,0,1,0,0,1,emergency_shelter,0,0,0,1,0,0,0,0,0,disability
2018,43.2,3.53,male,other,less_than_hs,0,1,0,0,1,emergency_shelter,0,0,1,1,0,0,0,1,0,other
2018,32.3,10.22,male,other,less_than_hs,0,1,0,0,1,emergency_shelter,0,0,0,1,1,1,0,1,0,disability
2018,54.7,3.92,male,other,less_than_hs,0,1,0,0,1,emergency_shelter,0,0,0,0,1,0,0,0,1,welfare
2018,67.6,5.39,male,other,less_than_hs,0,1,0,0,1,emergency_shelter,0,0,0,1,1,0,0,0,0,disability
2018,32.5,7.08,male,other,less_than_hs,0,1,0,0,1,emergency_shelter,0,0,0,1,0,0,0,1,0,welfare
2018,24.8,17.51,male,other,less_than_hs,0,1,0,0,1,respite,1,0,0,0,1,0,0,0,0,other
2018,28.9,9.1,male,other,less_than_hs,0,0,1,0,1,emergency_shelter,0,0,0,0,0,1,0,0,0,disability
2018,45.9,4.51,male,other,less_than_hs,0,0,1,0,1,respite,0,0,0,0,0,0,0,0,0,other
2018,73.0,5.39,male,other,less_than_hs,0,0,1,0,1,emergency_shelter,0,0,0,1,0,0,0,1,0,disability
2018,39.5,17.47,male,other,less_than_hs,0,0,1,0,1,emergency_shelter,0,0,0,0,0,0,1,0,0,disability
2018,30.9,3.63,male,other,less_than_hs,0,0,1,0,1,emergency_shelter,0,0,0,0,0,0,0,1,0,other
2018,49.7,2.23,male,other,less_than_hs,0,0,0,1,1,outdoor,0,0,0,0,0,0,0,0,0,welfare
2018,58.6,3.85,male,other,less_than_hs,0,0,0,1,1,outdoor,0,0,0,0,0,0,0,0,0,disability
2018,53.0,1.8,male,other,less_than_hs,0,0,0,1,1,outdoor,0,0,0,0,0,0,0,0,0,other
2018,18.9,30.0,male,other,less_than_hs,0,0,0,0,1,emergency_shelter,1,0,0,1,0,0,0,0,0,welfare
2018,49.4,7.51,male,other,less_than_hs,0,0,0,0,1,emergency_shelter,0,0,0,0,0,0,0,0,0,disability
2018,43.0,2.04,male,other,less_than_hs,0,0,0,0,1,other,0,0,0,0,0,0,0,0,0,other
2018,35.0,6.32,male,other,less_than_hs,0,0,0,0,1,other,0,0,0,1,0,0,0,0,0,welfare
2018,43.1,4.39,male,other,less_than_hs,0,0,0,0,1,emergency_shelter,0,0,0,0,0,0,0,1,0,disability
2018,41.4,5.63,male,other,less_than_hs,0,0,0,0,1,emergency_shelter,0,0,0,0,1,0,0,0,0,informal
2018,32.8,2.34,male,other,less_than_hs,0,0,0,0,1,emergency_shelter,0,0,0,1,0,0,0,1,1,welfare
2018,50.0,6.01,male,other,less_than_hs,0,0,0,0,1,emergency_shelter,0,0,0,0,1,1,1,0,0,welfare
2018,40.2,1.97,male,other,less_than_hs,0,0,0,0,1,respite,0,0,1,1,0,0,0,0,0,other
2018,42.5,13.59,male,other,less_than_hs,0,0,0,0,1,emergency_shelter,0,0,0,1,0,0,0,0,0,other
2018,24.0,8.0,male,other,less_than_hs,0,0,0,0,1,emergency_shelter,1,0,0,1,0,0,0,1,0,disability
2018,42.6,1.48,male,other,less_than_hs,0,0,0,0,1,emergency_shelter,0,0,1,0,0,0,0,1,0,other
2018,41.9,29.44,male,other,less_than_hs,0,0,0,0,1,emergency_shelter,0,0,0,1,0,0,0,0,0,employment
2018,32.8,8.6,male,other,less_than_hs,0,0,0,0,1,emergency_shelter,0,0,0,0,0,0,0,0,0,welfare
2018,51.8,3.45,male,other,less_than_hs,0,0,0,0,1,emergency_shelter,0,0,0,1,0,0,0,0,0,other
2018,15.0,1.27,male,other,less_than_hs,0,0,0,0,1,emergency_shelter,1,0,1,1,1,0,0,0,0,welfare
2018,37.6,9.06,male,other,less_than_hs,0,0,0,0,1,emergency_shelter,0,0,0,0,0,0,0,1,0,employment
2018,48.7,4.11,male,other,less_than_hs,0,0,0,0,1,emergency_shelter,0,0,0,0,0,0,0,0,0,welfare
2018,73.8,30.0,male,other,less_than_hs,0,0,0,0,1,emergency_shelter,0,0,1,0,0,0,0,0,0,welfare
2018,22.3,4.92,male,other,less_than_hs,0,0,0,0,0,emergency_shelter,1,0,0,0,0,0,0,1,0,disability
2018,38.2,1.01,male,other,less_than_hs,0,0,0,0,0,emergency_shelter,0,0,0,0,0,1,0,0,0,other
2018,40.9,3.81,male,other,less_than_hs,0,0,0,0,0,respite,0,0,0,1,0,0,0,0,0,informal
2018,27.1,3.53,male,other,less_than_hs,0,0,0,0,0,emergency_shelter,0,0,0,0,0,0,0,0,0,welfare
2018,44.0,3.26,male,other,less_than_hs,0,0,0,0,0,emergency_shelter,0,0,0,1,0,0,0,0,0,welfare
2018,61.1,30.0,male,other,hs_graduate,1,0,0,0,1,emergency_shelter,0,0,0,0,0,0,0,1,0,disability
2018,50.2,1.17,male,other,hs_graduate,1,0,0,0,1,emergency_shelter,0,0,0,1,0,0,1,0,0,other
2018,63.6,9.95,male,other,hs_graduate,1,0,0,0,1,emergency_shelter,0,0,0,1,0,0,0,1,1,employment
2018,26.7,4.65,male,other,hs_graduate,1,0,0,0,1,emergency_shelter,0,0,0,0,0,0,0,0,0,disability
2018,34.4,1.06,male,other,hs_graduate,1,0,0,0,1,emergency_shelter,0,0,0,1,0,0,0,0,0,other
2018,45.7,8.54,male,other,hs_graduate,1,0,0,0,1,emergency_shelter,0,0,0,0,0,0,0,0,0,other
2018,60.8,1.77,male,other,hs_graduate,1,0,0,0,1,emergency_shelter,0,0,0,1,0,0,0,1,1,welfare
2018,50.8,4.01,male,other,hs_graduate,0,1,1,0,1,emergency_shelter,0,0,0,1,0,0,0,1,0,disability
2018,58.2,9.37,male,other,hs_graduate,0,1,1,0,1,emergency_shelter,0,0,0,1,0,0,0,0,0,disability
2018,49.7,1.16,male,other,hs_graduate,0,1,1,0,1,emergency_shelter,0,0,0,0,0,0,0,0,0,welfare
2018,45.0,4.07,male,other,hs_graduate,0,1,1,0,1,other,0,0,1,1,0,0,0,1,1,welfare
2018,22.8,6.61,male,other,hs_graduate,0,1,1,0,1,emergency_shelter,1,0,0,1,0,0,0,1,0,welfare
2018,56.2,1.12,male,other,hs_graduate,0,1,1,0,1,emergency_shelter,0,0,0,1,1,0,0,1,0,informal
2018,71.7,6.13,male,other,hs_graduate,0,1,1,0,1,emergency_shelter,0,0,0,0,0,0,0,0,1,welfare
2018,58.2,3.14,male,other,hs_graduate,0,1,0,0,1,emergency_shelter,0,0,0,0,0,0,0,0,0,welfare
2018,47.0,11.71,male,other,hs_graduate,0,1,0,0,1,emergency_shelter,0,0,0,1,1,0,0,0,0,informal
2018,73.8,3.94,male,other,hs_graduate,0,1,0,0,1,respite,0,0,0,1,0,0,0,0,0,welfare
2018,48.1,2.29,male,other,hs_graduate,0,1,0,0,1,emergency_shelter,0,0,1,1,1,0,0,0,0,other
2018,27.0,4.06,male,other,hs_graduate,0,1,0,0,1,emergency_shelter,0,0,0,0,0,0,0,1,0,other
2018,22.2,23.13,male,other,hs_graduate,0,1,0,0,1,emergency_shelter,1,0,0,1,0,0,0,1,1,disability
2018,59.0,14.32,male,other,hs_graduate,0,0,1,0,1,emergency_shelter,0,0,0,1,0,0,0,1,0,other
2018,67.7,2.42,male,other,hs_graduate,0,0,1,0,1,other,0,0,0,0,0,0,0,0,1,disability
2018,63.3,8.77,male,other,hs_graduate,0,0,1,0,1,emergency_shelter,0,0,0,1,0,0,0,1,1,other
2018,59.2,1.35,male,other,hs_graduate,0,0,0,1,1,outdoor,0,0,0,0,1,0,0,1,0,welfare
2018,62.1,30.0,male,other,hs_graduate,0,0,0,0,1,emergency_shelter,0,0,1,0,1,0,0,0,0,welfare
2018,55.7,30.0,male,other,hs_graduate,0,0,0,0,1,emergency_shelter,0,0,0,1,0,0,0,0,0,employment
2018,52.1,7.01,male,other,hs_graduate,0,0,0,0,1,emergency_shelter,0,0,1,1,0,0,0,1,0,disability
2018,20.8,5.91,male,other,hs_graduate,0,0,0,0,1,other,1,0,0,0,0,1,0,0,0,disability
2018,43.2,3.66,male,other,hs_graduate,0,0,0,0,1,other,0,0,1,1,0,0,0,0,1,other
2018,36.6,12.15,male,other,hs_graduate,0,0,0,0,1,emergency_shelter,0,0,0,1,0,0,0,0,0,welfare
2018,47.9,6.73,male,other,hs_graduate,0,0,0,0,1,emergency_shelter,0,0,0,1,0,1,0,0,0,welfare
2018,38.6,30.0,male,other,hs_graduate,0,0,0,0,1,emergency_shelter,0,0,0,1,0,0,1,1,0,other
2018,40.5,2.69,male,other,hs_graduate,0,0,0,0,1,other,0,0,0,1,0,0,0,0,0,disability
2018,50.8,3.39,male,other,hs_graduate,0,0,0,0,1,emergency_shelter,0,0,0,0,0,0,0,0,0,welfare
2018,38.4,3.45,male,other,hs_graduate,0,0,0,0,1,emergency_shelter,0,0,0,0,0,0,0,0,0,welfare
2018,46.1,17.86,male,other,hs_graduate,0,0,0,0,1,emergency_shelter,0,0,0,1,0,0,0,0,0,disability
2018,23.1,1.61,male,other,hs_graduate,0,0,0,0,1,emergency_shelter,1,0,0,1,1,0,0,0,0,other
2018,32.7,5.25,male,other,hs_graduate,0,0,0,0,1,emergency_shelter,0,0,0,1,0,0,0,0,0,welfare
2018,53.6,4.83,male,other,hs_graduate,0,0,0,0,1,emergency_shelter,0,0,0,1,0,0,0,0,0,disability
2018,27.2,1.44,male,other,hs_graduate,0,0,0,0,1,emergency_shelter,0,0,0,0,0,0,0,0,0,welfare
2018,61.8,4.59,male,other,hs_graduate,0,0,0,0,1,emergency_shelter,0,0,0,0,0,0,0,0,0,other
2018,55.0,0.05,male,other,hs_graduate,0,0,0,0,0,respite,0,0,0,0,0,0,0,1,0,disability
2018,53.5,1.38,male,other,hs_graduate,0,0,0,0,0,emergency_shelter,0,0,0,1,0,0,0,1,0,welfare
2018,33.2,3.66,male,other,hs_graduate,0,0,0,0,0,emergency_shelter,0,0,0,0,0,0,0,1,0,informal
2018,59.3,1.3,male,other,some_post_sec,1,0,0,0,1,emergency_shelter,0,0,0,1,0,0,0,1,0,other
2018,45.9,2.22,male,other,some_post_sec,0,1,1,0,1,emergency_shelter,0,0,0,0,0,0,0,0,0,welfare
2018,33.3,3.06,male,other,some_post_sec,0,0,0,0,1,emergency_shelter,0,0,0,1,0,0,0,1,0,employment
2018,48.8,2.88,male,other,some_post_sec,0,0,0,0,1,emergency_shelter,0,0,0,0,0,0,0,0,0,welfare
2018,19.9,10.61,male,other,some_post_sec,0,0,0,0,1,emergency_shelter,1,0,0,1,0,0,0,1,0,welfare
2018,55.5,8.2,male,other,some_post_sec,0,0,0,0,1,emergency_shelter,0,0,0,0,0,0,0,0,0,disability
2018,29.6,2.1,male,other,some_post_sec,0,0,0,0,1,emergency_shelter,0,0,0,1,0,0,0,0,0,welfare
2018,15.6,28.34,male,other,some_post_sec,0,0,0,0,1,emergency_shelter,1,0,1,1,1,0,0,0,0,welfare
2018,69.9,10.67,male,other,some_post_sec,0,0,0,0,1,emergency_shelter,0,0,0,0,0,0,0,0,0,other
2018,32.4,3.98,male,other,some_post_sec,0,0,0,0,1,emergency_shelter,0,0,0,0,0,0,0,0,0,disability
2018,34.3,10.81,male,other,some_post_sec,0,0,0,0,1,emergency_shelter,0,0,0,1,1,0,0,0,0,employment
2018,60.3,1.7,male,other,some_post_sec,0,0,0,0,1,emergency_shelter,0,0,0,1,0,0,0,1,0,welfare
2018,70.4,5.45,male,other,some_post_sec,0,0,0,0,1,emergency_shelter,0,0,0,0,0,1,0,0,0,welfare
2018,22.9,2.77,male,other,post_sec_higher,1,0,0,0,1,emergency_shelter,1,0,0,1,0,1,0,0,0,welfare
2018,63.2,12.37,male,other,post_sec_higher,1,0,0,0,1,emergency_shelter,0,0,0,0,0,0,0,0,0,disability
2018,44.1,2.77,male,other,post_sec_higher,1,0,0,0,1,emergency_shelter,0,0,0,1,1,0,0,1,0,disability
2018,51.5,2.49,male,other,post_sec_higher,1,0,0,0,1,emergency_shelter,0,0,0,1,0,0,0,0,0,welfare
2018,55.0,6.91,male,other,post_sec_higher,1,0,0,0,1,respite,0,0,0,1,0,0,0,1,0,other
2018,25.9,2.35,male,other,post_sec_higher,0,1,1,0,1,emergency_shelter,0,0,0,0,0,0,0,0,0,informal
2018,71.5,4.7,male,other,post_sec_higher,0,1,1,0,1,emergency_shelter,0,0,0,0,0,0,0,0,0,welfare
2018,51.1,3.15,male,other,post_sec_higher,0,1,1,0,1,emergency_shelter,0,0,0,0,0,0,0,0,0,other
2018,54.5,3.7,male,other,post_sec_higher,0,1,1,0,1,emergency_shelter,0,0,0,1,0,0,0,0,0,welfare
2018,19.7,6.28,male,other,post_sec_higher,0,1,1,0,1,emergency_shelter,1,0,1,0,0,0,0,0,0,welfare
2018,55.3,5.56,male,other,post_sec_higher,0,1,0,0,1,emergency_shelter,0,0,0,1,0,0,0,0,0,disability
2018,15.0,22.43,male,other,post_sec_higher,0,1,0,0,1,emergency_shelter,1,0,0,1,0,0,0,0,1,other
2018,41.0,30.0,male,other,post_sec_higher,0,1,0,0,1,emergency_shelter,0,0,1,1,0,0,0,1,0,welfare
2018,65.8,6.23,male,other,post_sec_higher,0,0,1,0,1,emergency_shelter,0,0,0,0,0,0,0,0,0,welfare
2018,50.7,4.9,male,other,post_sec_higher,0,0,0,0,1,emergency_shelter,0,0,0,0,0,0,0,0,0,disability
2018,48.6,17.25,male,other,post_sec_higher,0,0,0,0,1,emergency_shelter,0,0,0,1,0,0,0,1,0,employment
2018,59.5,14.54,male,other,post_sec_higher,0,0,0,0,1,emergency_shelter,0,0,0,0,0,0,0,0,0,disability
2018,69.9,3.41,male,other,post_sec_higher,0,0,0,0,1,emergency_shelter,0,0,0,1,0,0,0,0,0,employment
2018,57.1,11.58,male,other,post_sec_higher,0,0,0,0,1,other,0,0,0,0,0,0,0,0,0,other
2018,50.6,5.9,male,other,post_sec_higher,0,0,0,0,1,emergency_shelter,0,0,0,0,0,0,0,0,0,disability
2018,53.9,3.53,male,other,post_sec_higher,0,0,0,0,1,respite,0,0,0,1,0,0,0,1,0,welfare
2018,42.0,4.62,male,other,post_sec_higher,0,0,0,0,1,emergency_shelter,0,0,0,1,0,0,0,1,0,disability
2018,23.9,30.0,male,other,post_sec_higher,0,0,0,0,1,emergency_shelter,1,0,1,1,1,0,0,0,0,informal
2018,45.0,3.94,male,other,post_sec_higher,0,0,0,0,1,respite,0,0,0,1,0,0,0,0,1,welfare
2018,49.5,3.15,male,other,post_sec_higher,0,0,0,0,1,emergency_shelter,0,0,0,1,0,0,0,0,0,disability
2018,27.5,3.85,male,other,post_sec_higher,0,0,0,0,1,emergency_shelter,0,0,0,0,0,0,0,1,0,other
2018,63.0,2.49,male,other,post_sec_higher,0,0,0,0,1,emergency_shelter,0,0,0,0,0,0,0,0,0,informal
2018,58.5,6.86,male,other,post_sec_higher,0,0,0,0,1,emergency_shelter,0,0,0,0,0,0,0,0,0,other
2018,25.2,1.95,male,other,post_sec_higher,0,0,0,0,1,other,0,0,0,1,0,0,0,0,0,disability
2018,21.4,0.44,male,other,post_sec_higher,0,0,0,0,0,emergency_shelter,1,0,0,0,0,0,0,0,0,welfare
2018,25.2,1.39,female,black,less_than_hs,1,1,1,0,1,emergency_shelter,0,0,0,0,0,0,0,0,0,other
2018,71.9,5.87,female,black,less_than_hs,1,1,1,0,1,respite,0,0,0,0,0,0,0,0,0,informal
2018,60.0,30.0,female,black,less_than_hs,1,1,1,0,1,emergency_shelter,0,0,1,1,0,0,0,1,0,other
2018,73.4,4.28,female,black,less_than_hs,1,1,1,0,1,emergency_shelter,0,0,0,1,0,0,0,0,1,welfare
2018,39.2,8.0,female,black,less_than_hs,1,1,1,0,1,emergency_shelter,0,0,0,1,1,0,0,1,0,welfare
2018,45.8,1.66,female,black,less_than_hs,1,1,1,0,1,other,0,0,0,0,0,1,0,0,0,informal
2018,51.8,2.89,female,black,less_than_hs,1,1,0,0,1,respite,0,0,0,1,0,0,0,0,0,disability
2018,57.5,2.4,female,black,less_than_hs,1,1,0,0,1,emergency_shelter,0,0,0,1,0,1,0,1,1,welfare
2018,38.5,3.89,female,black,less_than_hs,1,1,0,0,1,emergency_shelter,0,0,0,1,0,0,0,0,0,informal
2018,36.3,1.45,female,black,less_than_hs,1,1,0,0,1,emergency_shelter,0,0,0,0,0,0,0,1,0,disability
2018,50.3,23.55,female,black,less_than_hs,1,1,0,0,1,emergency_shelter,0,0,0,1,0,0,0,1,0,disability
2018,66.3,9.03,female,black,less_than_hs,1,0,1,0,1,emergency_shelter,0,0,0,1,0,0,0,1,0,employment
2018,85.0,11.6,female,black,less_than_hs,1,0,1,0,1,emergency_shelter,0,0,0,1,0,0,0,0,0,other
2018,49.4,15.33,female,black,less_than_hs,1,0,0,0,1,emergency_shelter,0,0,0,0,1,0,0,0,0,informal
2018,20.6,8.5,female,black,less_than_hs,1,0,0,0,1,other,1,0,0,1,0,0,0,0,1,welfare
2018,53.0,6.47,female,black,less_than_hs,1,0,0,0,1,emergency_shelter,0,0,0,1,0,0,0,1,0,informal
2018,15.0,30.0,female,black,less_than_hs,1,0,0,0,1,emergency_shelter,1,0,0,1,0,0,0,0,0,welfare
2018,60.5,3.11,female,black,less_than_hs,1,0,0,0,1,emergency_shelter,0,0,0,1,0,0,1,1,0,other
2018,39.9,2.0,female,black,less_than_hs,1,0,0,0,1,emergency_shelter,0,0,1,0,0,1,0,0,0,disability
2018,46.2,3.16,female,black,less_than_hs,1,0,0,0,1,emergency_shelter,0,0,0,0,0,0,0,0,0,welfare
2018,33.9,8.55,female,black,less_than_hs,1,0,0,0,1,emergency_shelter,0,0,0,0,0,0,0,1,0,disability
2018,17.8,2.24,female,black,less_than_hs,1,0,0,0,1,respite,1,0,0,0,0,0,0,0,0,disability
2018,61.7,30.0,female,black,less_than_hs,1,0,0,0,1,emergency_shelter,0,0,0,1,0,0,0,0,0,disability
2018,63.1,4.6,female,black,less_than_hs,1,0,0,0,1,emergency_shelter,0,0,0,1,0,1,0,1,0,welfare
2018,39.5,22.6,female,black,less_than_hs,1,0,0,0,1,emergency_shelter,0,0,0,1,0,0,0,1,0,other
2018,53.7,2.79,female,black,less_than_hs,1,0,0,0,1,emergency_shelter,0,0,0,1,0,0,0,1,0,welfare
2018,38.9,3.42,female,black,less_than_hs,1,0,0,0,1,emergency_shelter,0,0,0,0,0,0,0,0,0,disability
2018,48.4,1.35,female,black,less_than_hs,1,0,0,0,1,respite,0,0,0,1,0,0,0,0,0,other
2018,55.0,2.87,female,black,less_than_hs,1,0,0,0,1,respite,0,0,1,1,1,0,0,1,0,disability
2018,27.6,2.51,female,black,less_than_hs,1,0,0,0,0,respite,0,0,0,1,0,0,0,0,0,other
2018,28.8,8.0,female,black,less_than_hs,1,0,0,0,0,emergency_shelter,0,0,0,0,0,0,0,0,0,other
2018,54.6,6.19,female,black,less_than_hs,0,1,1,0,1,emergency_shelter,0,0,0,0,0,0,0,0,1,welfare
2018,37.0,12.3,female,black,less_than_hs,0,1,1,0,1,respite,0,0,1,1,0,0,0,0,0,disability
2018,32.5,30.0,female,black,less_than_hs,0,1,1,0,1,emergency_shelter,0,0,1,0,0,0,0,1,1,welfare
2018,26.7,9.38,female,black,less_than_hs,0,1,1,0,1,emergency_shelter,0,0,0,0,0,1,0,0,0,other
2018,44.9,10.46,female,black,less_than_hs,0,1,1,0,1,other,0,0,0,0,0,0,0,0,0,welfare
2018,24.5,12.43,female,black,less_than_hs,0,1,1,0,1,emergency_shelter,1,0,0,1,0,0,0,0,0,disability
2018,45.8,2.89,female,black,less_than_hs,0,1,1,0,1,emergency_shelter,0,0,0,1,1,0,0,0,0,informal
2018,61.4,7.72,female,black,less_than_hs,0,1,1,0,1,emergency_shelter,0,0,0,0,0,0,0,0,0,welfare
2018,39.5,21.61,female,black,less_than_hs,0,1,1,0,1,respite,0,0,0,0,0,0,0,0,0,disability
2018,36.9,3.24,female,black,less_than_hs,0,1,1,0,1,emergency_shelter,0,0,0,0,0,0,0,1,1,other
2018,72.4,30.0,female,black,less_than_hs,0,1,1,0,1,other,0,0,0,1,0,0,1,1,0,other
2018,65.5,8.71,female,black,less_than_hs,0,1,1,0,1,respite,0,0,0,1,0,0,0,1,0,employment
2018,33.7,4.77,female,black,less_than_hs,0,1,1,0,1,emergency_shelter,0,0,0,1,0,0,0,1,0,disability
2018,46.3,8.79,female,black,less_than_hs,0,1,1,0,1,emergency_shelter,0,0,0,1,0,0,0,0,0,welfare
2018,49.0,4.47,female,black,less_than_hs,0,1,1,0,1,emergency_shelter,0,0,0,1,1,0,0,0,0,employment
2018,47.3,21.11,female,black,less_than_hs,0,1,1,0,1,emergency_shelter,0,0,0,0,0,0,0,0,0,disability
2018,39.8,2.82,female,black,less_than_hs,0,1,1,0,0,respite,0,0,0,1,0,0,0,0,0,other
2018,40.0,0.17,female,black,less_than_hs,0,1,1,0,0,emergency_shelter,0,0,0,0,0,0,0,1,1,other
2018,45.3,18.95,female,black,less_than_hs,0,1,0,0,1,emergency_shelter,0,0,0,1,0,0,0,0,0,employment
2018,35.9,2.48,female,black,less_than_hs,0,1,0,0,1,respite,0,0,1,0,1,0,0,1,0,welfare
2018,32.1,30.0,female,black,less_than_hs,0,1,0,0,1,emergency_shelter,0,0,0,1,0,0,0,0,1,disability
2018,39.1,1.13,female,black,less_than_hs,0,1,0,0,1,emergency_shelter,0,0,0,0,1,0,1,0,0,employment
2018,60.4,30.0,female,black,less_than_hs,0,1,0,0,1,emergency_shelter,0,0,0,0,0,0,0,1,0,disability
2018,63.4,7.88,female,black,less_than_hs,0,1,0,0,1,emergency_shelter,0,0,0,0,0,0,0,0,0,disability
2018,43.3,15.46,female,black,less_than_hs,0,1,0,0,1,emergency_shelter,0,0,0,1,0,1,0,1,1,welfare
2018,31.2,4.43,female,black,less_than_hs,0,1,0,0,1,emergency_shelter,0,0,0,1,0,0,0,0,0,informal
2018,43.3,30.0,female,black,less_than_hs,0,1,0,0,1,emergency_shelter,0,0,1,1,0,0,0,0,0,welfare
2018,73.7,2.6,female,black,less_than_hs,0,1,0,0,1,emergency_shelter,0,0,0,0,0,0,0,0,0,welfare
2018,58.4,2.93,female,black,less_than_hs,0,1,0,0,1,emergency_shelter,0,0,0,0,1,0,0,0,0,disability
2018,52.1,1.3,female,black,less_than_hs,0,1,0,0,1,emergency_shelter,0,0,0,1,0,0,0,1,0,welfare
2018,57.9,30.0,female,black,less_than_hs,0,1,0,0,1,other,0,0,0,1,0,1,0,0,0,employment
2018,66.0,5.26,female,black,less_than_hs,0,1,0,0,1,emergency_shelter,0,0,0,1,1,1,0,0,0,disability
2018,28.3,10.48,female,black,less_than_hs,0,1,0,0,1,emergency_shelter,0,0,0,1,0,1,0,0,0,disability
2018,35.9,2.58,female,black,less_than_hs,0,1,0,0,0,emergency_shelter,0,0,0,0,0,0,0,0,0,disability
2018,49.7,14.15,female,black,less_than_hs,0,0,1,0,1,emergency_shelter,0,0,0,1,0,0,0,1,0,welfare
2018,45.7,5.54,female,black,less_than_hs,0,0,1,0,1,respite,0,0,0,1,0,0,0,0,1,disability
2018,44.7,30.0,female,black,less_than_hs,0,0,1,0,1,respite,0,0,0,0,0,0,0,0,1,informal
2018,29.4,17.14,female,black,less_than_hs,0,0,1,0,1,emergency_shelter,0,0,0,0,0,1,0,1,1,other
2018,42.5,30.0,female,black,less_than_hs,0,0,1,0,1,other,0,0,0,1,0,0,0,1,0,disability
2018,39.5,2.48,female,black,less_than_hs,0,0,1,0,1,emergency_shelter,0,0,0,0,0,0,0,1,0,welfare
2018,59.4,10.23,female,black,less_than_hs,0,0,1,0,1,emergency_shelter,0,0,0,1,1,0,0,1,0,welfare
2018,49.7,13.28,female,black,less_than_hs,0,0,1,0,1,emergency_shelter,0,0,0,1,0,0,0,1,0,other
2018,40.5,13.5,female,black,less_than_hs,0,0,1,0,1,respite,0,0,0,0,0,0,0,1,0,disability
2018,68.5,6.07,female,black,less_than_hs,0,0,1,0,1,emergency_shelter,0,0,0,1,0,0,0,0,0,welfare
2018,40.6,1.06,female,black,less_than_hs,0,0,1,0,1,emergency_shelter,0,0,0,1,0,0,1,0,1,employment
2018,52.2,2.9,female,black,less_than_hs,0,0,1,0,1,emergency_shelter,0,0,0,0,0,0,0,1,0,welfare
2018,38.3,11.49,female,black,less_than_hs,0,0,0,1,1,outdoor,0,0,0,0,0,0,0,0,1,disability
2018,27.9,4.61,female,black,less_than_hs,0,0,0,1,1,outdoor,0,0,0,1,0,0,0,0,1,disability
2018,25.7,3.45,female,black,less_than_hs,0,0,0,1,1,outdoor,0,0,0,1,0,1,0,1,0,disability
2018,35.6,30.0,female,black,less_than_hs,0,0,0,1,1,outdoor,0,0,0,0,0,0,0,0,0,disability
2018,49.5,2.92,female,black,less_than_hs,0,0,0,1,1,outdoor,0,0,0,0,0,0,0,0,0,disability
2018,55.2,4.43,female,black,less_than_hs,0,0,0,1,1,outdoor,0,0,0,1,0,0,0,1,0,welfare
2018,31.1,4.22,female,black,less_than_hs,0,0,0,1,1,outdoor,0,0,0,0,0,0,0,0,0,welfare
2018,33.1,2.72,female,black,less_than_hs,0,0,0,1,1,outdoor,0,0,1,0,1,0,1,1,0,welfare
2018,19.5,2.51,female,black,less_than_hs,0,0,0,1,1,outdoor,1,0,0,1,0,0,0,0,0,disability
2018,47.4,3.31,female,black,less_than_hs,0,0,0,1,1,outdoor,0,0,0,0,0,0,0,0,0,disability
2018,49.7,30.0,female,black,less_than_hs,0,0,0,0,1,respite,0,0,0,1,0,0,0,1,0,other
2018,51.6,20.8,female,black,less_than_hs,0,0,0,0,1,emergency_shelter,0,0,0,0,0,0,0,0,0,disability
2018,38.0,1.09,female,black,less_than_hs,0,0,0,0,1,emergency_shelter,0,0,0,0,0,0,1,0,0,other
2018,71.5,8.61,female,black,less_than_hs,0,0,0,0,1,emergency_shelter,0,0,0,0,0,0,0,0,0,other
2018,19.9,2.85,female,black,less_than_hs,0,0,0,0,1,emergency_shelter,1,0,0,1,0,0,0,0,0,disability
2018,45.2,1.65,female,black,less_than_hs,0,0,0,0,1,emergency_shelter,0,0,0,0,0,0,0,0,0,other
2018,41.3,11.71,female,black,less_than_hs,0,0,0,0,1,emergency_shelter,0,0,0,1,1,1,0,0,0,welfare
2018,36.7,1.84,female,black,less_than_hs,0,0,0,0,1,emergency_shelter,0,0,0,1,0,0,0,1,0,welfare
2018,34.6,5.07,female,black,less_than_hs,0,0,0,0,1,emergency_shelter,0,0,0,1,1,0,0,1,1,other
2018,44.3,9.06,female,black,less_than_hs,0,0,0,0,1,respite,0,0,1,1,0,0,0,0,0,welfare
2018,41.2,7.07,female,black,less_than_hs,0,0,0,0,1,emergency_shelter,0,0,0,1,0,0,0,0,0,welfare
2018,38.9,30.0,female,black,less_than_hs,0,0,0,0,1,emergency_shelter,0,0,1,1,0,0,0,0,0,welfare
2018,26.2,16.24,female,black,less_than_hs,0,0,0,0,1,emergency_shelter,0,0,0,1,1,0,0,0,0,welfare
2018,21.7,15.42,female,black,less_than_hs,0,0,0,0,1,emergency_shelter,1,0,0,1,0,0,0,0,0,welfare
2018,40.4,3.89,female,black,less_than_hs,0,0,0,0,1,respite,0,0,0,1,0,0,0,1,0,disability
2018,38.8,1.05,female,black,less_than_hs,0,0,0,0,1,emergency_shelter,0,0,1,1,1,0,0,1,1,disability
2018,41.6,13.07,female,black,less_than_hs,0,0,0,0,1,emergency_shelter,0,0,0,0,0,0,0,1,1,other
2018,42.9,30.0,female,black,less_than_hs,0,0,0,0,1,emergency_shelter,0,0,0,1,0,0,0,0,0,disability
2018,37.1,4.53,female,black,less_than_hs,0,0,0,0,1,emergency_shelter,0,0,0,0,0,0,0,1,0,welfare
2018,41.4,30.0,female,black,less_than_hs,0,0,0,0,1,emergency_shelter,0,0,0,0,0,0,0,0,0,employment
2018,32.5,1.91,female,black,less_than_hs,0,0,0,0,1,emergency_shelter,0,0,0,1,0,0,0,1,0,disability
2018,65.7,3.25,female,black,less_than_hs,0,0,0,0,1,emergency_shelter,0,0,1,0,0,0,0,0,1,disability
2018,33.2,2.13,female,black,less_than_hs,0,0,0,0,1,emergency_shelter,0,0,0,1,1,1,1,0,0,disability
2018,39.2,5.56,female,black,less_than_hs,0,0,0,0,1,emergency_shelter,0,0,0,0,0,0,0,0,0,welfare
2018,34.3,17.11,female,black,less_than_hs,0,0,0,0,1,emergency_shelter,0,0,0,0,0,0,0,0,1,other
2018,34.0,3.72,female,black,less_than_hs,0,0,0,0,1,emergency_shelter,0,0,0,0,0,0,0,1,1,welfare
2018,34.7,1.95,female,black,less_than_hs,0,0,0,0,0,respite,0,0,0,0,0,0,0,0,0,welfare
2018,46.3,8.0,female,black,less_than_hs,0,0,0,0,0,emergency_shelter,0,0,0,1,0,0,0,1,0,welfare
2018,18.2,1.69,female,black,less_than_hs,0,0,0,0,0,respite,1,0,0,1,0,1,0,0,0,other
2018,48.7,8.0,female,black,less_than_hs,0,0,0,0,0,respite,0,0,0,0,0,0,0,1,0,welfare
2018,15.0,8.0,female,black,less_than_hs,0,0,0,0,0,respite,1,0,0,0,0,0,0,0,0,disability
2018,45.8,3.67,female,black,less_than_hs,0,0,0,0,0,emergency_shelter,0,0,0,1,0,0,0,0,0,welfare
2018,45.0,0.05,female,black,less_than_hs,0,0,0,0,0,emergency_shelter,0,0,0,0,0,0,1,0,0,informal
2018,44.1,1.74,female,black,less_than_hs,0,0,0,0,0,emergency_shelter,0,0,0,1,0,0,0,0,1,welfare
2018,31.1,8.0,female,black,less_than_hs,0,0,0,0,0,other,0,0,0,0,0,0,0,1,0,other
2018,49.1,7.36,female,black,less_than_hs,0,0,0,0,0,emergency_shelter,0,0,0,1,0,0,0,1,0,disability
2018,46.9,0.71,female,black,less_than_hs,0,0,0,0,0,emergency_shelter,0,0,0,0,0,1,0,0,0,other
2018,38.5,1.73,female,black,less_than_hs,0,0,0,0,0,emergency_shelter,0,0,1,1,0,0,0,0,0,disability
2018,59.9,1.13,female,black,hs_graduate,1,1,1,0,1,emergency_shelter,0,0,0,1,0,0,0,0,1,disability
2018,37.0,30.0,female,black,hs_graduate,1,1,1,0,1,emergency_shelter,0,0,0,1,0,0,0,1,0,welfare
2018,56.9,2.49,female,black,hs_graduate,1,1,1,0,1,emergency_shelter,0,0,0,0,0,0,0,0,0,disability
2018,59.9,8.96,female,black,hs_graduate,1,1,1,0,1,emergency_shelter,0,0,0,1,0,0,0,0,0,welfare
2018,37.5,1.63,female,black,hs_graduate,1,1,0,0,1,respite,0,0,0,1,0,1,1,1,0,other
2018,46.4,2.5,female,black,hs_graduate,1,1,0,0,1,emergency_shelter,0,0,0,0,0,0,0,1,0,other
2018,55.2,4.78,female,black,hs_graduate,1,1,0,0,1,other,0,0,0,1,0,0,0,1,0,welfare
2018,38.0,5.41,female,black,hs_graduate,1,0,0,0,1,other,0,0,1,0,0,0,0,1,0,welfare
2018,27.1,2.9,female,black,hs_graduate,1,0,0,0,1,emergency_shelter,0,0,1,0,0,0,0,0,0,other
2018,22.4,5.43,female,black,hs_graduate,1,0,0,0,1,emergency_shelter,1,0,0,1,0,0,0,1,0,welfare
2018,49.5,15.62,female,black,hs_graduate,1,0,0,0,1,emergency_shelter,0,0,0,0,0,0,0,0,1,other
2018,33.8,2.03,female,black,hs_graduate,1,0,0,0,1,respite,0,0,0,1,0,0,0,1,0,other
2018,53.8,1.78,female,black,hs_graduate,1,0,0,0,1,emergency_shelter,0,0,0,1,1,0,0,1,0,disability
2018,25.8,2.98,female,black,hs_graduate,1,0,0,0,1,emergency_shelter,0,0,1,1,0,0,0,0,0,disability
2018,36.9,30.0,female,black,hs_graduate,1,0,0,0,1,emergency_shelter,0,0,0,1,0,0,0,0,0,welfare
2018,25.8,13.8,female,black,hs_graduate,1,0,0,0,1,emergency_shelter,0,0,0,0,0,0,0,0,0,other
2018,50.5,1.11,female,black,hs_graduate,1,0,0,0,1,respite,0,0,0,1,0,1,0,1,0,other
2018,53.5,4.46,female,black,hs_graduate,1,0,0,0,1,other,0,0,0,0,0,0,0,0,0,welfare
2018,49.1,2.87,female,black,hs_graduate,1,0,0,0,1,emergency_shelter,0,0,0,1,1,0,0,1,0,disability
2018,29.2,9.24,female,black,hs_graduate,1,0,0,0,1,emergency_shelter,0,0,0,1,0,0,0,0,0,disability
2018,34.0,5.31,female,black,hs_graduate,1,0,0,0,1,respite,0,0,0,1,1,0,0,1,0,other
2018,47.7,30.0,female,black,hs_graduate,0,1,1,0,1,emergency_shelter,0,0,0,0,0,0,0,1,0,welfare
2018,26.7,9.06,female,black,hs_graduate,0,1,1,0,1,emergency_shelter,0,0,0,1,0,0,0,1,0,welfare
2018,58.1,30.0,female,black,hs_graduate,0,1,1,0,1,emergency_shelter,0,0,0,1,0,0,0,0,0,other
2018,43.2,3.7,female,black,hs_graduate,0,1,1,0,1,respite,0,0,1,0,1,0,0,0,0,other
2018,52.8,30.0,female,black,hs_graduate,0,1,1,0,1,emergency_shelter,0,0,1,0,0,0,0,0,0,welfare
2018,69.9,1.94,female,black,hs_graduate,0,1,1,0,1,other,0,0,0,1,0,0,0,1,0,welfare
2018,34.3,1.24,female,black,hs_graduate,0,1,1,0,1,emergency_shelter,0,0,1,1,0,0,1,1,0,welfare
2018,42.4,1.19,female,black,hs_graduate,0,1,1,0,1,other,0,0,0,1,0,0,1,0,0,employment
2018,66.4,5.4,female,black,hs_graduate,0,1,1,0,1,emergency_shelter,0,0,0,0,0,0,0,0,0,welfare
2018,53.8,1.51,female,black,hs_graduate,0,1,1,0,1,emergency_shelter,0,0,0,1,0,0,0,1,0,disability
2018,34.6,6.22,female,black,hs_graduate,0,1,1,0,1,emergency_shelter,0,0,0,0,0,0,0,0,0,informal
2018,31.0,3.57,female,black,hs_graduate,0,1,1,0,1,emergency_shelter,0,0,1,1,0,0,0,0,0,other
2018,37.0,3.66,female,black,hs_graduate,0,1,1,0,1,emergency_shelter,0,0,1,0,0,0,0,0,0,other
2018,34.1,9.16,female,black,hs_graduate,0,1,1,0,1,emergency_shelter,0,0,0,1,0,0,0,0,0,employment
2018,47.7,7.22,female,black,hs_graduate,0,1,0,0,1,respite,0,0,0,1,1,0,0,1,0,welfare
2018,34.5,2.89,female,black,hs_graduate,0,1,0,0,1,emergency_shelter,0,0,0,1,0,0,0,1,0,disability
2018,45.8,4.46,female,black,hs_graduate,0,1,0,0,1,emergency_shelter,0,0,0,1,0,0,0,0,0,employment
2018,39.2,3.63,female,black,hs_graduate,0,1,0,0,1,emergency_shelter,0,0,0,0,0,0,0,0,0,welfare
2018,46.7,17.7,female,black,hs_graduate,0,1,0,0,1,emergency_shelter,0,0,0,0,0,0,0,1,1,welfare
2018,38.5,30.0,female,black,hs_graduate,0,1,0,0,1,emergency_shelter,0,0,0,1,0,0,0,0,0,disability
2018,34.9,14.48,female,black,hs_graduate,0,1,0,0,1,respite,0,0,0,1,0,0,0,0,0,welfare
2018,47.2,5.0,female,black,hs_graduate,0,1,0,0,1,respite,0,0,0,0,0,0,1,1,0,welfare
2018,45.2,6.07,female,black,hs_graduate,0,1,0,0,1,emergency_shelter,0,0,0,1,1,1,0,1,0,disability
2018,59.3,1.79,female,black,hs_graduate,0,1,0,0,1,emergency_shelter,0,0,0,1,1,0,0,1,0,disability
2018,38.6,13.74,female,black,hs_graduate,0,1,0,0,1,respite,0,0,1,1,0,0,0,0,0,welfare
2018,16.7,8.07,female,black,hs_graduate,0,1,0,0,1,emergency_shelter,1,0,0,0,1,0,1,1,0,welfare
2018,39.3,7.08,female,black,hs_graduate,0,0,1,0,1,respite,0,0,0,1,0,0,0,0,0,welfare
2018,31.0,1.95,female,black,hs_graduate,0,0,1,0,1,emergency_shelter,0,0,0,0,0,0,0,1,0,employment
2018,36.3,2.33,female,black,hs_graduate,0,0,1,0,1,emergency_shelter,0,0,0,0,0,1,0,1,1,disability
2018,33.2,4.36,female,black,hs_graduate,0,0,1,0,1,emergency_shelter,0,0,0,1,0,0,1,1,1,disability
2018,55.2,1.62,female,black,hs_graduate,0,0,1,0,1,respite,0,0,0,1,0,0,0,0,0,disability
2018,43.4,2.15,female,black,hs_graduate,0,0,1,0,1,emergency_shelter,0,0,1,1,1,1,0,0,0,disability
2018,39.9,3.82,female,black,hs_graduate,0,0,1,0,1,emergency_shelter,0,0,0,0,1,1,0,0,0,informal
2018,26.5,3.6,female,black,hs_graduate,0,0,1,0,1,emergency_shelter,0,0,0,0,0,0,0,1,0,disability
2018,43.5,13.88,female,black,hs_graduate,0,0,1,0,1,other,0,0,0,0,0,0,0,1,0,disability
2018,36.5,1.45,female,black,hs_graduate,0,0,1,0,1,emergency_shelter,0,0,0,1,0,0,0,1,0,disability
2018,47.8,14.14,female,black,hs_graduate,0,0,0,1,1,outdoor,0,0,1,1,0,0,0,0,1,welfare
2018,41.4,1.45,female,black,hs_graduate,0,0,0,1,1,outdoor,0,0,0,1,0,0,0,0,0,employment
2018,49.9,6.43,female,black,hs_graduate,0,0,0,1,1,outdoor,0,0,1,1,0,1,0,1,1,disability
2018,44.3,1.77,female,black,hs_graduate,0,0,0,1,1,outdoor,0,0,0,0,0,0,0,0,0,disability
2018,55.8,3.21,female,black,hs_graduate,0,0,0,1,1,outdoor,0,0,1,1,1,0,0,0,0,other
2018,32.9,2.88,female,black,hs_graduate,0,0,0,1,1,outdoor,0,0,0,0,0,0,0,0,0,other
2018,19.6,21.21,female,black,hs_graduate,0,0,0,1,1,outdoor,1,0,0,1,1,0,0,1,0,welfare
2018,30.8,2.31,female,black,hs_graduate,0,0,0,1,1,outdoor,0,0,0,1,0,0,0,0,0,disability
2018,59.4,15.26,female,black,hs_graduate,0,0,0,0,1,emergency_shelter,0,0,0,1,1,0,0,1,0,employment
2018,52.1,8.57,female,black,hs_graduate,0,0,0,0,1,emergency_shelter,0,0,1,0,1,0,0,1,0,welfare
2018,52.5,3.98,female,black,hs_graduate,0,0,0,0,1,emergency_shelter,0,0,0,1,0,0,0,0,0,disability
2018,22.2,2.3,female,black,hs_graduate,0,0,0,0,1,emergency_shelter,1,0,0,1,0,0,0,1,0,welfare
2018,44.3,9.05,female,black,hs_graduate,0,0,0,0,1,emergency_shelter,0,0,0,1,0,0,0,0,0,welfare
2018,41.6,28.99,female,black,hs_graduate,0,0,0,0,1,emergency_shelter,0,0,0,0,0,0,0,1,0,welfare
2018,22.9,9.49,female,black,hs_graduate,0,0,0,0,1,emergency_shelter,1,0,0,1,1,1,0,1,0,welfare
2018,44.6,18.48,female,black,hs_graduate,0,0,0,0,1,emergency_shelter,0,0,0,1,1,1,0,1,0,employment
2018,40.9,6.39,female,black,hs_graduate,0,0,0,0,1,emergency_shelter,0,0,0,1,0,0,0,1,0,welfare
2018,51.6,12.26,female,black,hs_graduate,0,0,0,0,1,emergency_shelter,0,0,0,0,0,1,0,0,1,welfare
2018,45.5,30.0,female,black,hs_graduate,0,0,0,0,1,emergency_shelter,0,0,0,1,0,0,0,0,0,welfare
2018,36.7,15.35,female,black,hs_graduate,0,0,0,0,1,emergency_shelter,0,0,0,0,0,0,0,0,0,employment
2018,57.4,30.0,female,black,hs_graduate,0,0,0,0,1,emergency_shelter,0,0,1,1,0,0,0,0,0,welfare
2018,15.0,4.88,female,black,hs_graduate,0,0,0,0,1,emergency_shelter,1,0,0,0,0,0,0,1,0,other
2018,43.5,30.0,female,black,hs_graduate,0,0,0,0,1,respite,0,0,0,1,0,0,0,0,0,welfare
2018,19.7,8.75,female,black,hs_graduate,0,0,0,0,1,emergency_shelter,1,0,0,0,0,0,0,1,1,welfare
2018,31.6,25.63,female,black,hs_graduate,0,0,0,0,1,respite,0,0,0,1,0,1,0,0,0,informal
2018,51.7,1.23,female,black,hs_graduate,0,0,0,0,1,emergency_shelter,0,0,0,0,0,1,0,1,1,welfare
2018,26.6,9.88,female,black,hs_graduate,0,0,0,0,1,emergency_shelter,0,0,1,0,0,0,0,0,0,other
2018,24.5,22.34,female,black,hs_graduate,0,0,0,0,1,emergency_shelter,1,0,0,0,0,0,0,1,0,welfare
2018,77.7,2.16,female,black,hs_graduate,0,0,0,0,1,respite,0,0,0,1,1,0,0,0,0,welfare
2018,25.4,10.01,female,black,hs_graduate,0,0,0,0,1,emergency_shelter,0,0,0,0,0,0,0,1,0,welfare
2018,67.5,19.66,female,black,hs_graduate,0,0,0,0,1,emergency_shelter,0,0,1,1,1,0,0,0,0,disability
2018,42.0,3.16,female,black,hs_graduate,0,0,0,0,1,emergency_shelter,0,0,0,0,0,0,0,0,1,welfare
2018,34.1,3.85,female,black,hs_graduate,0,0,0,0,0,emergency_shelter,0,0,0,1,0,0,0,1,0,disability
2018,24.4,2.81,female,black,hs_graduate,0,0,0,0,0,emergency_shelter,1,0,0,0,0,1,0,1,0,welfare
2018,54.0,6.76,female,black,hs_graduate,0,0,0,0,0,emergency_shelter,0,0,0,0,0,1,0,0,1,welfare
2018,39.7,3.19,female,black,hs_graduate,0,0,0,0,0,emergency_shelter,0,0,0,0,0,0,0,0,0,welfare
2018,46.4,2.9,female,black,hs_graduate,0,0,0,0,0,emergency_shelter,0,0,0,1,0,0,0,0,0,disability
2018,37.0,1.98,female,black,hs_graduate,0,0,0,0,0,emergency_shelter,0,0,0,1,0,0,0,0,0,employment
2018,49.6,2.11,female,black,hs_graduate,0,0,0,0,0,respite,0,0,0,1,0,0,0,1,0,disability
2018,47.0,8.0,female,black,hs_graduate,0,0,0,0,0,emergency_shelter,0,0,0,1,0,0,0,0,0,informal
2018,27.5,0.51,female,black,hs_graduate,0,0,0,0,0,emergency_shelter,0,0,0,0,0,0,0,0,0,informal
2018,28.3,2.01,female,black,hs_graduate,0,0,0,0,0,emergency_shelter,0,0,0,0,0,0,0,1,0,informal
2018,44.0,3.4,female,black,some_post_sec,1,0,0,0,1,emergency_shelter,0,0,0,0,1,1,0,0,1,disability
2018,48.5,5.06,female,black,some_post_sec,1,0,0,0,1,emergency_shelter,0,0,0,1,0,0,0,0,0,disability
2018,43.6,19.03,female,black,some_post_sec,1,0,0,0,1,emergency_shelter,0,0,0,0,0,0,0,0,0,other
2018,58.4,2.78,female,black,some_post_sec,1,0,0,0,1,respite,0,0,0,0,0,1,0,1,1,disability
2018,38.0,3.37,female,black,some_post_sec,1,0,0,0,1,respite,0,0,0,0,0,0,0,0,1,welfare
2018,40.8,22.0,female,black,some_post_sec,1,0,0,0,1,other,0,0,0,1,0,0,0,1,0,informal
2018,42.3,5.86,female,black,some_post_sec,1,0,0,0,1,emergency_shelter,0,0,0,0,0,0,0,0,0,welfare
2018,45.6,19.95,female,black,some_post_sec,1,0,0,0,1,emergency_shelter,0,0,0,0,0,0,0,0,0,welfare
2018,38.9,3.92,female,black,some_post_sec,0,1,1,0,1,emergency_shelter,0,0,0,0,1,0,0,0,0,disability
2018,27.4,30.0,female,black,some_post_sec,0,1,1,0,1,emergency_shelter,0,0,1,0,0,0,0,1,0,other
2018,15.0,4.24,female,black,some_post_sec,0,1,1,0,1,emergency_shelter,1,0,1,1,1,0,0,0,0,employment
2018,38.9,2.78,female,black,some_post_sec,0,1,1,0,1,emergency_shelter,0,0,1,0,1,0,0,0,0,disability
2018,50.1,8.79,female,black,some_post_sec,0,1,1,0,1,emergency_shelter,0,0,0,1,0,0,0,1,1,welfare
2018,34.6,17.51,female,black,some_post_sec,0,1,1,0,1,respite,0,0,0,1,0,0,0,0,0,disability
2018,29.7,1.42,female,black,some_post_sec,0,1,1,0,1,emergency_shelter,0,0,0,1,1,0,0,0,0,welfare
2018,36.7,8.67,female,black,some_post_sec,0,1,1,0,1,other,0,0,0,1,0,0,0,0,0,welfare
2018,61.8,2.82,female,black,some_post_sec,0,1,0,0,1,emergency_shelter,0,0,0,0,0,0,0,0,0,disability
2018,50.6,5.06,female,black,some_post_sec,0,1,0,0,1,emergency_shelter,0,0,0,0,0,0,0,1,0,disability
2018,40.8,9.37,female,black,some_post_sec,0,1,0,0,1,emergency_shelter,0,0,0,0,1,0,0,0,0,disability
2018,37.7,3.4,female,black,some_post_sec,0,1,0,0,1,respite,0,0,1,1,1,1,0,0,0,disability
2018,33.0,1.48,female,black,some_post_sec,0,1,0,0,1,emergency_shelter,0,0,1,1,0,0,0,0,0,employment
2018,24.6,11.84,female,black,some_post_sec,0,1,0,0,1,respite,1,0,0,1,1,1,0,1,1,other
2018,28.7,6.56,female,black,some_post_sec,0,0,1,0,1,emergency_shelter,0,0,1,1,0,0,0,1,0,disability
2018,18.2,10.95,female,black,some_post_sec,0,0,1,0,1,emergency_shelter,1,0,0,0,0,0,1,1,0,disability
2018,45.7,2.57,female,black,some_post_sec,0,0,1,0,1,emergency_shelter,0,0,0,1,0,0,0,0,0,employment
2018,49.1,9.91,female,black,some_post_sec,0,0,1,0,1,other,0,0,0,1,0,0,0,0,0,welfare
2018,15.0,19.31,female,black,some_post_sec,0,0,0,1,1,outdoor,1,0,0,0,0,0,0,0,0,welfare
2018,31.9,2.46,female,black,some_post_sec,0,0,0,1,1,outdoor,0,0,0,1,0,0,0,1,1,other
2018,41.4,1.75,female,black,some_post_sec,0,0,0,0,1,emergency_shelter,0,0,0,0,0,0,0,1,0,welfare
2018,32.5,2.09,female,black,some_post_sec,0,0,0,0,1,respite,0,0,0,1,0,0,0,0,1,disability
2018,52.3,29.65,female,black,some_post_sec,0,0,0,0,1,respite,0,0,1,0,0,0,0,0,1,disability
2018,32.7,30.0,female,black,some_post_sec,0,0,0,0,1,emergency_shelter,0,0,0,1,0,0,0,1,0,disability
2018,40.7,3.91,female,black,some_post_sec,0,0,0,0,1,emergency_shelter,0,0,0,1,0,0,0,0,0,informal
2018,53.0,3.2,female,black,some_post_sec,0,0,0,0,1,emergency_shelter,0,0,0,0,0,0,0,1,0,welfare
2018,34.5,2.52,female,black,some_post_sec,0,0,0,0,1,respite,0,0,0,1,0,0,0,0,0,disability
2018,53.5,19.55,female,black,some_post_sec,0,0,0,0,1,emergency_shelter,0,0,0,1,0,1,0,1,1,other
2018,52.1,2.44,female,black,some_post_sec,0,0,0,0,1,emergency_shelter,0,0,0,1,0,0,0,1,0,other
2018,40.6,30.0,female,black,some_post_sec,0,0,0,0,1,emergency_shelter,0,0,0,1,0,0,0,1,0,other
2018,60.7,10.2,female,black,some_post_sec,0,0,0,0,1,emergency_shelter,0,0,0,0,0,0,0,0,0,disability
2018,45.5,30.0,female,black,some_post_sec,0,0,0,0,1,emergency_shelter,0,0,0,0,0,0,0,0,0,disability
2018,59.8,7.06,female,black,some_post_sec,0,0,0,0,1,emergency_shelter,0,0,1,1,0,0,0,1,0,disability
2018,69.5,11.08,female,black,some_post_sec,0,0,0,0,1,emergency_shelter,0,0,0,0,0,0,0,0,1,welfare
2018,41.0,8.69,female,black,some_post_sec,0,0,0,0,1,emergency_shelter,0,0,0,0,0,0,0,0,0,welfare
2018,53.4,20.33,female,black,some_post_sec,0,0,0,0,1,other,0,0,0,1,0,0,0,0,0,other
2018,35.5,20.85,female,black,some_post_sec,0,0,0,0,1,emergency_shelter,0,0,0,0,0,0,0,0,0,disability
2018,29.9,7.9,female,black,some_post_sec,0,0,0,0,1,emergency_shelter,0,0,0,0,0,0,0,0,0,welfare
2018,38.7,7.43,female,black,some_post_sec,0,0,0,0,0,respite,0,0,0,1,0,0,0,0,0,informal
2018,57.4,0.83,female,black,some_post_sec,0,0,0,0,0,emergency_shelter,0,0,0,1,1,0,0,0,0,disability
2018,48.9,0.39,female,black,some_post_sec,0,0,0,0,0,other,0,0,0,0,0,0,0,0,0,disability
2018,50.9,3.25,female,black,some_post_sec,0,0,0,0,0,emergency_shelter,0,0,0,1,0,0,0,1,0,welfare
2018,57.0,1.67,female,black,post_sec_higher,1,1,1,0,1,emergency_shelter,0,0,0,0,0,0,0,1,0,welfare
2018,39.7,16.17,female,black,post_sec_higher,1,1,1,0,1,emergency_shelter,0,0,0,0,1,1,0,1,0,other
2018,46.5,30.0,female,black,post_sec_higher,1,1,0,0,1,respite,0,0,0,0,0,0,0,0,0,other
2018,53.9,3.81,female,black,post_sec_higher,1,0,0,0,1,emergency_shelter,0,0,0,1,0,1,0,0,0,informal
2018,34.9,6.36,female,black,post_sec_higher,1,0,0,0,1,respite,0,0,0,0,1,1,1,1,0,welfare
2018,63.1,30.0,female,black,post_sec_higher,1,0,0,0,1,emergency_shelter,0,0,0,1,0,0,0,0,0,disability
2018,53.2,13.11,female,black,post_sec_higher,1,0,0,0,1,emergency_shelter,0,0,0,1,0,0,0,1,0,informal
2018,31.3,7.59,female,black,post_sec_higher,1,0,0,0,1,emergency_shelter,0,0,0,0,1,1,0,0,0,other
2018,68.2,2.07,female,black,post_sec_higher,1,0,0,0,1,emergency_shelter,0,0,0,1,0,0,0,1,0,welfare
2018,46.8,1.97,female,black,post_sec_higher,1,0,0,0,1,emergency_shelter,0,0,0,0,0,0,0,1,0,employment
2018,34.3,6.03,female,black,post_sec_higher,1,0,0,0,1,emergency_shelter,0,0,0,0,0,0,0,1,0,welfare
2018,59.9,12.78,female,black,post_sec_higher,1,0,0,0,1,other,0,0,0,0,0,0,0,1,0,other
2018,51.3,13.98,female,black,post_sec_higher,1,0,0,0,1,emergency_shelter,0,0,0,0,0,0,0,1,0,disability
2018,19.6,2.58,female,black,post_sec_higher,1,0,0,0,1,emergency_shelter,1,0,1,0,1,0,0,0,0,welfare
2018,37.0,1.62,female,black,post_sec_higher,1,0,0,0,1,emergency_shelter,0,0,0,1,0,0,0,0,1,informal
2018,43.6,15.32,female,black,post_sec_higher,0,1,1,0,1,emergency_shelter,0,0,0,0,0,0,0,0,0,informal
2018,44.9,3.72,female,black,post_sec_higher,0,1,1,0,1,emergency_shelter,0,0,0,0,0,0,0,0,0,welfare
2018,48.2,13.86,female,black,post_sec_higher,0,1,1,0,1,emergency_shelter,0,0,0,0,0,0,1,0,0,other
2018,48.4,5.05,female,black,post_sec_higher,0,1,1,0,1,emergency_shelter,0,0,0,1,1,0,0,0,1,disability
2018,80.6,4.15,female,black,post_sec_higher,0,1,1,0,1,emergency_shelter,0,0,0,0,0,0,0,1,0,disability
2018,27.9,3.63,female,black,post_sec_higher,0,1,1,0,1,emergency_shelter,0,0,0,0,0,0,0,0,0,employment
2018,58.1,30.0,female,black,post_sec_higher,0,1,1,0,1,emergency_shelter,0,0,0,1,1,1,0,1,0,disability
2018,61.0,15.27,female,black,post_sec_higher,0,1,1,0,1,emergency_shelter,0,0,0,1,1,1,0,1,0,employment
2018,51.3,1.12,female,black,post_sec_higher,0,1,1,0,1,emergency_shelter,0,0,0,0,0,0,0,0,0,disability
2018,35.3,30.0,female,black,post_sec_higher,0,1,1,0,1,emergency_shelter,0,0,0,1,0,0,0,0,0,welfare
2018,67.7,15.51,female,black,post_sec_higher,0,1,1,0,1,emergency_shelter,0,0,0,0,0,0,0,0,0,welfare
2018,15.0,1.97,female,black,post_sec_higher,0,1,1,0,1,other,1,0,0,0,0,0,0,1,1,welfare
2018,43.4,15.23,female,black,post_sec_higher,0,1,0,0,1,other,0,0,0,0,0,0,0,1,1,disability
2018,33.1,7.54,female,black,post_sec_higher,0,1,0,0,1,emergency_shelter,0,0,0,0,0,0,0,0,0,disability
2018,53.6,2.98,female,black,post_sec_higher,0,1,0,0,1,respite,0,0,0,1,0,0,1,0,1,disability
2018,67.9,6.01,female,black,post_sec_higher,0,1,0,0,1,emergency_shelter,0,0,0,1,0,0,0,1,0,disability
2018,15.0,30.0,female,black,post_sec_higher,0,1,0,0,1,respite,1,0,0,0,0,0,0,1,0,disability
2018,43.3,1.12,female,black,post_sec_higher,0,1,0,0,1,emergency_shelter,0,0,0,0,1,0,0,1,1,disability
2018,30.8,2.36,female,black,post_sec_higher,0,1,0,0,1,emergency_shelter,0,0,0,1,0,0,0,0,0,welfare
2018,23.5,5.14,female,black,post_sec_higher,0,1,0,0,1,respite,1,0,0,0,0,0,0,0,1,disability
2018,28.6,9.25,female,black,post_sec_higher,0,1,0,0,1,emergency_shelter,0,0,0,1,0,0,1,1,0,employment
2018,49.7,2.47,female,black,post_sec_higher,0,1,0,0,1,other,0,0,1,1,1,0,0,0,0,disability
2018,47.4,2.03,female,black,post_sec_higher,0,0,1,0,1,emergency_shelter,0,0,0,1,0,0,0,0,0,other
2018,44.1,4.71,female,black,post_sec_higher,0,0,1,0,1,other,0,0,0,0,1,0,0,0,0,disability
2018,66.7,4.71,female,black,post_sec_higher,0,0,1,0,1,emergency_shelter,0,0,0,1,0,0,0,1,0,employment
2018,47.8,1.64,female,black,post_sec_higher,0,0,1,0,1,emergency_shelter,0,0,0,0,0,0,0,1,1,employment
2018,44.4,5.06,female,black,post_sec_higher,0,0,1,0,1,emergency_shelter,0,0,0,0,0,0,1,0,0,welfare
2018,41.1,17.96,female,black,post_sec_higher,0,0,1,0,1,emergency_shelter,0,0,0,0,0,0,0,0,0,welfare
2018,56.2,3.28,female,black,post_sec_higher,0,0,1,0,1,emergency_shelter,0,0,0,1,0,0,0,0,0,welfare
2018,54.3,4.61,female,black,post_sec_higher,0,0,0,1,1,outdoor,0,0,0,0,0,0,0,0,0,welfare
2018,42.1,30.0,female,black,post_sec_higher,0,0,0,1,1,outdoor,0,0,1,1,0,0,0,1,0,welfare
2018,45.6,14.92,female,black,post_sec_higher,0,0,0,1,1,outdoor,0,0,0,1,0,0,0,0,0,disability
2018,65.2,30.0,female,black,post_sec_higher,0,0,0,1,1,outdoor,0,0,0,1,0,0,1,1,0,employment
2018,46.9,30.0,female,black,post_sec_higher,0,0,0,1,1,outdoor,0,0,0,1,1,0,0,0,0,other
2018,52.6,5.67,female,black,post_sec_higher,0,0,0,1,1,outdoor,0,0,0,0,0,0,0,0,0,welfare
2018,56.6,20.7,female,black,post_sec_higher,0,0,0,0,1,emergency_shelter,0,0,1,0,0,0,0,1,0,welfare
2018,55.3,10.12,female,black,post_sec_higher,0,0,0,0,1,respite,0,0,0,0,1,0,0,0,0,disability
2018,60.8,4.79,female,black,post_sec_higher,0,0,0,0,1,emergency_shelter,0,0,1,0,1,0,0,0,0,other
2018,52.1,1.78,female,black,post_sec_higher,0,0,0,0,1,emergency_shelter,0,0,0,0,0,0,0,0,0,disability
2018,52.8,30.0,female,black,post_sec_higher,0,0,0,0,1,emergency_shelter,0,0,0,0,0,0,0,0,0,disability
2018,38.2,3.04,female,black,post_sec_higher,0,0,0,0,1,emergency_shelter,0,0,0,1,0,0,0,1,0,welfare
2018,36.3,2.57,female,black,post_sec_higher,0,0,0,0,1,emergency_shelter,0,0,0,1,0,0,0,0,0,welfare
2018,55.3,18.77,female,black,post_sec_higher,0,0,0,0,1,emergency_shelter,0,0,1,0,0,0,0,0,0,other
2018,36.4,30.0,female,black,post_sec_higher,0,0,0,0,1,respite,0,0,0,0,0,0,0,0,0,disability
2018,44.1,9.95,female,black,post_sec_higher,0,0,0,0,1,respite,0,0,0,0,0,0,0,0,0,welfare
2018,63.7,8.84,female,black,post_sec_higher,0,0,0,0,1,emergency_shelter,0,0,0,0,1,0,1,0,0,disability
2018,61.5,3.49,female,black,post_sec_higher,0,0,0,0,1,emergency_shelter,0,0,0,1,0,0,0,0,0,welfare
2018,48.6,1.12,female,black,post_sec_higher,0,0,0,0,1,emergency_shelter,0,0,0,0,0,0,0,0,0,welfare
2018,40.3,2.3,female,black,post_sec_higher,0,0,0,0,1,other,0,0,0,1,0,0,0,0,0,welfare
2018,42.7,7.76,female,black,post_sec_higher,0,0,0,0,1,emergency_shelter,0,0,0,0,0,0,0,0,0,employment
2018,56.5,1.98,female,black,post_sec_higher,0,0,0,0,1,emergency_shelter,0,0,1,0,0,1,0,0,0,welfare
2018,43.9,28.2,female,black,post_sec_higher,0,0,0,0,1,emergency_shelter,0,0,1,1,0,0,0,1,0,welfare
2018,36.6,2.27,female,black,post_sec_higher,0,0,0,0,1,emergency_shelter,0,0,0,0,0,0,0,0,0,employment
2018,61.4,6.41,female,black,post_sec_higher,0,0,0,0,1,emergency_shelter,0,0,0,0,0,0,0,0,0,welfare
2018,46.9,6.21,female,black,post_sec_higher,0,0,0,0,1,emergency_shelter,0,0,0,0,0,0,0,1,0,welfare
2018,36.3,8.26,female,black,post_sec_higher,0,0,0,0,1,emergency_shelter,0,0,0,1,0,0,0,0,0,informal
2018,43.5,4.07,female,black,post_sec_higher,0,0,0,0,0,emergency_shelter,0,0,0,0,0,0,0,1,0,welfare
2018,29.7,0.45,female,black,post_sec_higher,0,0,0,0,0,emergency_shelter,0,0,0,1,0,0,0,0,0,other
2018,19.3,8.0,female,black,post_sec_higher,0,0,0,0,0,emergency_shelter,1,0,0,1,0,0,0,0,0,disability
2018,30.5,0.32,female,black,post_sec_higher,0,0,0,0,0,emergency_shelter,0,0,0,1,0,0,0,0,0,disability
2018,27.0,8.0,female,black,post_sec_higher,0,0,0,0,0,emergency_shelter,0,0,0,0,0,0,0,0,0,welfare
2018,32.3,6.09,female,black,post_sec_higher,0,0,0,0,0,emergency_shelter,0,0,0,0,0,0,0,0,0,disability
2018,22.8,3.88,female,black,post_sec_higher,0,0,0,0,0,emergency_shelter,1,0,0,0,0,0,0,0,1,welfare
2018,35.9,8.0,female,black,post_sec_higher,0,0,0,0,0,emergency_shelter,0,0,0,0,0,0,0,1,1,disability
2018,52.8,16.18,female,white,less_than_hs,1,1,1,0,1,other,0,0,0,1,0,0,0,0,0,other
2018,24.4,1.43,female,white,less_than_hs,1,1,1,0,1,other,1,0,0,0,0,0,1,0,0,welfare
2018,44.6,30.0,female,white,less_than_hs,1,1,1,0,1,emergency_shelter,0,0,0,0,0,0,0,1,0,welfare
2018,49.2,4.69,female,white,less_than_hs,1,1,1,0,1,emergency_shelter,0,0,0,1,0,0,0,0,0,informal
2018,17.7,3.42,female,white,less_than_hs,1,1,1,0,1,emergency_shelter,1,0,0,1,0,0,0,1,0,disability
2018,29.4,13.61,female,white,less_than_hs,1,1,0,0,1,emergency_shelter,0,0,0,0,0,0,1,0,1,other
2018,29.3,3.01,female,white,less_than_hs,1,1,0,0,1,emergency_shelter,0,0,0,1,0,0,0,0,0,welfare
2018,22.2,30.0,female,white,less_than_hs,1,1,0,0,1,respite,1,0,0,0,0,0,0,0,0,disability
2018,45.6,2.32,female,white,less_than_hs,1,1,0,0,1,other,0,0,0,1,0,0,0,0,0,informal
2018,27.2,14.96,female,white,less_than_hs,1,0,1,0,1,emergency_shelter,0,0,0,1,0,0,0,1,0,welfare
2018,47.4,10.02,female,white,less_than_hs,1,0,0,0,1,emergency_shelter,0,0,0,1,0,0,0,1,0,welfare
2018,27.4,1.58,female,white,less_than_hs,1,0,0,0,1,emergency_shelter,0,0,0,0,0,0,0,1,0,other
2018,17.1,1.13,female,white,less_than_hs,1,0,0,0,1,emergency_shelter,1,0,0,1,0,0,0,0,0,other
2018,70.7,6.95,female,white,less_than_hs,1,0,0,0,1,emergency_shelter,0,0,0,1,0,0,0,1,0,other
2018,27.3,2.57,female,white,less_than_hs,1,0,0,0,1,other,0,0,0,1,0,1,0,0,0,welfare
2018,51.8,1.48,female,white,less_than_hs,1,0,0,0,1,emergency_shelter,0,0,0,1,0,0,0,1,0,welfare
2018,65.5,12.84,female,white,less_than_hs,1,0,0,0,1,emergency_shelter,0,0,0,0,1,0,0,0,0,disability
2018,46.5,5.96,female,white,less_than_hs,1,0,0,0,1,respite,0,0,0,0,0,0,0,1,0,other
2018,36.0,17.05,female,white,less_than_hs,1,0,0,0,1,emergency_shelter,0,0,0,0,0,0,0,1,1,employment
2018,24.4,10.09,female,white,less_than_hs,1,0,0,0,1,emergency_shelter,1,0,0,0,0,0,0,0,0,welfare
2018,24.2,12.84,female,white,less_than_hs,1,0,0,0,1,emergency_shelter,1,0,0,0,0,0,0,0,0,other
2018,49.7,3.36,female,white,less_than_hs,1,0,0,0,1,emergency_shelter,0,0,0,1,0,1,0,1,0,informal
2018,64.7,2.92,female,white,less_than_hs,1,0,0,0,1,emergency_shelter,0,0,0,0,0,0,0,1,0,other
2018,38.9,8.18,female,white,less_than_hs,1,0,0,0,1,emergency_shelter,0,0,0,1,0,0,0,0,0,employment
2018,36.6,2.36,female,white,less_than_hs,1,0,0,0,1,respite,0,0,0,1,0,0,1,0,0,disability
2018,51.2,4.98,female,white,less_than_hs,1,0,0,0,0,other,0,0,0,1,0,0,0,0,0,other
2018,32.4,2.21,female,white,less_than_hs,0,1,1,0,1,respite,0,0,0,1,0,0,0,0,0,welfare
2018,43.7,14.54,female,white,less_than_hs,0,1,1,0,1,emergency_shelter,0,0,0,0,0,0,0,0,0,other
2018,24.9,2.23,female,white,less_than_hs,0,1,1,0,1,emergency_shelter,1,0,0,1,0,1,0,0,0,welfare
2018,36.1,1.24,female,white,less_than_hs,0,1,1,0,1,emergency_shelter,0,0,0,0,0,1,0,0,0,other
2018,43.7,8.68,female,white,less_than_hs,0,1,1,0,1,emergency_shelter,0,0,1,1,0,0,0,0,0,welfare
2018,22.7,2.7,female,white,less_than_hs,0,1,1,0,1,emergency_shelter,1,0,0,1,0,0,0,1,0,informal
2018,51.5,2.14,female,white,less_than_hs,0,1,1,0,1,emergency_shelter,0,0,1,1,0,0,0,0,0,disability
2018,30.9,30.0,female,white,less_than_hs,0,1,1,0,1,emergency_shelter,0,0,0,1,0,0,0,1,0,other
2018,24.1,3.2,female,white,less_than_hs,0,1,1,0,1,emergency_shelter,1,0,0,0,1,0,0,0,0,disability
2018,29.3,30.0,female,white,less_than_hs,0,1,1,0,1,other,0,0,0,1,0,0,0,1,0,disability
2018,74.9,2.19,female,white,less_than_hs,0,1,1,0,1,emergency_shelter,0,0,0,1,0,0,0,1,0,welfare
2018,16.7,19.06,female,white,less_than_hs,0,1,1,0,1,emergency_shelter,1,0,0,1,0,0,0,0,0,welfare
2018,50.5,6.03,female,white,less_than_hs,0,1,1,0,1,emergency_shelter,0,0,0,0,0,0,0,1,0,welfare
2018,33.9,1.48,female,white,less_than_hs,0,1,1,0,1,emergency_shelter,0,0,0,0,1,0,0,0,0,employment
2018,39.5,13.03,female,white,less_than_hs,0,1,1,0,1,emergency_shelter,0,0,0,1,0,0,0,0,0,welfare
2018,49.9,4.27,female,white,less_than_hs,0,1,1,0,0,respite,0,0,0,0,1,0,0,0,0,other
2018,38.2,6.14,female,white,less_than_hs,0,1,0,0,1,emergency_shelter,0,0,0,1,0,1,0,0,0,welfare
2018,35.1,7.22,female,white,less_than_hs,0,1,0,0,1,emergency_shelter,0,0,0,1,1,0,0,1,1,welfare
2018,58.0,30.0,female,white,less_than_hs,0,1,0,0,1,respite,0,0,0,1,0,0,0,0,0,welfare
2018,57.7,9.74,female,white,less_than_hs,0,1,0,0,1,emergency_shelter,0,0,0,0,0,0,0,0,0,other
2018,29.3,30.0,female,white,less_than_hs,0,1,0,0,1,emergency_shelter,0,0,0,1,0,0,0,0,0,other
2018,54.5,1.66,female,white,less_than_hs,0,1,0,0,1,emergency_shelter,0,0,0,0,0,0,1,0,0,disability
2018,53.5,22.17,female,white,less_than_hs,0,1,0,0,1,emergency_shelter,0,0,0,1,0,0,0,0,0,disability
2018,28.8,3.66,female,white,less_than_hs,0,1,0,0,1,emergency_shelter,0,0,0,0,0,0,0,1,0,disability
2018,52.0,18.26,female,white,less_than_hs,0,1,0,0,1,emergency_shelter,0,0,0,0,0,0,0,0,0,welfare
2018,29.7,23.39,female,white,less_than_hs,0,1,0,0,1,emergency_shelter,0,0,1,1,0,0,0,1,1,welfare
2018,15.0,3.0,female,white,less_than_hs,0,1,0,0,1,respite,1,0,0,0,1,1,0,0,0,welfare
2018,42.2,4.57,female,white,less_than_hs,0,1,0,0,1,emergency_shelter,0,0,0,1,0,0,0,1,0,welfare
2018,48.0,12.65,female,white,less_than_hs,0,1,0,0,1,emergency_shelter,0,0,0,0,0,0,0,0,0,employment
2018,42.8,1.61,female,white,less_than_hs,0,1,0,0,1,emergency_shelter,0,0,1,1,0,0,0,0,0,disability
2018,24.0,10.53,female,white,less_than_hs,0,0,1,0,1,emergency_shelter,1,0,0,1,0,1,0,0,0,welfare
2018,46.1,13.44,female,white,less_than_hs,0,0,1,0,1,emergency_shelter,0,0,0,0,0,0,0,0,0,disability
2018,55.6,7.77,female,white,less_than_hs,0,0,1,0,1,emergency_shelter,0,0,1,1,0,0,0,0,0,informal
2018,76.6,3.04,female,white,less_than_hs,0,0,1,0,1,respite,0,0,0,1,1,0,0,1,1,welfare
2018,37.5,6.15,female,white,less_than_hs,0,0,1,0,1,respite,0,0,0,1,0,0,0,0,0,welfare
2018,35.6,2.81,female,white,less_than_hs,0,0,1,0,1,emergency_shelter,0,0,0,1,0,0,0,0,0,employment
2018,28.1,30.0,female,white,less_than_hs,0,0,1,0,1,emergency_shelter,0,0,0,0,0,0,0,0,0,welfare
2018,60.4,14.91,female,white,less_than_hs,0,0,1,0,1,emergency_shelter,0,0,0,0,0,1,1,0,0,welfare
2018,32.3,5.87,female,white,less_than_hs,0,0,1,0,1,emergency_shelter,0,0,0,1,0,1,0,0,1,disability
2018,39.2,30.0,female,white,less_than_hs,0,0,1,0,1,emergency_shelter,0,0,0,0,0,0,0,0,0,welfare
2018,18.5,6.91,female,white,less_than_hs,0,0,1,0,1,emergency_shelter,1,0,0,1,0,0,0,1,0,disability
2018,56.8,2.44,female,white,less_than_hs,0,0,0,1,1,outdoor,0,0,0,1,0,0,0,1,0,welfare
2018,55.1,12.86,female,white,less_than_hs,0,0,0,1,1,outdoor,0,0,0,1,0,0,1,0,0,welfare
2018,49.5,1.63,female,white,less_than_hs,0,0,0,1,1,outdoor,0,0,0,0,0,0,0,1,0,welfare
2018,39.2,30.0,female,white,less_than_hs,0,0,0,1,1,outdoor,0,0,1,0,1,0,0,1,1,welfare
2018,60.1,1.97,female,white,less_than_hs,0,0,0,1,1,outdoor,0,0,0,1,0,0,0,1,1,disability
2018,56.3,10.03,female,white,less_than_hs,0,0,0,1,1,outdoor,0,0,0,1,0,1,0,0,1,disability
2018,46.9,8.43,female,white,less_than_hs,0,0,0,1,1,outdoor,0,0,0,1,0,0,0,1,0,disability
2018,44.9,15.61,female,white,less_than_hs,0,0,0,1,1,outdoor,0,0,0,1,0,0,0,1,1,disability
2018,45.1,7.01,female,white,less_than_hs,0,0,0,1,1,outdoor,0,0,1,1,0,0,1,1,0,welfare
2018,46.4,19.31,female,white,less_than_hs,0,0,0,0,1,emergency_shelter,0,0,0,1,0,0,0,1,1,welfare
2018,40.2,16.75,female,white,less_than_hs,0,0,0,0,1,emergency_shelter,0,0,1,0,1,1,0,0,0,welfare
2018,22.8,15.96,female,white,less_than_hs,0,0,0,0,1,emergency_shelter,1,0,0,0,0,0,0,0,0,other
2018,30.4,1.54,female,white,less_than_hs,0,0,0,0,1,emergency_shelter,0,0,0,1,0,0,0,0,0,welfare
2018,44.5,1.48,female,white,less_than_hs,0,0,0,0,1,emergency_shelter,0,0,0,1,0,0,0,0,0,welfare
2018,44.8,3.35,female,white,less_than_hs,0,0,0,0,1,emergency_shelter,0,0,0,1,0,0,0,0,0,disability
2018,47.6,1.21,female,white,less_than_hs,0,0,0,0,1,emergency_shelter,0,0,0,1,0,0,1,1,0,welfare
2018,70.1,6.0,female,white,less_than_hs,0,0,0,0,1,emergency_shelter,0,0,0,0,1,0,0,0,1,disability
2018,54.9,4.38,female,white,less_than_hs,0,0,0,0,1,emergency_shelter,0,0,0,1,1,0,0,0,0,welfare
2018,55.7,7.13,female,white,less_than_hs,0,0,0,0,1,emergency_shelter,0,0,0,1,0,0,0,0,0,informal
2018,70.0,3.27,female,white,less_than_hs,0,0,0,0,1,emergency_shelter,0,0,0,1,0,0,0,0,0,welfare
2018,39.4,5.74,female,white,less_than_hs,0,0,0,0,1,emergency_shelter,0,0,1,0,1,1,0,1,1,disability
2018,37.3,3.65,female,white,less_than_hs,0,0,0,0,1,emergency_shelter,0,0,0,1,0,0,0,1,0,other
2018,61.5,2.32,female,white,less_than_hs,0,0,0,0,1,other,0,0,0,1,0,0,0,0,0,disability
2018,51.2,9.59,female,white,less_than_hs,0,0,0,0,1,emergency_shelter,0,0,0,1,0,0,0,1,1,other
2018,43.8,10.42,female,white,less_than_hs,0,0,0,0,1,emergency_shelter,0,0,1,0,0,0,0,0,0,informal
2018,43.6,20.12,female,white,less_than_hs,0,0,0,0,1,emergency_shelter,0,0,0,1,0,0,0,1,1,welfare
2018,42.0,26.46,female,white,less_than_hs,0,0,0,0,1,emergency_shelter,0,0,0,0,0,0,0,0,0,disability
2018,43.0,11.66,female,white,less_than_hs,0,0,0,0,1,emergency_shelter,0,0,0,1,0,0,0,1,0,other
2018,44.4,10.96,female,white,less_than_hs,0,0,0,0,1,emergency_shelter,0,0,0,1,0,0,0,0,0,welfare
2018,40.2,1.34,female,white,less_than_hs,0,0,0,0,1,emergency_shelter,0,0,0,1,1,0,1,0,0,disability
2018,52.2,1.69,female,white,less_than_hs,0,0,0,0,1,respite,0,0,0,0,0,0,0,0,0,welfare
2018,54.9,18.45,female,white,less_than_hs,0,0,0,0,1,emergency_shelter,0,0,0,1,0,0,0,1,0,welfare
2018,36.5,2.64,female,white,less_than_hs,0,0,0,0,1,other,0,0,0,1,0,0,0,0,0,disability
2018,57.0,3.89,female,white,less_than_hs,0,0,0,0,1,emergency_shelter,0,0,0,1,0,0,0,0,0,disability
2018,23.6,0.97,female,white,less_than_hs,0,0,0,0,0,emergency_shelter,1,0,0,1,1,0,0,1,0,disability
2018,52.2,7.94,female,white,less_than_hs,0,0,0,0,0,respite,0,0,1,1,0,0,1,1,0,disability
2018,50.9,0.4,female,white,less_than_hs,0,0,0,0,0,emergency_shelter,0,0,0,0,0,0,0,1,1,disability
2018,48.1,6.3,female,white,less_than_hs,0,0,0,0,0,emergency_shelter,0,0,0,0,0,0,0,0,0,disability
2018,15.0,0.32,female,white,less_than_hs,0,0,0,0,0,emergency_shelter,1,0,0,0,0,0,0,0,0,disability
2018,38.9,0.09,female,white,less_than_hs,0,0,0,0,0,respite,0,0,0,1,0,0,0,0,0,disability
2018,50.2,0.91,female,white,less_than_hs,0,0,0,0,0,respite,0,0,0,1,1,0,0,0,0,other
2018,59.4,1.38,female,white,less_than_hs,0,0,0,0,0,respite,0,0,0,1,0,0,0,0,1,welfare
2018,45.6,3.35,female,white,less_than_hs,0,0,0,0,0,emergency_shelter,0,0,0,0,1,0,0,1,1,welfare
2018,44.1,0.48,female,white,less_than_hs,0,0,0,0,0,respite,0,0,0,1,0,0,0,0,0,welfare
2018,31.9,1.96,female,white,less_than_hs,0,0,0,0,0,emergency_shelter,0,0,1,1,0,0,0,0,0,disability
2018,40.3,9.12,female,white,hs_graduate,1,1,1,0,1,emergency_shelter,0,0,0,1,0,1,0,1,0,other
2018,53.1,4.78,female,white,hs_graduate,1,1,1,0,1,emergency_shelter,0,0,1,0,0,0,0,0,0,welfare
2018,41.8,4.83,female,white,hs_graduate,1,1,1,0,1,emergency_shelter,0,0,0,1,0,1,0,0,0,welfare
2018,55.5,2.63,female,white,hs_graduate,1,1,0,0,1,emergency_shelter,0,0,1,1,0,0,0,0,0,other
2018,64.5,30.0,female,white,hs_graduate,1,1,0,0,1,emergency_shelter,0,0,1,0,1,1,0,0,0,welfare
2018,58.5,6.98,female,white,hs_graduate,1,0,0,0,1,emergency_shelter,0,0,0,1,1,0,0,1,1,employment
2018,34.6,4.27,female,white,hs_graduate,1,0,0,0,1,emergency_shelter,0,0,0,1,0,0,0,0,0,other
2018,51.9,30.0,female,white,hs_graduate,1,0,0,0,1,emergency_shelter,0,0,0,1,0,0,0,0,0,other
2018,45.0,4.91,female,white,hs_graduate,1,0,0,0,1,emergency_shelter,0,0,0,1,0,0,0,0,0,other
2018,34.2,7.76,female,white,hs_graduate,1,0,0,0,1,emergency_shelter,0,0,0,1,1,0,0,1,0,disability
2018,25.7,30.0,female,white,hs_graduate,1,0,0,0,1,other,0,0,0,0,0,1,0,0,0,other
2018,47.6,30.0,female,white,hs_graduate,1,0,0,0,1,emergency_shelter,0,0,0,0,0,1,0,0,1,welfare
2018,50.9,1.63,female,white,hs_graduate,1,0,0,0,1,emergency_shelter,0,0,1,1,0,0,0,0,0,welfare
2018,42.2,20.68,female,white,hs_graduate,1,0,0,0,1,respite,0,0,0,0,0,0,0,1,0,disability
2018,33.6,4.22,female,white,hs_graduate,1,0,0,0,1,emergency_shelter,0,0,0,0,0,0,0,0,0,disability
2018,37.6,8.02,female,white,hs_graduate,1,0,0,0,1,emergency_shelter,0,0,0,1,0,0,0,0,1,disability
2018,29.1,4.13,female,white,hs_graduate,1,0,0,0,1,emergency_shelter,0,0,0,1,0,0,0,0,0,welfare
2018,54.7,4.46,female,white,hs_graduate,1,0,0,0,1,emergency_shelter,0,0,0,0,0,0,0,1,0,disability
2018,31.5,30.0,female,white,hs_graduate,0,1,1,0,1,emergency_shelter,0,0,0,0,0,0,0,0,0,disability
2018,16.8,30.0,female,white,hs_graduate,0,1,1,0,1,emergency_shelter,1,0,0,1,0,0,0,0,0,other
2018,21.1,5.22,female,white,hs_graduate,0,1,1,0,1,other,1,0,0,1,0,0,0,1,0,welfare
2018,35.9,7.31,female,white,hs_graduate,0,1,1,0,1,emergency_shelter,0,0,0,0,0,1,0,0,0,welfare
2018,51.4,20.75,female,white,hs_graduate,0,1,1,0,1,other,0,0,0,0,0,1,0,0,0,welfare
2018,62.0,2.54,female,white,hs_graduate,0,1,1,0,1,emergency_shelter,0,0,0,1,0,1,0,1,0,welfare
2018,64.4,24.27,female,white,hs_graduate,0,1,1,0,1,emergency_shelter,0,0,0,0,0,0,0,0,1,disability
2018,23.2,7.95,female,white,hs_graduate,0,1,1,0,1,emergency_shelter,1,0,0,0,0,0,0,0,0,welfare
2018,41.3,12.62,female,white,hs_graduate,0,1,1,0,1,emergency_shelter,0,0,0,0,0,0,0,0,0,welfare
2018,35.9,1.48,female,white,hs_graduate,0,1,1,0,1,emergency_shelter,0,0,0,1,0,0,0,0,0,disability
2018,42.9,14.9,female,white,hs_graduate,0,1,1,0,1,emergency_shelter,0,0,0,0,0,0,0,0,0,employment
2018,64.1,3.39,female,white,hs_graduate,0,1,1,0,1,respite,0,0,0,1,0,0,0,0,0,welfare
2018,46.7,17.8,female,white,hs_graduate,0,1,1,0,1,emergency_shelter,0,0,0,1,0,0,0,0,0,welfare
2018,56.5,1.15,female,white,hs_graduate,0,1,0,0,1,emergency_shelter,0,0,0,0,1,0,0,0,0,disability
2018,37.3,30.0,female,white,hs_graduate,0,1,0,0,1,emergency_shelter,0,0,0,1,0,0,0,0,0,welfare
2018,63.5,30.0,female,white,hs_graduate,0,1,0,0,1,emergency_shelter,0,0,0,0,0,0,0,0,0,employment
2018,45.8,3.88,female,white,hs_graduate,0,1,0,0,1,emergency_shelter,0,0,0,1,0,0,0,0,0,welfare
2018,56.8,1.67,female,white,hs_graduate,0,1,0,0,1,emergency_shelter,0,0,0,1,0,0,0,0,0,other
2018,35.6,9.9,female,white,hs_graduate,0,1,0,0,1,emergency_shelter,0,0,0,0,1,1,0,0,0,other
2018,48.3,1.17,female,white,hs_graduate,0,1,0,0,1,respite,0,0,0,0,1,0,0,0,0,welfare
2018,56.8,5.69,female,white,hs_graduate,0,1,0,0,1,emergency_shelter,0,0,0,1,0,0,0,0,0,disability
2018,48.7,3.0,female,white,hs_graduate,0,1,0,0,1,respite,0,0,0,1,0,0,0,0,0,welfare
2018,52.3,5.53,female,white,hs_graduate,0,1,0,0,1,emergency_shelter,0,0,0,1,1,0,0,0,0,welfare
2018,33.8,1.11,female,white,hs_graduate,0,1,0,0,1,emergency_shelter,0,0,0,1,0,1,1,0,0,welfare
2018,46.4,12.66,female,white,hs_graduate,0,0,1,0,1,emergency_shelter,0,0,0,0,0,0,0,0,0,other
2018,15.0,2.37,female,white,hs_graduate,0,0,1,0,1,emergency_shelter,1,0,0,0,0,0,0,0,1,employment
2018,31.5,8.03,female,white,hs_graduate,0,0,1,0,1,emergency_shelter,0,0,0,1,0,0,1,1,0,welfare
2018,58.4,1.12,female,white,hs_graduate,0,0,1,0,1,emergency_shelter,0,0,0,1,0,0,0,0,0,disability
2018,33.4,4.43,female,white,hs_graduate,0,0,1,0,1,emergency_shelter,0,0,0,0,1,1,0,0,0,employment
2018,40.9,14.76,female,white,hs_graduate,0,0,1,0,1,respite,0,0,0,1,0,0,0,0,0,welfare
2018,43.7,4.44,female,white,hs_graduate,0,0,1,0,1,emergency_shelter,0,0,0,1,0,0,0,0,0,welfare
2018,25.6,20.82,female,white,hs_graduate,0,0,1,0,1,emergency_shelter,0,0,0,0,0,0,0,0,0,welfare
2018,66.5,30.0,female,white,hs_graduate,0,0,1,0,1,emergency_shelter,0,0,0,0,0,0,0,1,0,welfare
2018,44.0,21.73,female,white,hs_graduate,0,0,0,1,1,outdoor,0,0,0,1,0,0,0,0,0,welfare
2018,38.0,2.9,female,white,hs_graduate,0,0,0,1,1,outdoor,0,0,0,0,1,0,1,0,0,other
2018,54.0,4.67,female,white,hs_graduate,0,0,0,1,1,outdoor,0,0,0,1,0,0,0,0,0,welfare
2018,49.4,2.23,female,white,hs_graduate,0,0,0,1,1,outdoor,0,0,0,1,0,0,0,0,0,other
2018,56.5,6.37,female,white,hs_graduate,0,0,0,1,1,outdoor,0,0,0,0,0,0,0,1,0,welfare
2018,45.8,5.92,female,white,hs_graduate,0,0,0,1,1,outdoor,0,0,0,0,0,1,0,1,0,welfare
2018,52.8,2.47,female,white,hs_graduate,0,0,0,1,1,outdoor,0,0,0,1,0,0,0,0,0,welfare
2018,33.7,3.29,female,white,hs_graduate,0,0,0,0,1,emergency_shelter,0,0,0,0,1,0,0,1,1,welfare
2018,49.2,3.66,female,white,hs_graduate,0,0,0,0,1,emergency_shelter,0,0,0,0,0,0,1,1,0,welfare
2018,42.2,1.57,female,white,hs_graduate,0,0,0,0,1,emergency_shelter,0,0,0,1,0,0,0,0,0,welfare
2018,35.9,8.7,female,white,hs_graduate,0,0,0,0,1,emergency_shelter,0,0,1,0,0,0,0,0,0,welfare
2018,20.5,3.79,female,white,hs_graduate,0,0,0,0,1,emergency_shelter,1,0,0,1,1,0,0,1,0,other
2018,32.5,8.97,female,white,hs_graduate,0,0,0,0,1,emergency_shelter,0,0,0,1,1,0,0,1,0,disability
2018,33.0,1.04,female,white,hs_graduate,0,0,0,0,1,emergency_shelter,0,0,0,0,0,0,0,0,0,welfare
2018,27.2,30.0,female,white,hs_graduate,0,0,0,0,1,other,0,0,0,1,0,0,0,0,0,welfare
2018,39.8,2.13,female,white,hs_graduate,0,0,0,0,1,emergency_shelter,0,0,0,1,0,0,0,1,0,disability
2018,28.3,9.93,female,white,hs_graduate,0,0,0,0,1,emergency_shelter,0,0,0,0,0,0,0,0,0,other
2018,42.1,12.16,female,white,hs_graduate,0,0,0,0,1,emergency_shelter,0,0,0,1,1,1,0,1,0,informal
2018,47.8,2.14,female,white,hs_graduate,0,0,0,0,1,emergency_shelter,0,0,0,1,0,0,0,0,0,employment
2018,32.8,1.7,female,white,hs_graduate,0,0,0,0,1,emergency_shelter,0,0,0,0,0,0,0,1,0,employment
2018,50.4,1.99,female,white,hs_graduate,0,0,0,0,1,emergency_shelter,0,0,0,1,1,1,1,0,0,welfare
2018,25.3,2.77,female,white,hs_graduate,0,0,0,0,1,emergency_shelter,0,0,1,1,1,0,0,0,0,disability
2018,28.8,2.11,female,white,hs_graduate,0,0,0,0,1,emergency_shelter,0,0,0,1,0,0,0,0,0,welfare
2018,42.8,10.44,female,white,hs_graduate,0,0,0,0,1,respite,0,0,0,1,0,0,0,1,1,employment
2018,54.0,4.73,female,white,hs_graduate,0,0,0,0,1,other,0,0,0,0,0,0,0,0,0,other
2018,56.5,6.72,female,white,hs_graduate,0,0,0,0,1,emergency_shelter,0,0,0,1,0,0,0,0,0,informal
2018,67.0,1.28,female,white,hs_graduate,0,0,0,0,1,respite,0,0,0,1,0,0,0,1,1,employment
2018,39.1,24.21,female,white,hs_graduate,0,0,0,0,1,respite,0,0,0,0,0,1,0,0,0,other
2018,42.6,2.13,female,white,hs_graduate,0,0,0,0,1,other,0,0,0,1,0,0,0,0,0,other
2018,58.4,2.66,female,white,hs_graduate,0,0,0,0,0,emergency_shelter,0,0,0,1,0,0,0,0,0,welfare
2018,30.9,6.77,female,white,hs_graduate,0,0,0,0,0,emergency_shelter,0,0,0,0,0,0,0,0,1,disability
2018,49.8,8.0,female,white,hs_graduate,0,0,0,0,0,respite,0,0,0,1,0,0,0,0,0,welfare
2018,23.1,4.69,female,white,hs_graduate,0,0,0,0,0,emergency_shelter,1,0,0,0,0,0,0,0,0,employment
2018,55.8,0.05,female,white,hs_graduate,0,0,0,0,0,emergency_shelter,0,0,0,0,0,0,0,0,0,welfare
2018,53.7,0.49,female,white,hs_graduate,0,0,0,0,0,emergency_shelter,0,0,0,1,0,0,0,1,0,disability
2018,48.0,0.27,female,white,hs_graduate,0,0,0,0,0,emergency_shelter,0,0,0,0,0,0,0,0,0,welfare
2018,35.9,0.36,female,white,hs_graduate,0,0,0,0,0,emergency_shelter,0,0,0,0,1,0,0,0,0,welfare
2018,21.8,1.64,female,white,hs_graduate,0,0,0,0,0,emergency_shelter,1,0,0,0,0,0,0,1,0,welfare
2018,38.9,1.46,female,white,some_post_sec,1,0,0,0,1,emergency_shelter,0,0,0,1,0,0,0,0,1,disability
2018,42.2,1.41,female,white,some_post_sec,1,0,0,0,1,emergency_shelter,0,0,0,1,0,0,0,0,0,welfare
2018,78.7,2.0,female,white,some_post_sec,1,0,0,0,1,emergency_shelter,0,0,0,0,0,0,0,1,0,welfare
2018,22.0,1.95,female,white,some_post_sec,1,0,0,0,1,emergency_shelter,1,0,0,1,0,0,0,0,0,disability
2018,41.8,4.73,female,white,some_post_sec,1,0,0,0,1,emergency_shelter,0,0,0,1,0,0,0,1,1,welfare
2018,62.8,2.03,female,white,some_post_sec,1,0,0,0,1,emergency_shelter,0,0,0,1,0,0,0,0,0,disability
2018,54.9,23.23,female,white,some_post_sec,1,0,0,0,1,emergency_shelter,0,0,0,1,0,0,0,0,0,welfare
2018,28.0,30.0,female,white,some_post_sec,0,1,1,0,1,emergency_shelter,0,0,0,0,0,0,0,0,0,welfare
2018,46.5,1.32,female,white,some_post_sec,0,1,1,0,1,emergency_shelter,0,0,0,0,0,0,0,1,0,welfare
2018,34.9,1.51,female,white,some_post_sec,0,1,1,0,1,emergency_shelter,0,0,0,0,0,0,0,1,0,employment
2018,58.6,11.41,female,white,some_post_sec,0,1,1,0,1,emergency_shelter,0,0,0,1,0,0,0,1,0,disability
2018,42.1,2.29,female,white,some_post_sec,0,1,1,0,1,other,0,0,0,1,0,0,0,0,0,disability
2018,23.1,3.46,female,white,some_post_sec,0,1,1,0,1,emergency_shelter,1,0,0,1,0,0,0,0,0,other
2018,41.3,1.87,female,white,some_post_sec,0,1,1,0,1,emergency_shelter,0,0,0,0,0,0,0,0,0,welfare
2018,50.8,13.43,female,white,some_post_sec,0,1,0,0,1,emergency_shelter,0,0,0,0,0,0,0,0,0,other
2018,54.1,2.61,female,white,some_post_sec,0,1,0,0,1,emergency_shelter,0,0,0,1,0,1,0,0,1,other
2018,49.3,30.0,female,white,some_post_sec,0,1,0,0,1,other,0,0,0,1,0,0,0,0,0,other
2018,29.7,6.66,female,white,some_post_sec,0,1,0,0,1,other,0,0,1,0,0,0,0,0,0,welfare
2018,29.4,3.28,female,white,some_post_sec,0,1,0,0,1,emergency_shelter,0,0,0,1,0,0,0,1,0,disability
2018,39.8,2.24,female,white,some_post_sec,0,0,1,0,1,emergency_shelter,0,0,0,0,0,0,0,0,0,other
2018,36.9,1.65,female,white,some_post_sec,0,0,1,0,1,respite,0,0,0,1,0,0,0,0,0,disability
2018,61.0,1.45,female,white,some_post_sec,0,0,1,0,1,emergency_shelter,0,0,0,1,1,1,0,0,0,welfare
2018,45.1,2.47,female,white,some_post_sec,0,0,0,1,1,outdoor,0,0,0,1,0,0,1,1,0,other
2018,57.1,1.07,female,white,some_post_sec,0,0,0,0,1,emergency_shelter,0,0,0,1,0,0,0,1,0,welfare
2018,51.9,30.0,female,white,some_post_sec,0,0,0,0,1,emergency_shelter,0,0,0,0,0,0,0,0,0,disability
2018,52.4,5.95,female,white,some_post_sec,0,0,0,0,1,emergency_shelter,0,0,0,1,0,0,0,0,0,employment
2018,53.0,20.9,female,white,some_post_sec,0,0,0,0,1,emergency_shelter,0,0,0,1,0,0,0,0,0,other
2018,40.6,6.94,female,white,some_post_sec,0,0,0,0,1,emergency_shelter,0,0,0,1,0,0,0,0,0,other
2018,30.6,1.63,female,white,some_post_sec,0,0,0,0,1,emergency_shelter,0,0,0,0,1,0,1,0,0,welfare
2018,66.4,8.58,female,white,some_post_sec,0,0,0,0,1,respite,0,0,1,1,0,0,0,0,0,other
2018,55.2,30.0,female,white,some_post_sec,0,0,0,0,1,emergency_shelter,0,0,0,1,1,0,0,0,0,disability
2018,43.4,1.2,female,white,some_post_sec,0,0,0,0,1,emergency_shelter,0,0,0,1,0,0,0,0,0,disability
2018,53.0,21.56,female,white,some_post_sec,0,0,0,0,1,emergency_shelter,0,0,0,1,1,0,0,0,0,employment
2018,50.0,2.67,female,white,some_post_sec,0,0,0,0,1,emergency_shelter,0,0,0,1,0,0,0,0,0,disability
2018,32.4,4.37,female,white,some_post_sec,0,0,0,0,1,other,0,0,0,1,0,0,0,0,0,employment
2018,39.7,4.1,female,white,some_post_sec,0,0,0,0,1,emergency_shelter,0,0,0,0,0,0,0,0,0,disability
2018,63.0,30.0,female,white,some_post_sec,0,0,0,0,1,emergency_shelter,0,0,0,1,0,0,0,0,1,welfare
2018,44.3,6.07,female,white,some_post_sec,0,0,0,0,1,emergency_shelter,0,0,0,1,0,0,0,0,0,disability
2018,49.7,5.12,female,white,some_post_sec,0,0,0,0,1,emergency_shelter,0,0,0,1,0,0,0,0,0,disability
2018,41.3,1.7,female,white,some_post_sec,0,0,0,0,0,emergency_shelter,0,0,1,0,1,0,1,0,0,other
2018,33.7,0.49,female,white,some_post_sec,0,0,0,0,0,emergency_shelter,0,0,0,1,0,0,0,0,0,disability
2018,38.5,2.95,female,white,some_post_sec,0,0,0,0,0,emergency_shelter,0,0,0,0,0,0,0,0,0,disability
2018,18.1,1.88,female,white,post_sec_higher,1,1,1,0,1,emergency_shelter,1,0,0,0,0,0,0,0,1,disability
2018,43.3,7.1,female,white,post_sec_higher,1,0,0,0,1,emergency_shelter,0,0,0,0,0,0,0,0,0,informal
2018,58.2,30.0,female,white,post_sec_higher,1,0,0,0,1,emergency_shelter,0,0,0,0,1,0,0,1,1,welfare
2018,28.5,30.0,female,white,post_sec_higher,1,0,0,0,1,emergency_shelter,0,0,0,0,0,0,0,1,1,welfare
2018,29.9,5.69,female,white,post_sec_higher,1,0,0,0,1,other,0,0,0,1,0,0,0,1,0,disability
2018,69.7,3.47,female,white,post_sec_higher,1,0,0,0,1,emergency_shelter,0,0,0,0,0,1,0,0,0,welfare
2018,48.5,8.2,female,white,post_sec_higher,1,0,0,0,1,other,0,0,0,1,0,0,0,1,0,disability
2018,37.8,10.48,female,white,post_sec_higher,1,0,0,0,1,emergency_shelter,0,0,0,0,0,0,0,1,0,employment
2018,42.9,5.96,female,white,post_sec_higher,1,0,0,0,1,emergency_shelter,0,0,0,0,0,0,0,1,0,welfare
2018,48.4,19.39,female,white,post_sec_higher,1,0,0,0,1,emergency_shelter,0,0,0,1,0,0,0,0,0,other
2018,41.7,2.23,female,white,post_sec_higher,1,0,0,0,1,emergency_shelter,0,0,0,0,0,0,0,1,0,disability
2018,63.3,3.65,female,white,post_sec_higher,1,0,0,0,1,emergency_shelter,0,0,0,0,0,0,0,0,0,welfare
2018,45.8,30.0,female,white,post_sec_higher,0,1,1,0,1,emergency_shelter,0,0,0,1,1,0,0,0,0,disability
2018,32.1,3.97,female,white,post_sec_higher,0,1,1,0,1,emergency_shelter,0,0,0,0,0,1,0,0,0,employment
2018,33.7,1.27,female,white,post_sec_higher,0,1,1,0,1,emergency_shelter,0,0,0,0,0,0,0,0,0,disability
2018,47.3,30.0,female,white,post_sec_higher,0,1,1,0,1,emergency_shelter,0,0,1,0,0,0,0,0,0,other
2018,77.3,16.94,female,white,post_sec_higher,0,1,1,0,1,emergency_shelter,0,0,0,0,0,1,1,0,0,disability
2018,43.4,2.84,female,white,post_sec_higher,0,1,1,0,1,emergency_shelter,0,0,1,0,0,0,0,0,0,welfare
2018,63.6,4.57,female,white,post_sec_higher,0,1,1,0,1,emergency_shelter,0,0,0,1,0,0,0,0,0,disability
2018,42.8,24.37,female,white,post_sec_higher,0,1,1,0,1,emergency_shelter,0,0,0,0,0,1,0,0,0,welfare
2018,28.1,3.91,female,white,post_sec_higher,0,1,1,0,1,emergency_shelter,0,0,0,0,0,0,0,0,0,welfare
2018,33.0,7.36,female,white,post_sec_higher,0,1,1,0,1,emergency_shelter,0,0,0,1,0,0,0,0,0,disability
2018,34.2,6.66,female,white,post_sec_higher,0,1,1,0,1,emergency_shelter,0,0,0,0,0,0,0,0,0,informal
2018,49.5,16.51,female,white,post_sec_higher,0,1,0,0,1,emergency_shelter,0,0,0,1,0,1,0,0,0,informal
2018,32.1,2.76,female,white,post_sec_higher,0,1,0,0,1,respite,0,0,0,0,0,0,0,1,0,disability
2018,20.0,6.44,female,white,post_sec_higher,0,1,0,0,1,respite,1,0,0,1,0,0,0,0,0,welfare
2018,54.8,4.53,female,white,post_sec_higher,0,1,0,0,1,emergency_shelter,0,0,0,0,0,0,0,1,0,employment
2018,38.0,2.34,female,white,post_sec_higher,0,1,0,0,1,respite,0,0,0,1,0,0,0,0,1,welfare
2018,30.5,8.55,female,white,post_sec_higher,0,1,0,0,1,emergency_shelter,0,0,0,0,0,0,0,0,0,welfare
2018,25.0,30.0,female,white,post_sec_higher,0,1,0,0,1,emergency_shelter,1,0,0,0,1,1,0,0,0,disability
2018,47.0,4.01,female,white,post_sec_higher,0,1,0,0,1,emergency_shelter,0,0,1,0,0,1,0,0,0,other
2018,45.3,7.03,female,white,post_sec_higher,0,1,0,0,1,emergency_shelter,0,0,0,0,0,0,0,0,0,disability
2018,37.6,1.29,female,white,post_sec_higher,0,0,1,0,1,emergency_shelter,0,0,0,0,0,0,0,0,0,disability
2018,74.1,1.53,female,white,post_sec_higher,0,0,1,0,1,other,0,0,0,1,0,1,0,0,1,welfare
2018,50.4,17.5,female,white,post_sec_higher,0,0,1,0,1,emergency_shelter,0,0,0,0,0,0,0,0,0,disability
2018,43.0,30.0,female,white,post_sec_higher,0,0,1,0,1,respite,0,0,0,1,0,0,0,1,0,disability
2018,41.3,1.99,female,white,post_sec_higher,0,0,1,0,1,emergency_shelter,0,0,0,0,0,0,1,1,0,employment
2018,20.5,2.79,female,white,post_sec_higher,0,0,1,0,1,other,1,0,0,1,1,0,0,0,1,other
2018,40.4,17.76,female,white,post_sec_higher,0,0,0,1,1,outdoor,0,0,0,0,0,1,0,0,0,disability
2018,52.7,12.49,female,white,post_sec_higher,0,0,0,1,1,outdoor,0,0,0,0,0,0,0,0,0,employment
2018,43.3,8.69,female,white,post_sec_higher,0,0,0,1,1,outdoor,0,0,1,0,0,0,0,1,0,disability
2018,69.3,4.68,female,white,post_sec_higher,0,0,0,1,1,outdoor,0,0,1,1,1,0,0,1,1,employment
2018,15.0,16.75,female,white,post_sec_higher,0,0,0,1,1,outdoor,1,0,0,0,1,0,0,0,0,welfare
2018,58.9,10.16,female,white,post_sec_higher,0,0,0,0,1,emergency_shelter,0,0,0,1,0,0,0,1,0,welfare
2018,47.9,3.93,female,white,post_sec_higher,0,0,0,0,1,respite,0,0,0,1,1,0,0,0,0,welfare
2018,60.0,1.12,female,white,post_sec_higher,0,0,0,0,1,emergency_shelter,0,0,0,0,0,0,0,0,0,welfare
2018,52.4,5.0,female,white,post_sec_higher,0,0,0,0,1,respite,0,0,0,1,0,0,0,1,0,employment
2018,48.3,2.57,female,white,post_sec_higher,0,0,0,0,1,other,0,0,0,1,0,0,0,0,0,welfare
2018,50.5,1.17,female,white,post_sec_higher,0,0,0,0,1,other,0,0,0,1,0,1,0,0,0,welfare
2018,48.0,5.49,female,white,post_sec_higher,0,0,0,0,1,emergency_shelter,0,0,0,0,0,0,0,0,0,welfare
2018,48.5,2.41,female,white,post_sec_higher,0,0,0,0,1,emergency_shelter,0,0,0,0,0,0,0,0,0,other
2018,42.2,5.2,female,white,post_sec_higher,0,0,0,0,1,emergency_shelter,0,0,0,1,0,0,0,1,1,other
2018,40.9,3.06,female,white,post_sec_higher,0,0,0,0,1,emergency_shelter,0,0,0,1,0,0,0,1,0,welfare
2018,69.1,8.25,female,white,post_sec_higher,0,0,0,0,1,respite,0,0,0,0,0,0,0,1,0,other
2018,51.1,30.0,female,white,post_sec_higher,0,0,0,0,1,emergency_shelter,0,0,0,0,0,0,0,1,0,welfare
2018,36.4,6.92,female,white,post_sec_higher,0,0,0,0,1,emergency_shelter,0,0,0,1,0,0,0,0,0,disability
2018,40.5,9.51,female,white,post_sec_higher,0,0,0,0,1,respite,0,0,0,0,0,0,0,0,0,welfare
2018,59.2,30.0,female,white,post_sec_higher,0,0,0,0,1,emergency_shelter,0,0,0,1,0,0,0,0,0,disability
2018,34.1,4.12,female,white,post_sec_higher,0,0,0,0,1,emergency_shelter,0,0,0,0,0,0,0,1,0,employment
2018,23.7,2.1,female,white,post_sec_higher,0,0,0,0,1,emergency_shelter,1,0,0,1,0,0,0,0,0,welfare
2018,24.7,3.11,female,white,post_sec_higher,0,0,0,0,1,emergency_shelter,1,0,0,1,0,1,0,1,0,disability
2018,20.2,4.49,female,white,post_sec_higher,0,0,0,0,1,emergency_shelter,1,0,0,1,0,0,1,1,0,employment
2018,26.2,9.45,female,white,post_sec_higher,0,0,0,0,1,emergency_shelter,0,0,0,0,0,0,1,0,0,welfare
2018,66.2,0.67,female,white,post_sec_higher,0,0,0,0,0,other,0,0,0,0,0,0,0,0,0,disability
2018,43.8,5.14,female,white,post_sec_higher,0,0,0,0,0,emergency_shelter,0,0,0,1,0,0,0,0,0,disability
2018,30.4,6.98,female,white,post_sec_higher,0,0,0,0,0,respite,0,0,0,0,0,0,0,0,0,welfare
2018,70.5,1.68,female,white,post_sec_higher,0,0,0,0,0,emergency_shelter,0,0,0,1,0,0,0,1,0,welfare
2018,36.7,2.43,female,white,post_sec_higher,0,0,0,0,0,emergency_shelter,0,0,0,0,0,0,0,1,1,other
2018,30.0,8.0,female,white,post_sec_higher,0,0,0,0,0,other,0,0,0,1,0,0,0,0,0,other
2018,38.7,2.61,female,white,post_sec_higher,0,0,0,0,0,other,0,0,0,1,0,0,0,1,0,welfare
2018,30.7,15.78,female,indigenous,less_than_hs,1,0,0,0,1,emergency_shelter,0,1,0,1,1,1,0,0,0,welfare
2018,51.3,4.16,female,indigenous,less_than_hs,1,0,0,0,1,respite,0,1,0,1,0,0,0,0,0,welfare
2018,42.6,1.04,female,indigenous,less_than_hs,1,0,0,0,1,emergency_shelter,0,1,0,1,0,0,0,0,0,disability
2018,50.3,4.64,female,indigenous,less_than_hs,1,0,0,0,1,emergency_shelter,0,1,1,0,0,0,0,1,0,welfare
2018,32.7,2.6,female,indigenous,less_than_hs,1,0,0,0,1,emergency_shelter,0,1,0,0,0,1,0,1,0,welfare
2018,35.9,10.8,female,indigenous,less_than_hs,1,0,0,0,1,emergency_shelter,0,1,0,1,0,1,0,1,0,welfare
2018,34.1,6.38,female,indigenous,less_than_hs,0,1,1,0,1,emergency_shelter,0,1,1,1,1,1,0,0,1,welfare
2018,43.7,30.0,female,indigenous,less_than_hs,0,1,1,0,1,respite,0,1,0,0,0,0,0,0,0,welfare
2018,31.2,1.2,female,indigenous,less_than_hs,0,1,1,0,1,emergency_shelter,0,1,1,1,0,0,0,0,0,welfare
2018,55.3,5.34,female,indigenous,less_than_hs,0,1,1,0,1,emergency_shelter,0,1,0,1,0,0,0,0,0,disability
2018,39.7,4.27,female,indigenous,less_than_hs,0,1,1,0,1,emergency_shelter,0,1,0,1,1,0,0,0,0,welfare
2018,42.5,3.71,female,indigenous,less_than_hs,0,1,1,0,1,emergency_shelter,0,1,0,0,0,0,0,0,0,welfare
2018,43.0,1.86,female,indigenous,less_than_hs,0,1,0,0,1,emergency_shelter,0,1,0,1,1,0,0,1,1,welfare
2018,20.3,13.51,female,indigenous,less_than_hs,0,1,0,0,1,emergency_shelter,1,1,0,1,0,1,0,0,0,welfare
2018,34.6,3.17,female,indigenous,less_than_hs,0,1,0,0,1,other,0,1,0,1,0,1,0,0,0,employment
2018,56.8,28.13,female,indigenous,less_than_hs,0,1,0,0,1,emergency_shelter,0,1,0,0,1,1,0,1,0,employment
2018,36.6,4.1,female,indigenous,less_than_hs,0,0,1,0,1,respite,0,1,0,1,0,1,0,1,0,welfare
2018,70.1,30.0,female,indigenous,less_than_hs,0,0,1,0,1,respite,0,1,0,0,0,0,0,0,0,welfare
2018,69.5,1.06,female,indigenous,less_than_hs,0,0,0,0,1,emergency_shelter,0,1,0,1,0,0,0,1,0,disability
2018,43.8,2.57,female,indigenous,less_than_hs,0,0,0,0,1,emergency_shelter,0,1,0,1,0,0,0,1,0,disability
2018,50.6,11.72,female,indigenous,less_than_hs,0,0,0,0,1,emergency_shelter,0,1,0,1,0,0,0,0,0,welfare
2018,47.3,4.52,female,indigenous,less_than_hs,0,0,0,0,1,emergency_shelter,0,1,0,1,0,0,0,0,0,other
2018,40.0,3.6,female,indigenous,less_than_hs,0,0,0,0,1,other,0,1,0,1,0,0,0,0,0,disability
2018,27.7,26.02,female,indigenous,less_than_hs,0,0,0,0,1,emergency_shelter,0,1,0,1,1,0,0,1,1,welfare
2018,38.0,30.0,female,indigenous,less_than_hs,0,0,0,0,1,emergency_shelter,0,1,0,0,1,0,0,0,0,other
2018,55.6,30.0,female,indigenous,less_than_hs,0,0,0,0,1,emergency_shelter,0,1,0,0,0,0,0,1,1,disability
2018,44.0,3.01,female,indigenous,less_than_hs,0,0,0,0,1,emergency_shelter,0,1,0,1,0,0,0,0,0,disability
2018,48.6,30.0,female,indigenous,less_than_hs,0,0,0,0,1,emergency_shelter,0,1,0,1,1,0,0,0,1,other
2018,40.4,13.21,female,indigenous,less_than_hs,0,0,0,0,1,emergency_shelter,0,1,0,0,0,1,0,0,0,disability
2018,29.6,2.0,female,indigenous,less_than_hs,0,0,0,0,1,emergency_shelter,0,1,0,0,0,0,0,1,0,welfare
2018,41.1,8.43,female,indigenous,less_than_hs,0,0,0,0,1,emergency_shelter,0,1,0,0,0,0,0,0,0,welfare
2018,30.1,1.15,female,indigenous,less_than_hs,0,0,0,0,1,emergency_shelter,0,1,0,1,0,0,0,0,0,disability
2018,29.2,11.83,female,indigenous,less_than_hs,0,0,0,0,1,emergency_shelter,0,1,0,0,0,1,0,0,0,disability
2018,61.3,13.03,female,indigenous,less_than_hs,0,0,0,0,1,other,0,1,0,0,0,0,0,0,0,welfare
2018,35.5,8.0,female,indigenous,less_than_hs,0,0,0,0,0,emergency_shelter,0,1,0,1,0,0,0,0,0,welfare
2018,34.5,0.58,female,indigenous,less_than_hs,0,0,0,0,0,emergency_shelter,0,1,1,1,0,0,0,1,0,disability
2018,46.4,26.13,female,indigenous,hs_graduate,1,0,0,0,1,emergency_shelter,0,1,0,1,1,0,0,0,0,welfare
2018,32.2,5.4,female,indigenous,hs_graduate,1,0,0,0,1,emergency_shelter,0,1,0,1,0,0,0,1,0,welfare
2018,36.6,1.64,female,indigenous,hs_graduate,1,0,0,0,1,emergency_shelter,0,1,0,1,0,0,0,0,0,employment
2018,48.4,28.27,female,indigenous,hs_graduate,1,0,0,0,1,emergency_shelter,0,1,0,0,0,0,0,0,0,welfare
2018,40.8,3.47,female,indigenous,hs_graduate,0,1,1,0,1,emergency_shelter,0,1,0,0,0,0,0,0,0,disability
2018,78.1,7.62,female,indigenous,hs_graduate,0,1,1,0,1,emergency_shelter,0,1,0,0,0,0,0,0,0,welfare
2018,52.8,3.28,female,indigenous,hs_graduate,0,1,1,0,1,emergency_shelter,0,1,0,0,0,0,0,0,0,welfare
2018,57.7,14.11,female,indigenous,hs_graduate,0,1,1,0,1,emergency_shelter,0,1,0,1,0,0,0,1,0,welfare
2018,43.3,6.42,female,indigenous,hs_graduate,0,1,0,0,1,emergency_shelter,0,1,0,0,0,0,0,1,0,welfare
2018,48.8,2.26,female,indigenous,hs_graduate,0,1,0,0,1,respite,0,1,1,0,0,0,0,0,1,welfare
2018,45.6,5.87,female,indigenous,hs_graduate,0,0,0,0,1,emergency_shelter,0,1,0,1,0,0,0,1,0,welfare
2018,62.8,17.0,female,indigenous,hs_graduate,0,0,0,0,1,emergency_shelter,0,1,0,1,0,0,0,1,1,welfare
2018,32.2,5.68,female,indigenous,hs_graduate,0,0,0,0,1,emergency_shelter,0,1,0,0,0,0,0,0,0,other
2018,44.5,27.7,female,indigenous,hs_graduate,0,0,0,0,1,respite,0,1,0,0,0,0,0,0,0,other
2018,65.9,13.15,female,indigenous,hs_graduate,0,0,0,0,1,other,0,1,0,1,0,0,0,1,0,welfare
2018,34.9,3.44,female,indigenous,hs_graduate,0,0,0,0,1,emergency_shelter,0,1,1,1,0,0,0,0,0,employment
2018,59.2,4.39,female,indigenous,hs_graduate,0,0,0,0,1,emergency_shelter,0,1,0,1,0,0,0,0,0,welfare
2018,72.0,10.22,female,indigenous,hs_graduate,0,0,0,0,1,respite,0,1,1,0,0,0,0,0,0,disability
2018,46.8,30.0,female,indigenous,hs_graduate,0,0,0,0,1,emergency_shelter,0,1,0,1,0,0,0,1,0,welfare
2018,37.0,2.19,female,indigenous,hs_graduate,0,0,0,0,1,emergency_shelter,0,1,0,1,0,0,0,0,0,welfare
2018,33.6,6.26,female,indigenous,hs_graduate,0,0,0,0,1,respite,0,1,0,1,0,1,1,1,0,other
2018,62.7,1.75,female,indigenous,hs_graduate,0,0,0,0,1,emergency_shelter,0,1,0,1,0,0,0,1,0,other
2018,62.3,3.08,female,indigenous,hs_graduate,0,0,0,0,1,other,0,1,0,1,0,0,0,0,0,informal
2018,31.3,1.54,female,indigenous,some_post_sec,0,0,0,0,1,respite,0,1,0,0,0,0,0,1,0,welfare
2018,45.3,17.55,female,indigenous,some_post_sec,0,0,0,0,1,emergency_shelter,0,1,0,0,1,1,0,0,0,welfare
2018,17.3,5.67,female,indigenous,some_post_sec,0,0,0,0,1,emergency_shelter,1,1,0,1,0,0,0,0,0,employment
2018,36.6,19.25,female,indigenous,some_post_sec,0,0,0,0,1,emergency_shelter,0,1,0,1,0,0,0,1,1,informal
2018,49.1,19.63,female,indigenous,some_post_sec,0,0,0,0,1,emergency_shelter,0,1,0,1,1,0,0,0,1,welfare
2018,19.6,3.46,female,indigenous,some_post_sec,0,0,0,0,1,emergency_shelter,1,1,0,0,1,0,0,0,0,welfare
2018,15.0,1.02,female,indigenous,some_post_sec,0,0,0,0,1,emergency_shelter,1,1,0,1,1,0,1,1,0,disability
2018,15.0,1.38,female,indigenous,post_sec_higher,1,0,0,0,1,emergency_shelter,1,1,0,0,0,0,0,1,0,welfare
2018,48.5,3.54,female,indigenous,post_sec_higher,1,0,0,0,1,emergency_shelter,0,1,0,1,0,1,1,0,0,welfare
2018,55.2,2.12,female,indigenous,post_sec_higher,0,1,1,0,1,emergency_shelter,0,1,0,1,0,0,0,0,0,disability
2018,53.2,3.77,female,indigenous,post_sec_higher,0,0,0,0,1,emergency_shelter,0,1,0,1,0,0,0,0,0,employment
2018,43.1,2.25,female,indigenous,post_sec_higher,0,0,0,0,1,emergency_shelter,0,1,1,1,0,0,0,0,0,disability
2018,45.9,30.0,female,indigenous,post_sec_higher,0,0,0,0,1,emergency_shelter,0,1,0,1,1,1,0,1,0,other
2018,54.2,5.34,female,indigenous,post_sec_higher,0,0,0,0,1,emergency_shelter,0,1,0,1,1,0,0,1,0,welfare
2018,31.4,4.68,female,indigenous,post_sec_higher,0,0,0,0,1,other,0,1,0,1,0,0,0,0,0,welfare
2018,49.6,2.96,female,indigenous,post_sec_higher,0,0,0,0,1,emergency_shelter,0,1,0,0,0,0,0,1,0,disability
2018,48.1,29.88,female,indigenous,post_sec_higher,0,0,0,0,1,emergency_shelter,0,1,1,0,1,0,0,1,0,employment
2018,41.8,22.04,female,indigenous,post_sec_higher,0,0,0,0,1,emergency_shelter,0,1,0,0,0,0,1,0,1,disability
2018,31.4,4.49,female,indigenous,post_sec_higher,0,0,0,0,1,emergency_shelter,0,1,1,1,1,0,1,0,0,welfare
2018,52.7,1.18,female,indigenous,post_sec_higher,0,0,0,0,1,emergency_shelter,0,1,0,1,0,0,0,0,1,informal
2018,54.2,5.11,female,indigenous,post_sec_higher,0,0,0,0,1,emergency_shelter,0,1,0,0,0,0,0,1,0,disability
2018,46.0,30.0,female,other,less_than_hs,1,0,0,0,1,other,0,0,0,0,1,0,0,1,1,disability
2018,36.0,19.15,female,other,less_than_hs,1,0,0,0,1,emergency_shelter,0,0,0,0,0,0,0,0,0,disability
2018,48.6,22.16,female,other,less_than_hs,1,0,0,0,1,emergency_shelter,0,0,0,0,0,0,0,0,0,welfare
2018,47.7,24.14,female,other,less_than_hs,1,0,0,0,1,emergency_shelter,0,0,0,1,1,0,0,0,0,other
2018,38.6,8.69,female,other,less_than_hs,1,0,0,0,1,emergency_shelter,0,0,0,1,0,0,0,0,0,welfare
2018,40.6,13.58,female,other,less_than_hs,1,0,0,0,1,emergency_shelter,0,0,0,1,0,0,0,1,0,welfare
2018,24.0,3.93,female,other,less_than_hs,1,0,0,0,1,emergency_shelter,1,0,0,0,0,0,0,0,0,disability
2018,64.8,5.88,female,other,less_than_hs,0,1,1,0,1,emergency_shelter,0,0,0,0,0,0,0,1,0,welfare
2018,73.3,24.44,female,other,less_than_hs,0,1,1,0,1,emergency_shelter,0,0,0,1,0,0,0,0,0,disability
2018,29.8,9.8,female,other,less_than_hs,0,1,1,0,1,emergency_shelter,0,0,0,0,0,0,0,0,0,employment
2018,46.0,1.62,female,other,less_than_hs,0,1,1,0,1,emergency_shelter,0,0,0,1,1,1,0,1,0,employment
2018,62.9,24.83,female,other,less_than_hs,0,1,1,0,1,respite,0,0,0,1,1,1,0,1,0,employment
2018,40.8,20.42,female,other,less_than_hs,0,1,1,0,1,respite,0,0,0,1,0,0,0,0,0,employment
2018,36.5,14.13,female,other,less_than_hs,0,1,1,0,1,emergency_shelter,0,0,0,1,0,0,0,1,1,welfare
2018,18.3,8.21,female,other,less_than_hs,0,1,0,0,1,emergency_shelter,1,0,1,1,0,0,0,0,0,disability
2018,46.0,23.31,female,other,less_than_hs,0,1,0,0,1,emergency_shelter,0,0,0,0,0,0,0,0,0,other
2018,31.4,13.24,female,other,less_than_hs,0,1,0,0,1,other,0,0,0,1,0,0,0,0,0,other
2018,30.9,4.17,female,other,less_than_hs,0,1,0,0,1,respite,0,0,0,0,0,0,0,1,1,welfare
2018,50.3,30.0,female,other,less_than_hs,0,1,0,0,1,emergency_shelter,0,0,0,1,0,0,0,0,0,disability
2018,31.7,10.05,female,other,less_than_hs,0,1,0,0,1,emergency_shelter,0,0,0,0,0,0,0,0,0,welfare
2018,43.5,8.97,female,other,less_than_hs,0,0,1,0,1,emergency_shelter,0,0,0,1,0,0,0,0,0,informal
2018,56.2,3.75,female,other,less_than_hs,0,0,1,0,1,respite,0,0,0,0,1,0,0,0,1,disability
2018,68.2,4.85,female,other,less_than_hs,0,0,1,0,1,emergency_shelter,0,0,0,0,0,0,0,1,0,other
2018,39.8,1.15,female,other,less_than_hs,0,0,0,1,1,outdoor,0,0,0,1,0,1,0,1,1,welfare
2018,37.5,3.23,female,other,less_than_hs,0,0,0,0,1,emergency_shelter,0,0,0,0,0,0,0,1,0,other
2018,61.0,2.94,female,other,less_than_hs,0,0,0,0,1,emergency_shelter,0,0,0,0,1,0,0,0,0,informal
2018,16.0,9.83,female,other,less_than_hs,0,0,0,0,1,emergency_shelter,1,0,0,1,0,0,0,0,0,disability
2018,46.2,4.32,female,other,less_than_hs,0,0,0,0,1,emergency_shelter,0,0,0,1,0,0,0,0,0,welfare
2018,45.2,1.87,female,other,less_than_hs,0,0,0,0,1,emergency_shelter,0,0,0,1,0,0,0,0,0,disability
2018,65.4,1.4,female,other,less_than_hs,0,0,0,0,1,emergency_shelter,0,0,0,0,0,1,0,0,0,disability
2018,56.0,16.4,female,other,less_than_hs,0,0,0,0,1,respite,0,0,0,1,0,1,0,1,0,welfare
2018,55.9,10.52,female,other,less_than_hs,0,0,0,0,1,emergency_shelter,0,0,0,1,0,1,0,1,0,other
2018,38.2,4.61,female,other,less_than_hs,0,0,0,0,1,emergency_shelter,0,0,0,0,0,0,0,0,0,other
2018,53.8,30.0,female,other,less_than_hs,0,0,0,0,1,emergency_shelter,0,0,0,1,1,0,0,0,0,disability
2018,37.6,4.59,female,other,less_than_hs,0,0,0,0,1,emergency_shelter,0,0,0,0,0,0,0,0,0,disability
2018,42.9,11.91,female,other,less_than_hs,0,0,0,0,1,emergency_shelter,0,0,0,1,0,1,0,1,1,welfare
2018,52.4,30.0,female,other,less_than_hs,0,0,0,0,1,emergency_shelter,0,0,0,1,1,0,0,1,0,disability
2018,45.6,21.43,female,other,less_than_hs,0,0,0,0,1,emergency_shelter,0,0,0,0,0,0,0,1,0,disability
2018,48.8,6.2,female,other,less_than_hs,0,0,0,0,1,emergency_shelter,0,0,0,0,0,1,0,0,0,other
2018,62.8,10.69,female,other,less_than_hs,0,0,0,0,1,emergency_shelter,0,0,0,1,0,0,0,1,0,informal
2018,39.3,4.63,female,other,less_than_hs,0,0,0,0,1,emergency_shelter,0,0,0,0,0,0,0,0,0,other
2018,29.6,8.0,female,other,less_than_hs,0,0,0,0,0,emergency_shelter,0,0,0,1,0,0,0,0,1,welfare
2018,46.6,1.15,female,other,less_than_hs,0,0,0,0,0,respite,0,0,0,1,0,0,0,1,0,welfare
2018,44.4,2.27,female,other,less_than_hs,0,0,0,0,0,emergency_shelter,0,0,0,0,0,0,0,0,0,welfare
2018,22.4,3.85,female,other,hs_graduate,1,0,0,0,1,emergency_shelter,1,0,0,1,0,1,0,1,1,disability
2018,60.7,8.25,female,other,hs_graduate,1,0,0,0,1,respite,0,0,0,0,0,0,0,1,0,informal
2018,47.5,13.33,female,other,hs_graduate,1,0,0,0,1,respite,0,0,0,0,0,0,0,0,1,disability
2018,26.2,19.11,female,other,hs_graduate,1,0,0,0,1,emergency_shelter,0,0,0,1,0,0,0,0,0,informal
2018,19.6,4.67,female,other,hs_graduate,1,0,0,0,1,emergency_shelter,1,0,0,1,0,0,0,0,0,welfare
2018,25.7,9.48,female,other,hs_graduate,0,1,1,0,1,emergency_shelter,0,0,0,1,0,0,0,0,0,employment
2018,46.3,6.47,female,other,hs_graduate,0,1,1,0,1,other,0,0,0,1,0,0,0,1,0,welfare
2018,43.8,1.21,female,other,hs_graduate,0,1,1,0,1,emergency_shelter,0,0,1,1,0,0,0,0,0,disability
2018,29.5,1.34,female,other,hs_graduate,0,1,1,0,1,emergency_shelter,0,0,1,0,0,0,1,0,0,welfare
2018,48.1,1.71,female,other,hs_graduate,0,1,1,0,1,emergency_shelter,0,0,0,1,1,1,0,1,0,welfare
2018,28.0,5.74,female,other,hs_graduate,0,1,0,0,1,emergency_shelter,0,0,0,1,0,0,0,1,0,welfare
2018,64.2,5.29,female,other,hs_graduate,0,1,0,0,1,emergency_shelter,0,0,1,0,0,0,0,0,0,other
2018,62.0,3.81,female,other,hs_graduate,0,1,0,0,1,emergency_shelter,0,0,0,1,1,0,0,0,0,disability
2018,35.8,18.93,female,other,hs_graduate,0,1,0,0,1,emergency_shelter,0,0,1,1,0,0,0,1,0,welfare
2018,54.0,24.23,female,other,hs_graduate,0,0,1,0,1,emergency_shelter,0,0,0,1,0,0,0,1,0,other
2018,47.9,11.39,female,other,hs_graduate,0,0,0,0,1,emergency_shelter,0,0,0,0,0,0,0,0,0,welfare
2018,32.8,23.37,female,other,hs_graduate,0,0,0,0,1,emergency_shelter,0,0,0,0,0,0,0,0,1,other
2018,24.4,30.0,female,other,hs_graduate,0,0,0,0,1,emergency_shelter,1,0,0,0,0,0,0,1,0,welfare
2018,39.2,5.55,female,other,hs_graduate,0,0,0,0,1,emergency_shelter,0,0,0,0,0,0,0,1,0,informal
2018,25.8,30.0,female,other,hs_graduate,0,0,0,0,1,emergency_shelter,0,0,0,1,0,0,0,0,1,other
2018,33.7,4.61,female,other,hs_graduate,0,0,0,0,1,emergency_shelter,0,0,0,0,0,0,0,0,0,other
2018,46.2,2.52,female,other,hs_graduate,0,0,0,0,1,emergency_shelter,0,0,0,1,0,0,0,1,0,other
2018,32.2,6.25,female,other,hs_graduate,0,0,0,0,1,emergency_shelter,0,0,0,1,0,0,0,1,0,disability
2018,62.4,9.61,female,other,hs_graduate,0,0,0,0,1,emergency_shelter,0,0,0,1,0,0,0,1,0,welfare
2018,29.8,5.29,female,other,hs_graduate,0,0,0,0,1,emergency_shelter,0,0,0,1,0,0,0,1,0,disability
2018,35.9,7.35,female,other,hs_graduate,0,0,0,0,1,respite,0,0,0,0,0,0,0,1,0,disability
2018,56.3,4.67,female,other,hs_graduate,0,0,0,0,1,emergency_shelter,0,0,0,0,0,0,0,0,1,welfare
2018,54.1,6.46,female,other,hs_graduate,0,0,0,0,1,emergency_shelter,0,0,0,1,0,0,0,1,0,other
2018,51.6,30.0,female,other,hs_graduate,0,0,0,0,1,emergency_shelter,0,0,0,1,0,0,0,1,1,welfare
2018,35.5,5.99,female,other,hs_graduate,0,0,0,0,1,emergency_shelter,0,0,0,0,0,1,0,0,0,other
2018,49.6,5.47,female,other,hs_graduate,0,0,0,0,0,emergency_shelter,0,0,0,0,0,0,0,0,0,other
2018,51.3,8.08,female,other,some_post_sec,0,0,0,0,1,respite,0,0,0,1,0,0,0,1,0,disability
2018,31.0,4.55,female,other,some_post_sec,0,0,0,0,1,emergency_shelter,0,0,0,0,0,0,0,0,0,disability
2018,33.5,4.33,female,other,some_post_sec,0,0,0,0,1,emergency_shelter,0,0,0,0,0,0,0,0,0,disability
2018,15.0,19.2,female,other,some_post_sec,0,0,0,0,1,respite,1,0,0,1,1,0,0,0,0,welfare
2018,41.4,1.17,female,other,some_post_sec,0,0,0,0,1,respite,0,0,0,0,0,0,0,0,0,disability
2018,53.5,3.24,female,other,some_post_sec,0,0,0,0,1,emergency_shelter,0,0,0,1,0,1,0,1,1,informal
2018,22.3,18.38,female,other,some_post_sec,0,0,0,0,1,emergency_shelter,1,0,1,1,0,0,0,1,0,disability
2018,62.5,30.0,female,other,some_post_sec,0,0,0,0,1,emergency_shelter,0,0,0,0,0,0,0,0,0,disability
2018,43.0,4.61,female,other,some_post_sec,0,0,0,0,1,emergency_shelter,0,0,0,1,1,0,0,0,0,welfare
2018,31.9,5.25,female,other,post_sec_higher,1,0,0,0,1,emergency_shelter,0,0,0,1,0,0,0,0,0,welfare
2018,45.3,7.76,female,other,post_sec_higher,1,0,0,0,1,emergency_shelter,0,0,1,1,1,0,0,1,0,other
2018,66.9,29.57,female,other,post_sec_higher,1,0,0,0,1,respite,0,0,0,0,0,0,0,0,0,other
2018,51.8,6.04,female,other,post_sec_higher,0,1,1,0,1,emergency_shelter,0,0,0,0,0,0,0,0,0,other
2018,38.1,6.52,female,other,post_sec_higher,0,1,1,0,1,emergency_shelter,0,0,1,1,1,1,0,0,1,disability
2018,52.0,2.63,female,other,post_sec_higher,0,1,1,0,1,emergency_shelter,0,0,0,0,0,0,0,0,0,welfare
2018,25.1,4.05,female,other,post_sec_higher,0,1,0,0,1,emergency_shelter,0,0,0,0,0,0,0,1,0,welfare
2018,41.8,3.45,female,other,post_sec_higher,0,0,0,0,1,emergency_shelter,0,0,0,0,1,0,0,0,0,disability
2018,42.4,1.18,female,other,post_sec_higher,0,0,0,0,1,emergency_shelter,0,0,0,0,0,0,0,0,0,welfare
2018,51.0,8.5,female,other,post_sec_higher,0,0,0,0,1,emergency_shelter,0,0,0,0,0,0,0,0,1,employment
2018,26.3,8.51,female,other,post_sec_higher,0,0,0,0,1,emergency_shelter,0,0,0,0,0,1,0,0,0,employment
2018,56.4,12.62,female,other,post_sec_higher,0,0,0,0,1,emergency_shelter,0,0,0,1,0,0,0,1,0,disability
2018,61.8,1.06,female,other,post_sec_higher,0,0,0,0,1,respite,0,0,1,1,0,0,0,1,0,other
2018,35.2,18.95,female,other,post_sec_higher,0,0,0,0,1,emergency_shelter,0,0,0,0,1,0,0,0,0,welfare
2018,43.9,13.3,female,other,post_sec_higher,0,0,0,0,1,emergency_shelter,0,0,1,1,0,0,0,1,0,disability
2018,53.2,1.91,female,other,post_sec_higher,0,0,0,0,1,emergency_shelter,0,0,0,0,0,0,0,0,0,other
2018,48.0,3.8,female,other,post_sec_higher,0,0,0,0,1,emergency_shelter,0,0,0,0,0,1,1,1,1,other
2018,30.4,9.25,female,other,post_sec_higher,0,0,0,0,1,emergency_shelter,0,0,0,1,0,0,0,0,0,informal
2018,54.2,5.92,female,other,post_sec_higher,0,0,0,0,1,other,0,0,1,0,1,0,1,0,0,welfare
2018,34.8,1.34,trans_nonbinary,black,less_than_hs,1,0,0,0,1,emergency_shelter,0,0,0,1,0,0,0,1,1,employment
2018,35.1,9.89,trans_nonbinary,black,less_than_hs,1,0,0,0,1,emergency_shelter,0,0,0,0,0,0,0,0,1,welfare
2018,28.9,3.62,trans_nonbinary,black,less_than_hs,0,1,1,0,1,emergency_shelter,0,0,0,0,0,0,0,0,1,welfare
2018,37.9,30.0,trans_nonbinary,black,less_than_hs,0,1,1,0,1,emergency_shelter,0,0,0,1,0,0,0,1,0,other
2018,40.8,1.06,trans_nonbinary,black,less_than_hs,0,0,0,0,1,respite,0,0,0,1,0,0,0,0,0,welfare
2018,69.7,30.0,trans_nonbinary,black,less_than_hs,0,0,0,0,1,respite,0,0,0,1,0,1,0,0,0,disability
2018,64.0,10.9,trans_nonbinary,black,less_than_hs,0,0,0,0,1,emergency_shelter,0,0,0,0,0,1,0,0,0,welfare
2018,45.6,11.04,trans_nonbinary,black,less_than_hs,0,0,0,0,1,emergency_shelter,0,0,0,1,0,1,0,0,1,welfare
2018,30.2,7.47,trans_nonbinary,black,less_than_hs,0,0,0,0,1,emergency_shelter,0,0,0,1,0,0,0,1,0,informal
2018,55.8,11.03,trans_nonbinary,black,less_than_hs,0,0,0,0,1,emergency_shelter,0,0,0,1,0,0,0,0,0,disability
2018,79.8,30.0,trans_nonbinary,black,less_than_hs,0,0,0,0,1,emergency_shelter,0,0,0,1,0,0,0,0,0,welfare
2018,63.5,4.26,trans_nonbinary,black,less_than_hs,0,0,0,0,1,emergency_shelter,0,0,0,0,1,0,0,1,0,employment
2018,26.2,12.01,trans_nonbinary,black,less_than_hs,0,0,0,0,1,emergency_shelter,0,0,0,0,1,1,0,0,0,disability
2018,41.6,3.94,trans_nonbinary,black,less_than_hs,0,0,0,0,1,emergency_shelter,0,0,0,1,0,1,0,0,0,welfare
2018,34.1,23.2,trans_nonbinary,black,less_than_hs,0,0,0,0,1,respite,0,0,0,1,0,0,0,1,0,employment
2018,31.4,30.0,trans_nonbinary,black,hs_graduate,0,0,0,0,1,emergency_shelter,0,0,1,0,0,0,0,0,0,welfare
2018,38.0,22.4,trans_nonbinary,black,hs_graduate,0,0,0,0,1,emergency_shelter,0,0,0,0,0,0,0,0,0,disability
2018,28.9,30.0,trans_nonbinary,black,hs_graduate,0,0,0,0,1,emergency_shelter,0,0,0,0,0,0,0,0,0,other
2018,63.8,22.68,trans_nonbinary,black,hs_graduate,0,0,0,0,1,emergency_shelter,0,0,1,0,0,0,0,0,0,informal
2018,67.0,19.28,trans_nonbinary,black,hs_graduate,0,0,0,0,1,emergency_shelter,0,0,1,0,0,0,0,0,1,disability
2018,58.4,5.47,trans_nonbinary,black,hs_graduate,0,0,0,0,1,emergency_shelter,0,0,0,0,0,0,0,1,0,welfare
2018,48.1,2.46,trans_nonbinary,black,hs_graduate,0,0,0,0,1,emergency_shelter,0,0,0,0,0,0,0,1,1,disability
2018,46.3,30.0,trans_nonbinary,black,hs_graduate,0,0,0,0,1,emergency_shelter,0,0,0,0,1,0,0,1,0,welfare
2018,59.6,12.48,trans_nonbinary,black,hs_graduate,0,0,0,0,1,emergency_shelter,0,0,0,0,0,0,0,0,0,disability
2018,55.1,1.97,trans_nonbinary,black,some_post_sec,0,0,0,0,1,other,0,0,0,1,0,0,0,0,0,employment
2018,55.8,4.09,trans_nonbinary,black,some_post_sec,0,0,0,0,1,emergency_shelter,0,0,0,1,0,0,0,0,0,other
2018,65.7,25.67,trans_nonbinary,black,some_post_sec,0,0,0,0,1,emergency_shelter,0,0,1,1,1,0,1,0,1,disability
2018,52.4,29.38,trans_nonbinary,black,post_sec_higher,0,0,0,0,1,emergency_shelter,0,0,0,1,0,1,1,1,0,welfare
2018,32.5,8.7,trans_nonbinary,black,post_sec_higher,0,0,0,0,1,emergency_shelter,0,0,0,0,0,0,0,1,0,disability
2018,33.6,8.09,trans_nonbinary,black,post_sec_higher,0,0,0,0,1,emergency_shelter,0,0,0,1,1,1,0,1,1,welfare
2018,43.9,30.0,trans_nonbinary,black,post_sec_higher,0,0,0,0,1,emergency_shelter,0,0,0,1,0,0,1,1,0,disability
2018,21.8,8.94,trans_nonbinary,black,post_sec_higher,0,0,0,0,1,emergency_shelter,1,0,0,1,0,0,0,1,0,employment
2018,30.5,30.0,trans_nonbinary,black,post_sec_higher,0,0,0,0,1,emergency_shelter,0,0,0,1,0,0,0,0,0,employment
2018,47.5,3.14,trans_nonbinary,black,post_sec_higher,0,0,0,0,1,emergency_shelter,0,0,0,1,0,0,0,1,0,disability
2018,71.0,5.6,trans_nonbinary,white,less_than_hs,1,0,0,0,1,other,0,0,0,0,0,0,0,1,0,other
2018,38.4,3.65,trans_nonbinary,white,less_than_hs,0,1,1,0,1,other,0,0,0,1,0,0,0,0,0,other
2018,47.0,1.71,trans_nonbinary,white,less_than_hs,0,0,0,0,1,respite,0,0,0,1,0,0,0,0,0,other
2018,38.2,9.48,trans_nonbinary,white,less_than_hs,0,0,0,0,1,other,0,0,0,1,0,0,0,0,0,disability
2018,62.6,30.0,trans_nonbinary,white,less_than_hs,0,0,0,0,1,emergency_shelter,0,0,0,1,0,0,0,0,0,disability
2018,41.8,8.18,trans_nonbinary,white,less_than_hs,0,0,0,0,1,emergency_shelter,0,0,0,1,0,0,0,0,0,welfare
2018,53.0,11.1,trans_nonbinary,white,less_than_hs,0,0,0,0,1,emergency_shelter,0,0,0,1,0,0,0,0,0,other
2018,52.7,7.22,trans_nonbinary,white,less_than_hs,0,0,0,0,1,emergency_shelter,0,0,0,1,0,0,0,0,0,welfare
2018,42.9,15.99,trans_nonbinary,white,less_than_hs,0,0,0,0,1,emergency_shelter,0,0,0,0,0,0,0,1,0,employment
2018,23.3,30.0,trans_nonbinary,white,less_than_hs,0,0,0,0,1,emergency_shelter,1,0,0,1,1,0,0,0,0,informal
2018,32.8,6.85,trans_nonbinary,white,less_than_hs,0,0,0,0,1,emergency_shelter,0,0,0,0,0,0,0,0,0,disability
2018,54.4,4.68,trans_nonbinary,white,less_than_hs,0,0,0,0,1,emergency_shelter,0,0,0,0,0,0,0,0,0,other
2018,47.7,2.11,trans_nonbinary,white,hs_graduate,0,0,0,0,1,emergency_shelter,0,0,0,1,0,0,0,0,0,other
2018,48.4,3.05,trans_nonbinary,white,hs_graduate,0,0,0,0,1,emergency_shelter,0,0,0,0,0,0,0,0,0,other
2018,58.2,3.15,trans_nonbinary,white,hs_graduate,0,0,0,0,1,respite,0,0,0,1,0,1,0,1,0,disability
2018,50.6,8.21,trans_nonbinary,white,hs_graduate,0,0,0,0,1,respite,0,0,0,0,0,0,0,0,0,welfare
2018,56.9,30.0,trans_nonbinary,white,hs_graduate,0,0,0,0,1,emergency_shelter,0,0,0,1,0,1,0,1,0,welfare
2018,25.0,30.0,trans_nonbinary,white,hs_graduate,0,0,0,0,1,emergency_shelter,1,0,0,1,0,0,0,0,1,disability
2018,68.9,2.59,trans_nonbinary,white,hs_graduate,0,0,0,0,1,emergency_shelter,0,0,0,1,0,1,0,0,0,welfare
2018,62.6,3.33,trans_nonbinary,white,hs_graduate,0,0,0,0,1,emergency_shelter,0,0,0,1,0,0,0,0,0,welfare
2018,52.0,16.25,trans_nonbinary,white,some_post_sec,0,0,0,0,1,emergency_shelter,0,0,0,1,0,0,1,1,0,employment
2018,60.2,7.73,trans_nonbinary,white,some_post_sec,0,0,0,0,1,emergency_shelter,0,0,0,0,1,0,0,0,1,employment
2018,50.6,18.79,trans_nonbinary,white,post_sec_higher,0,0,0,0,1,emergency_shelter,0,0,0,0,0,0,0,0,1,disability
2018,52.4,10.65,trans_nonbinary,white,post_sec_higher,0,0,0,0,1,emergency_shelter,0,0,0,0,0,0,0,0,0,other
2018,44.6,2.0,trans_nonbinary,white,post_sec_higher,0,0,0,0,1,emergency_shelter,0,0,0,1,1,0,1,0,1,informal
2018,44.1,2.58,trans_nonbinary,white,post_sec_higher,0,0,0,0,1,respite,0,0,0,0,0,0,0,0,0,welfare
2018,29.5,3.14,trans_nonbinary,white,post_sec_higher,0,0,0,0,1,emergency_shelter,0,0,0,1,0,1,0,0,0,disability
2018,15.0,1.78,trans_nonbinary,white,post_sec_higher,0,0,0,0,1,emergency_shelter,1,0,1,1,1,0,0,1,0,welfare
2018,67.4,6.3,trans_nonbinary,indigenous,less_than_hs,0,0,0,0,1,emergency_shelter,0,1,0,0,0,0,0,1,1,disability
2018,34.8,6.1,trans_nonbinary,other,less_than_hs,0,0,0,0,1,emergency_shelter,0,0,0,0,0,0,0,0,0,welfare
2018,47.2,1.44,trans_nonbinary,other,less_than_hs,0,0,0,0,1,emergency_shelter,0,0,0,1,0,1,0,1,0,welfare
2021,39.7,6.76,male,black,less_than_hs,1,1,0,0,1,emergency_shelter,0,0,0,1,1,0,0,1,0,disability
2021,55.0,20.41,male,black,less_than_hs,1,1,0,0,1,emergency_shelter,0,0,0,1,0,0,0,1,0,welfare
2021,44.7,12.88,male,black,less_than_hs,1,1,0,0,1,emergency_shelter,0,0,0,1,1,0,0,1,0,disability
2021,58.3,1.45,male,black,less_than_hs,1,1,0,0,1,emergency_shelter,0,0,0,0,0,0,0,0,0,informal
2021,45.9,12.32,male,black,less_than_hs,1,1,0,0,1,respite,0,0,0,1,0,1,0,1,0,welfare
2021,34.5,9.32,male,black,less_than_hs,1,0,0,0,1,emergency_shelter,0,0,0,1,1,0,0,1,0,disability
2021,79.3,16.25,male,black,less_than_hs,1,0,0,0,1,emergency_shelter,0,0,0,0,0,0,0,1,0,other
2021,31.9,5.68,male,black,less_than_hs,1,0,0,0,1,emergency_shelter,0,0,0,0,0,0,0,0,0,disability
2021,50.9,3.66,male,black,less_than_hs,1,0,0,0,1,emergency_shelter,0,0,0,0,0,0,0,0,1,welfare
2021,46.8,7.07,male,black,less_than_hs,1,0,0,0,1,emergency_shelter,0,0,0,1,1,0,1,1,0,welfare
2021,31.6,30.0,male,black,less_than_hs,1,0,0,0,1,emergency_shelter,0,0,0,0,0,0,0,0,0,disability
2021,41.3,1.28,male,black,less_than_hs,1,0,0,0,1,respite,0,0,0,0,0,0,0,0,0,welfare
2021,27.2,6.86,male,black,less_than_hs,1,0,0,0,1,emergency_shelter,0,0,0,0,0,0,0,0,0,welfare
2021,74.9,3.75,male,black,less_than_hs,1,0,0,0,1,emergency_shelter,0,0,0,0,0,1,0,0,0,other
2021,42.2,1.69,male,black,less_than_hs,1,0,0,0,1,emergency_shelter,0,0,0,1,0,0,0,0,0,welfare
2021,43.4,5.16,male,black,less_than_hs,1,0,0,0,1,emergency_shelter,0,0,0,0,0,0,0,1,0,welfare
2021,73.2,9.82,male,black,less_than_hs,1,0,0,0,1,emergency_shelter,0,0,0,1,0,0,0,1,0,other
2021,34.5,10.77,male,black,less_than_hs,0,1,1,1,1,outdoor,0,0,0,0,1,0,0,0,0,employment
2021,58.9,8.69,male,black,less_than_hs,0,1,1,1,1,outdoor,0,0,0,1,1,0,0,0,0,other
2021,57.6,1.85,male,black,less_than_hs,0,1,1,1,1,outdoor,0,0,0,0,0,0,0,0,0,other
2021,43.6,30.0,male,black,less_than_hs,0,1,1,1,1,outdoor,0,0,0,0,0,0,0,0,0,welfare
2021,45.6,7.59,male,black,less_than_hs,0,1,1,1,1,outdoor,0,0,0,0,0,0,0,0,0,employment
2021,15.0,1.46,male,black,less_than_hs,0,1,1,0,1,emergency_shelter,1,0,0,0,0,0,0,0,0,welfare
2021,35.9,9.05,male,black,less_than_hs,0,1,1,0,1,other,0,0,0,1,0,0,1,0,0,other
2021,54.2,1.02,male,black,less_than_hs,0,1,1,0,1,emergency_shelter,0,0,0,0,0,0,0,0,0,welfare
2021,70.5,17.69,male,black,less_than_hs,0,1,1,0,1,emergency_shelter,0,0,0,0,0,0,0,0,0,other
2021,60.7,2.84,male,black,less_than_hs,0,1,1,0,1,respite,0,0,0,0,0,0,0,0,0,employment
2021,51.7,3.41,male,black,less_than_hs,0,1,1,0,1,emergency_shelter,0,0,1,1,0,0,0,0,0,disability
2021,34.1,3.92,male,black,less_than_hs,0,1,1,0,1,emergency_shelter,0,0,0,0,0,0,0,0,0,disability
2021,50.2,15.54,male,black,less_than_hs,0,1,1,0,1,emergency_shelter,0,0,0,1,0,0,0,0,0,welfare
2021,54.2,3.06,male,black,less_than_hs,0,1,1,0,1,emergency_shelter,0,0,0,1,1,0,0,0,1,welfare
2021,70.9,3.25,male,black,less_than_hs,0,1,1,0,1,respite,0,0,0,0,0,0,0,0,1,other
2021,33.6,7.13,male,black,less_than_hs,0,1,1,0,1,respite,0,0,0,1,0,0,0,0,0,disability
2021,40.7,5.62,male,black,less_than_hs,0,1,1,0,1,emergency_shelter,0,0,0,1,0,0,0,0,0,welfare
2021,74.1,30.0,male,black,less_than_hs,0,1,1,0,1,emergency_shelter,0,0,0,0,0,0,0,0,1,welfare
2021,43.2,3.03,male,black,less_than_hs,0,1,1,0,1,emergency_shelter,0,0,0,0,0,1,0,1,1,other
2021,52.9,1.6,male,black,less_than_hs,0,1,1,0,1,emergency_shelter,0,0,0,0,0,0,0,0,1,informal
2021,31.2,7.12,male,black,less_than_hs,0,1,1,0,1,emergency_shelter,0,0,0,1,1,0,1,0,1,welfare
2021,41.2,2.31,male,black,less_than_hs,0,1,1,0,1,emergency_shelter,0,0,0,1,0,0,0,0,0,welfare
2021,50.6,4.85,male,black,less_than_hs,0,1,1,0,1,emergency_shelter,0,0,0,1,0,0,0,0,0,welfare
2021,40.7,2.33,male,black,less_than_hs,0,1,1,0,1,emergency_shelter,0,0,0,0,0,0,0,0,0,disability
2021,48.5,29.19,male,black,less_than_hs,0,1,1,0,1,emergency_shelter,0,0,0,1,0,0,0,0,0,welfare
2021,49.6,3.72,male,black,less_than_hs,0,1,1,0,1,emergency_shelter,0,0,0,1,0,0,0,1,0,disability
2021,47.0,16.32,male,black,less_than_hs,0,1,1,0,1,emergency_shelter,0,0,0,0,0,0,0,1,1,disability
2021,35.5,30.0,male,black,less_than_hs,0,1,1,0,1,emergency_shelter,0,0,0,1,0,0,0,0,0,welfare
2021,57.6,30.0,male,black,less_than_hs,0,1,1,0,1,emergency_shelter,0,0,1,0,1,0,0,0,0,other
2021,46.9,1.67,male,black,less_than_hs,0,1,1,0,0,emergency_shelter,0,0,0,0,0,1,0,1,1,other
2021,51.0,1.03,male,black,less_than_hs,0,1,1,0,0,emergency_shelter,0,0,0,0,1,0,0,0,0,other
2021,53.1,3.37,male,black,less_than_hs,0,1,1,0,0,respite,0,0,0,0,0,0,1,0,0,disability
2021,37.8,4.92,male,black,less_than_hs,0,1,1,0,0,respite,0,0,0,0,0,1,0,0,0,other
2021,50.5,2.77,male,black,less_than_hs,0,1,1,0,0,other,0,0,1,1,1,0,0,0,1,welfare
2021,22.0,4.54,male,black,less_than_hs,0,1,1,0,0,emergency_shelter,1,0,0,0,0,0,0,0,0,welfare
2021,61.6,1.97,male,black,less_than_hs,0,1,1,0,0,emergency_shelter,0,0,0,0,0,0,0,0,0,employment
2021,33.3,5.71,male,black,less_than_hs,0,1,1,0,0,respite,0,0,0,1,1,1,0,1,0,welfare
2021,44.7,2.78,male,black,less_than_hs,0,1,0,1,1,outdoor,0,0,1,1,1,1,0,1,1,disability
2021,45.3,6.18,male,black,less_than_hs,0,1,0,0,1,emergency_shelter,0,0,1,1,0,0,0,1,1,welfare
2021,38.1,27.35,male,black,less_than_hs,0,1,0,0,1,emergency_shelter,0,0,0,0,0,0,0,0,0,welfare
2021,47.5,30.0,male,black,less_than_hs,0,1,0,0,1,emergency_shelter,0,0,0,0,0,0,0,0,0,welfare
2021,62.7,8.22,male,black,less_than_hs,0,1,0,0,1,other,0,0,0,1,0,0,0,1,0,other
2021,43.7,3.22,male,black,less_than_hs,0,1,0,0,1,emergency_shelter,0,0,0,1,0,0,1,1,0,employment
2021,33.8,20.07,male,black,less_than_hs,0,1,0,0,1,emergency_shelter,0,0,0,1,0,0,0,0,0,welfare
2021,32.5,17.71,male,black,less_than_hs,0,1,0,0,1,emergency_shelter,0,0,0,1,0,0,0,1,0,welfare
2021,47.0,18.14,male,black,less_than_hs,0,1,0,0,1,emergency_shelter,0,0,0,0,0,0,0,1,0,welfare
2021,34.7,1.1,male,black,less_than_hs,0,1,0,0,1,emergency_shelter,0,0,0,0,0,1,0,0,1,welfare
2021,25.9,14.92,male,black,less_than_hs,0,1,0,0,1,emergency_shelter,0,0,1,0,1,0,0,0,0,disability
2021,29.2,24.27,male,black,less_than_hs,0,1,0,0,1,emergency_shelter,0,0,0,1,0,0,1,1,0,disability
2021,62.5,8.72,male,black,less_than_hs,0,1,0,0,1,emergency_shelter,0,0,0,0,0,0,0,0,0,welfare
2021,44.0,14.75,male,black,less_than_hs,0,1,0,0,1,emergency_shelter,0,0,0,1,0,0,0,0,0,disability
2021,46.8,16.41,male,black,less_than_hs,0,1,0,0,1,emergency_shelter,0,0,0,0,0,0,0,1,0,welfare
2021,32.5,6.41,male,black,less_than_hs,0,1,0,0,1,emergency_shelter,0,0,0,1,0,1,0,0,0,disability
2021,37.9,19.58,male,black,less_than_hs,0,1,0,0,1,respite,0,0,1,1,0,0,0,0,0,welfare
2021,37.4,17.66,male,black,less_than_hs,0,1,0,0,1,emergency_shelter,0,0,0,0,1,1,0,1,1,disability
2021,42.1,30.0,male,black,less_than_hs,0,1,0,0,1,emergency_shelter,0,0,0,0,0,0,0,0,0,employment
2021,22.8,30.0,male,black,less_than_hs,0,1,0,0,1,emergency_shelter,1,0,0,1,0,0,0,1,0,welfare
2021,43.2,0.89,male,black,less_than_hs,0,1,0,0,0,emergency_shelter,0,0,0,0,0,0,0,0,0,welfare
2021,54.7,0.48,male,black,less_than_hs,0,1,0,0,0,emergency_shelter,0,0,0,0,0,0,0,0,0,disability
2021,38.3,0.53,male,black,less_than_hs,0,1,0,0,0,emergency_shelter,0,0,0,1,0,0,0,1,0,employment
2021,70.4,30.0,male,black,less_than_hs,0,0,1,0,1,emergency_shelter,0,0,0,0,0,1,0,0,0,welfare
2021,15.0,2.9,male,black,less_than_hs,0,0,1,0,1,emergency_shelter,1,0,0,1,1,1,0,1,0,welfare
2021,42.5,2.79,male,black,less_than_hs,0,0,1,0,1,emergency_shelter,0,0,0,1,0,0,0,0,1,welfare
2021,63.8,5.13,male,black,less_than_hs,0,0,1,0,1,emergency_shelter,0,0,0,1,1,0,0,1,0,disability
2021,26.4,1.32,male,black,less_than_hs,0,0,1,0,1,emergency_shelter,0,0,0,1,0,0,0,1,0,disability
2021,23.3,11.47,male,black,less_than_hs,0,0,1,0,1,emergency_shelter,1,0,1,1,1,0,0,0,0,disability
2021,61.6,14.66,male,black,less_than_hs,0,0,1,0,1,emergency_shelter,0,0,0,0,0,0,0,1,0,disability
2021,63.5,3.94,male,black,less_than_hs,0,0,1,0,1,emergency_shelter,0,0,1,0,0,1,0,1,0,disability
2021,27.0,5.66,male,black,less_than_hs,0,0,1,0,1,respite,0,0,0,0,0,0,0,0,0,other
2021,70.3,8.32,male,black,less_than_hs,0,0,1,0,1,emergency_shelter,0,0,0,0,0,0,0,0,1,disability
2021,52.1,1.47,male,black,less_than_hs,0,0,1,0,1,emergency_shelter,0,0,0,0,0,0,0,0,0,disability
2021,60.7,12.6,male,black,less_than_hs,0,0,1,0,1,emergency_shelter,0,0,0,0,0,0,0,1,0,welfare
2021,34.9,6.82,male,black,less_than_hs,0,0,1,0,1,emergency_shelter,0,0,0,0,0,0,0,0,0,other
2021,66.8,9.28,male,black,less_than_hs,0,0,1,0,1,emergency_shelter,0,0,0,0,0,0,0,0,0,other
2021,42.2,3.28,male,black,less_than_hs,0,0,0,1,1,outdoor,0,0,0,1,1,0,0,1,0,welfare
2021,40.4,24.8,male,black,less_than_hs,0,0,0,1,1,outdoor,0,0,1,1,0,0,0,1,0,disability
2021,43.4,4.93,male,black,less_than_hs,0,0,0,1,1,outdoor,0,0,0,1,0,0,0,0,0,disability
2021,59.0,4.06,male,black,less_than_hs,0,0,0,1,1,outdoor,0,0,0,0,0,0,0,1,0,employment
2021,45.4,11.97,male,black,less_than_hs,0,0,0,1,1,outdoor,0,0,0,0,0,1,0,0,0,disability
2021,64.4,6.53,male,black,less_than_hs,0,0,0,1,1,outdoor,0,0,1,0,1,0,0,1,0,welfare
2021,38.8,3.84,male,black,less_than_hs,0,0,0,1,1,outdoor,0,0,0,0,0,0,0,0,0,other
2021,49.6,14.14,male,black,less_than_hs,0,0,0,0,1,emergency_shelter,0,0,0,1,0,0,0,0,0,disability
2021,28.9,13.69,male,black,less_than_hs,0,0,0,0,1,emergency_shelter,0,0,0,0,0,0,0,0,0,welfare
2021,69.4,1.19,male,black,less_than_hs,0,0,0,0,1,emergency_shelter,0,0,0,0,0,0,0,0,0,other
2021,40.9,9.52,male,black,less_than_hs,0,0,0,0,1,other,0,0,0,0,0,0,1,1,0,welfare
2021,55.0,9.46,male,black,less_than_hs,0,0,0,0,1,emergency_shelter,0,0,1,0,0,1,0,1,0,other
2021,35.7,1.43,male,black,less_than_hs,0,0,0,0,1,emergency_shelter,0,0,0,1,0,0,0,1,1,other
2021,25.1,4.8,male,black,less_than_hs,0,0,0,0,1,emergency_shelter,0,0,0,0,0,0,0,0,1,welfare
2021,62.3,30.0,male,black,less_than_hs,0,0,0,0,1,emergency_shelter,0,0,0,1,0,0,0,0,0,welfare
2021,33.0,30.0,male,black,less_than_hs,0,0,0,0,1,emergency_shelter,0,0,0,0,0,0,0,0,0,welfare
2021,57.0,16.86,male,black,less_than_hs,0,0,0,0,1,emergency_shelter,0,0,0,0,0,0,0,0,0,welfare
2021,34.4,2.04,male,black,less_than_hs,0,0,0,0,1,emergency_shelter,0,0,0,0,0,0,0,0,1,employment
2021,42.9,4.31,male,black,less_than_hs,0,0,0,0,1,emergency_shelter,0,0,0,0,1,0,0,1,0,other
2021,43.8,2.29,male,black,less_than_hs,0,0,0,0,1,emergency_shelter,0,0,0,0,0,0,0,0,0,welfare
2021,45.6,10.2,male,black,less_than_hs,0,0,0,0,1,emergency_shelter,0,0,0,0,0,0,0,0,0,welfare
2021,37.0,16.2,male,black,less_than_hs,0,0,0,0,1,respite,0,0,0,0,0,1,0,0,0,welfare
2021,56.1,29.79,male,black,less_than_hs,0,0,0,0,1,emergency_shelter,0,0,0,0,1,0,0,1,0,disability
2021,59.2,25.48,male,black,less_than_hs,0,0,0,0,1,emergency_shelter,0,0,0,0,0,0,0,0,0,other
2021,63.1,1.65,male,black,less_than_hs,0,0,0,0,1,other,0,0,0,0,0,0,0,1,0,disability
2021,39.7,1.84,male,black,less_than_hs,0,0,0,0,1,emergency_shelter,0,0,0,0,1,0,1,1,0,welfare
2021,30.3,30.0,male,black,less_than_hs,0,0,0,0,1,emergency_shelter,0,0,0,0,0,0,0,0,0,welfare
2021,49.0,23.03,male,black,less_than_hs,0,0,0,0,1,emergency_shelter,0,0,0,0,0,0,0,0,1,welfare
2021,51.2,5.58,male,black,less_than_hs,0,0,0,0,1,emergency_shelter,0,0,0,1,0,0,0,1,1,welfare
2021,51.3,5.09,male,black,less_than_hs,0,0,0,0,1,emergency_shelter,0,0,0,0,0,1,1,0,0,disability
2021,67.5,7.39,male,black,less_than_hs,0,0,0,0,1,emergency_shelter,0,0,0,0,0,0,0,0,0,other
2021,47.6,8.49,male,black,less_than_hs,0,0,0,0,1,emergency_shelter,0,0,1,0,0,0,0,0,0,disability
2021,75.4,2.94,male,black,less_than_hs,0,0,0,0,1,emergency_shelter,0,0,0,0,0,0,0,1,0,disability
2021,57.7,0.76,male,black,less_than_hs,0,0,0,0,0,emergency_shelter,0,0,0,0,0,0,0,0,0,disability
2021,49.9,2.46,male,black,less_than_hs,0,0,0,0,0,emergency_shelter,0,0,0,0,0,0,0,0,0,welfare
2021,71.3,1.82,male,black,less_than_hs,0,0,0,0,0,emergency_shelter,0,0,0,0,0,1,0,0,0,welfare
2021,39.5,0.83,male,black,less_than_hs,0,0,0,0,0,emergency_shelter,0,0,0,1,0,0,0,0,0,informal
2021,52.9,1.01,male,black,less_than_hs,0,0,0,0,0,emergency_shelter,0,0,0,0,0,0,0,1,0,disability
2021,63.4,0.98,male,black,less_than_hs,0,0,0,0,0,emergency_shelter,0,0,0,0,0,0,0,0,0,welfare
2021,30.5,1.95,male,black,less_than_hs,0,0,0,0,0,emergency_shelter,0,0,0,1,0,0,0,0,0,disability
2021,38.0,1.78,male,black,less_than_hs,0,0,0,0,0,emergency_shelter,0,0,0,1,0,0,0,1,0,welfare
2021,60.2,2.91,male,black,less_than_hs,0,0,0,0,0,emergency_shelter,0,0,0,0,1,0,0,0,0,other
2021,52.4,0.35,male,black,less_than_hs,0,0,0,0,0,emergency_shelter,0,0,0,0,0,0,0,0,0,welfare
2021,59.7,10.8,male,black,hs_graduate,1,1,1,0,1,emergency_shelter,0,0,0,0,1,0,0,0,0,other
2021,33.8,1.25,male,black,hs_graduate,1,1,1,0,1,other,0,0,0,1,1,0,0,0,0,welfare
2021,64.4,5.75,male,black,hs_graduate,1,1,1,0,1,respite,0,0,0,0,0,0,0,1,0,welfare
2021,52.5,2.78,male,black,hs_graduate,1,1,1,0,1,emergency_shelter,0,0,0,1,0,0,0,0,0,welfare
2021,58.5,1.31,male,black,hs_graduate,1,1,1,0,1,emergency_shelter,0,0,0,0,1,1,1,0,1,welfare
2021,49.0,2.9,male,black,hs_graduate,1,1,1,0,1,emergency_shelter,0,0,1,0,0,0,0,1,0,disability
2021,52.3,13.15,male,black,hs_graduate,1,1,1,0,1,emergency_shelter,0,0,0,0,0,1,1,0,0,disability
2021,46.4,7.35,male,black,hs_graduate,1,1,1,0,1,emergency_shelter,0,0,0,0,1,0,0,0,0,welfare
2021,31.8,1.14,male,black,hs_graduate,1,1,1,0,1,emergency_shelter,0,0,0,1,0,0,0,1,1,welfare
2021,61.3,4.79,male,black,hs_graduate,1,1,1,0,1,respite,0,0,1,0,0,0,0,0,0,other
2021,40.2,2.44,male,black,hs_graduate,1,1,0,0,1,emergency_shelter,0,0,1,0,0,0,0,0,0,other
2021,65.9,11.39,male,black,hs_graduate,1,1,0,0,1,emergency_shelter,0,0,0,0,0,0,0,0,0,other
2021,62.1,1.71,male,black,hs_graduate,1,1,0,0,1,emergency_shelter,0,0,1,0,1,0,0,1,0,disability
2021,78.4,5.56,male,black,hs_graduate,1,1,0,0,1,emergency_shelter,0,0,1,1,0,0,0,0,0,welfare
2021,61.0,9.65,male,black,hs_graduate,1,1,0,0,1,emergency_shelter,0,0,0,1,0,0,1,0,0,disability
2021,49.4,6.51,male,black,hs_graduate,1,0,0,0,1,emergency_shelter,0,0,0,0,0,0,0,1,0,welfare
2021,42.6,18.14,male,black,hs_graduate,1,0,0,0,1,emergency_shelter,0,0,0,1,0,0,0,0,0,disability
2021,31.3,4.68,male,black,hs_graduate,1,0,0,0,1,emergency_shelter,0,0,0,1,0,0,0,0,0,welfare
2021,60.1,11.12,male,black,hs_graduate,1,0,0,0,1,emergency_shelter,0,0,0,0,0,0,1,0,0,welfare
2021,48.4,2.18,male,black,hs_graduate,1,0,0,0,1,emergency_shelter,0,0,0,0,0,0,0,0,0,disability
2021,45.6,13.9,male,black,hs_graduate,1,0,0,0,1,emergency_shelter,0,0,0,0,0,0,0,0,0,welfare
2021,29.5,17.2,male,black,hs_graduate,1,0,0,0,1,emergency_shelter,0,0,0,0,0,0,0,0,0,welfare
2021,66.0,1.59,male,black,hs_graduate,1,0,0,0,1,emergency_shelter,0,0,0,1,0,0,0,0,0,disability
2021,33.0,2.3,male,black,hs_graduate,1,0,0,0,1,emergency_shelter,0,0,0,1,0,0,0,0,0,other
2021,40.3,5.62,male,black,hs_graduate,1,0,0,0,1,emergency_shelter,0,0,0,1,1,0,0,1,0,welfare
2021,45.9,9.7,male,black,hs_graduate,1,0,0,0,1,emergency_shelter,0,0,0,0,1,0,0,1,0,disability
2021,53.5,9.7,male,black,hs_graduate,1,0,0,0,1,emergency_shelter,0,0,0,1,1,0,0,0,0,employment
2021,42.0,1.99,male,black,hs_graduate,0,1,1,1,1,outdoor,0,0,0,1,0,0,1,1,0,other
2021,42.9,9.34,male,black,hs_graduate,0,1,1,1,1,outdoor,0,0,0,1,0,0,0,0,0,other
2021,45.7,1.08,male,black,hs_graduate,0,1,1,1,1,outdoor,0,0,0,0,0,0,0,0,1,disability
2021,35.9,7.89,male,black,hs_graduate,0,1,1,1,1,outdoor,0,0,0,0,0,0,0,0,0,other
2021,48.3,9.73,male,black,hs_graduate,0,1,1,1,1,outdoor,0,0,0,0,0,0,0,1,0,welfare
2021,54.8,6.32,male,black,hs_graduate,0,1,1,0,1,emergency_shelter,0,0,0,0,0,0,0,0,0,disability
2021,41.2,6.32,male,black,hs_graduate,0,1,1,0,1,emergency_shelter,0,0,1,1,1,0,0,1,0,welfare
2021,50.8,4.16,male,black,hs_graduate,0,1,1,0,1,emergency_shelter,0,0,0,0,0,0,0,1,0,welfare
2021,28.4,12.56,male,black,hs_graduate,0,1,1,0,1,emergency_shelter,0,0,0,0,0,0,0,0,0,welfare
2021,42.8,4.54,male,black,hs_graduate,0,1,1,0,1,emergency_shelter,0,0,0,0,1,0,0,0,0,welfare
2021,33.3,8.26,male,black,hs_graduate,0,1,1,0,1,emergency_shelter,0,0,0,0,0,0,0,0,0,welfare
2021,49.7,5.36,male,black,hs_graduate,0,1,1,0,1,emergency_shelter,0,0,0,0,0,0,0,0,0,welfare
2021,58.9,6.86,male,black,hs_graduate,0,1,1,0,1,emergency_shelter,0,0,0,1,1,1,0,0,0,welfare
2021,31.3,20.99,male,black,hs_graduate,0,1,1,0,1,emergency_shelter,0,0,0,0,0,0,1,1,0,disability
2021,56.1,4.85,male,black,hs_graduate,0,1,1,0,1,emergency_shelter,0,0,0,0,0,0,0,0,0,welfare
2021,48.8,2.71,male,black,hs_graduate,0,1,1,0,1,respite,0,0,0,1,0,0,0,0,0,disability
2021,55.6,7.81,male,black,hs_graduate,0,1,1,0,1,emergency_shelter,0,0,0,0,0,0,0,0,0,other
2021,42.6,30.0,male,black,hs_graduate,0,1,1,0,1,respite,0,0,0,0,0,0,0,0,0,welfare
2021,55.9,11.79,male,black,hs_graduate,0,1,1,0,1,respite,0,0,0,1,1,0,0,1,1,disability
2021,36.3,3.51,male,black,hs_graduate,0,1,1,0,1,emergency_shelter,0,0,1,0,0,0,0,0,0,welfare
2021,22.4,30.0,male,black,hs_graduate,0,1,1,0,1,emergency_shelter,1,0,0,0,0,0,0,0,0,welfare
2021,25.6,3.91,male,black,hs_graduate,0,1,1,0,1,emergency_shelter,0,0,0,1,0,1,1,0,0,disability
2021,39.0,30.0,male,black,hs_graduate,0,1,1,0,1,emergency_shelter,0,0,0,1,1,0,0,0,0,disability
2021,23.4,2.37,male,black,hs_graduate,0,1,1,0,1,emergency_shelter,1,0,0,1,0,1,0,1,1,other
2021,67.7,30.0,male,black,hs_graduate,0,1,1,0,1,emergency_shelter,0,0,0,0,0,0,1,0,0,welfare
2021,44.8,1.49,male,black,hs_graduate,0,1,1,0,1,emergency_shelter,0,0,0,1,0,0,0,0,0,disability
2021,58.9,12.7,male,black,hs_graduate,0,1,1,0,1,emergency_shelter,0,0,0,1,0,0,0,1,0,welfare
2021,57.0,14.12,male,black,hs_graduate,0,1,1,0,1,emergency_shelter,0,0,0,0,0,0,0,0,0,disability
2021,46.1,11.22,male,black,hs_graduate,0,1,1,0,1,emergency_shelter,0,0,0,1,0,0,0,0,0,disability
2021,52.2,0.65,male,black,hs_graduate,0,1,1,0,0,emergency_shelter,0,0,0,0,0,0,0,0,0,disability
2021,35.7,7.12,male,black,hs_graduate,0,1,1,0,0,emergency_shelter,0,0,0,0,0,0,0,1,0,informal
2021,21.4,3.3,male,black,hs_graduate,0,1,1,0,0,emergency_shelter,1,0,0,1,0,1,0,1,0,disability
2021,18.6,0.44,male,black,hs_graduate,0,1,1,0,0,emergency_shelter,1,0,0,0,0,0,0,0,1,welfare
2021,38.5,7.85,male,black,hs_graduate,0,1,1,0,0,emergency_shelter,0,0,0,0,0,0,0,0,0,disability
2021,48.8,2.11,male,black,hs_graduate,0,1,1,0,0,emergency_shelter,0,0,0,0,0,0,0,1,0,welfare
2021,23.9,8.0,male,black,hs_graduate,0,1,1,0,0,emergency_shelter,1,0,0,1,0,0,0,0,0,welfare
2021,45.5,1.19,male,black,hs_graduate,0,1,1,0,0,other,0,0,0,0,0,0,0,0,0,welfare
2021,45.9,9.44,male,black,hs_graduate,0,1,0,1,1,outdoor,0,0,0,1,0,0,0,1,0,welfare
2021,38.1,28.37,male,black,hs_graduate,0,1,0,0,1,other,0,0,0,1,0,1,0,0,0,welfare
2021,62.9,30.0,male,black,hs_graduate,0,1,0,0,1,emergency_shelter,0,0,0,0,0,0,1,0,0,other
2021,56.6,30.0,male,black,hs_graduate,0,1,0,0,1,emergency_shelter,0,0,0,0,0,0,0,0,0,employment
2021,55.6,3.28,male,black,hs_graduate,0,1,0,0,1,emergency_shelter,0,0,0,0,0,0,0,1,0,welfare
2021,53.6,4.48,male,black,hs_graduate,0,1,0,0,1,respite,0,0,0,0,0,0,0,0,0,other
2021,75.2,30.0,male,black,hs_graduate,0,1,0,0,1,emergency_shelter,0,0,0,0,0,0,0,0,0,disability
2021,52.0,3.68,male,black,hs_graduate,0,1,0,0,1,emergency_shelter,0,0,0,1,0,0,0,0,0,other
2021,21.1,1.94,male,black,hs_graduate,0,1,0,0,1,emergency_shelter,1,0,0,0,0,0,0,0,0,welfare
2021,43.6,3.23,male,black,hs_graduate,0,1,0,0,1,emergency_shelter,0,0,0,1,1,1,0,1,1,employment
2021,31.4,30.0,male,black,hs_graduate,0,1,0,0,1,emergency_shelter,0,0,0,1,0,0,0,1,0,employment
2021,26.4,4.88,male,black,hs_graduate,0,1,0,0,1,emergency_shelter,0,0,0,0,0,0,0,0,0,disability
2021,52.0,30.0,male,black,hs_graduate,0,1,0,0,1,emergency_shelter,0,0,0,0,0,0,1,0,0,disability
2021,17.0,1.68,male,black,hs_graduate,0,1,0,0,1,emergency_shelter,1,0,0,0,0,0,0,1,0,welfare
2021,47.5,15.7,male,black,hs_graduate,0,1,0,0,1,emergency_shelter,0,0,0,0,0,0,0,0,1,disability
2021,22.9,1.61,male,black,hs_graduate,0,1,0,0,1,emergency_shelter,1,0,1,0,1,0,0,0,0,disability
2021,43.5,2.42,male,black,hs_graduate,0,1,0,0,1,emergency_shelter,0,0,1,0,1,0,0,0,0,other
2021,56.9,9.04,male,black,hs_graduate,0,1,0,0,1,respite,0,0,0,1,0,0,1,1,0,disability
2021,36.9,5.16,male,black,hs_graduate,0,1,0,0,1,emergency_shelter,0,0,0,0,0,0,0,0,0,informal
2021,29.4,10.72,male,black,hs_graduate,0,1,0,0,1,emergency_shelter,0,0,0,0,0,0,0,0,0,welfare
2021,49.8,1.21,male,black,hs_graduate,0,1,0,0,0,emergency_shelter,0,0,0,0,0,0,0,1,0,welfare
2021,60.3,2.52,male,black,hs_graduate,0,1,0,0,0,respite,0,0,0,0,0,0,0,1,0,welfare
2021,49.8,3.32,male,black,hs_graduate,0,1,0,0,0,emergency_shelter,0,0,0,1,0,0,0,0,0,disability
2021,49.9,8.41,male,black,hs_graduate,0,0,1,0,1,respite,0,0,0,0,0,0,0,0,0,welfare
2021,57.3,8.65,male,black,hs_graduate,0,0,1,0,1,emergency_shelter,0,0,0,1,0,0,0,0,0,other
2021,54.6,18.62,male,black,hs_graduate,0,0,1,0,1,emergency_shelter,0,0,0,1,1,0,0,0,0,disability
2021,58.2,15.11,male,black,hs_graduate,0,0,1,0,1,emergency_shelter,0,0,1,0,0,0,0,0,0,employment
2021,34.0,30.0,male,black,hs_graduate,0,0,1,0,1,respite,0,0,0,0,1,0,0,0,0,disability
2021,53.9,4.0,male,black,hs_graduate,0,0,1,0,1,emergency_shelter,0,0,1,0,1,1,0,1,0,other
2021,52.3,1.84,male,black,hs_graduate,0,0,1,0,1,emergency_shelter,0,0,0,0,1,0,0,0,0,informal
2021,64.5,7.88,male,black,hs_graduate,0,0,1,0,1,emergency_shelter,0,0,0,0,1,0,0,0,0,welfare
2021,15.0,15.57,male,black,hs_graduate,0,0,1,0,1,emergency_shelter,1,0,0,0,0,0,0,1,1,employment
2021,79.5,3.26,male,black,hs_graduate,0,0,1,0,1,emergency_shelter,0,0,0,0,0,0,0,0,0,welfare
2021,57.9,2.77,male,black,hs_graduate,0,0,1,0,1,other,0,0,0,0,0,0,0,0,0,welfare
2021,49.6,18.53,male,black,hs_graduate,0,0,1,0,1,emergency_shelter,0,0,0,0,0,0,0,0,0,welfare
2021,32.7,14.91,male,black,hs_graduate,0,0,1,0,1,emergency_shelter,0,0,0,0,0,0,0,0,1,disability
2021,41.9,2.47,male,black,hs_graduate,0,0,1,0,1,emergency_shelter,0,0,0,0,0,0,0,0,0,disability
2021,50.9,28.79,male,black,hs_graduate,0,0,0,1,1,outdoor,0,0,0,0,0,0,0,1,0,welfare
2021,34.4,6.39,male,black,hs_graduate,0,0,0,1,1,outdoor,0,0,0,1,0,0,1,1,0,employment
2021,46.0,30.0,male,black,hs_graduate,0,0,0,1,1,outdoor,0,0,0,1,0,0,0,0,0,welfare
2021,45.5,2.01,male,black,hs_graduate,0,0,0,1,1,outdoor,0,0,0,1,1,0,0,0,1,employment
2021,15.8,3.21,male,black,hs_graduate,0,0,0,1,1,outdoor,1,0,0,1,0,0,0,1,0,welfare
2021,22.3,10.35,male,black,hs_graduate,0,0,0,1,1,outdoor,1,0,0,0,0,0,0,0,0,disability
2021,15.0,3.24,male,black,hs_graduate,0,0,0,1,1,outdoor,1,0,0,0,0,0,0,0,0,employment
2021,56.2,30.0,male,black,hs_graduate,0,0,0,0,1,other,0,0,0,1,0,0,0,0,0,welfare
2021,42.1,1.27,male,black,hs_graduate,0,0,0,0,1,emergency_shelter,0,0,0,0,0,1,0,0,0,other
2021,17.7,1.8,male,black,hs_graduate,0,0,0,0,1,emergency_shelter,1,0,0,1,1,0,0,0,0,employment
2021,52.6,30.0,male,black,hs_graduate,0,0,0,0,1,emergency_shelter,0,0,0,0,0,0,0,0,0,disability
2021,33.3,1.87,male,black,hs_graduate,0,0,0,0,1,emergency_shelter,0,0,0,1,0,0,0,1,0,welfare
2021,48.0,13.9,male,black,hs_graduate,0,0,0,0,1,emergency_shelter,0,0,0,1,0,0,0,1,0,employment
2021,24.4,5.34,male,black,hs_graduate,0,0,0,0,1,emergency_shelter,1,0,0,0,0,0,0,1,0,other
2021,47.3,4.75,male,black,hs_graduate,0,0,0,0,1,emergency_shelter,0,0,0,1,1,0,0,1,0,other
2021,44.2,10.45,male,black,hs_graduate,0,0,0,0,1,emergency_shelter,0,0,0,0,0,0,0,0,0,other
2021,15.0,13.42,male,black,hs_graduate,0,0,0,0,1,emergency_shelter,1,0,0,0,0,0,0,0,0,disability
2021,68.7,30.0,male,black,hs_graduate,0,0,0,0,1,emergency_shelter,0,0,0,0,0,0,0,0,0,disability
2021,41.4,2.97,male,black,hs_graduate,0,0,0,0,1,emergency_shelter,0,0,0,1,0,0,0,1,1,informal
2021,42.4,12.0,male,black,hs_graduate,0,0,0,0,1,emergency_shelter,0,0,1,0,0,0,0,0,1,welfare
2021,53.5,3.9,male,black,hs_graduate,0,0,0,0,1,emergency_shelter,0,0,0,0,0,0,0,1,0,disability
2021,45.3,12.91,male,black,hs_graduate,0,0,0,0,1,emergency_shelter,0,0,0,0,0,0,0,0,0,disability
2021,51.1,1.97,male,black,hs_graduate,0,0,0,0,1,emergency_shelter,0,0,0,0,0,0,0,0,0,welfare
2021,30.0,5.53,male,black,hs_graduate,0,0,0,0,1,emergency_shelter,0,0,0,0,0,0,1,0,0,other
2021,44.0,2.3,male,black,hs_graduate,0,0,0,0,1,emergency_shelter,0,0,0,1,0,0,0,0,0,welfare
2021,19.3,3.83,male,black,hs_graduate,0,0,0,0,1,emergency_shelter,1,0,0,0,0,0,0,0,0,welfare
2021,42.7,12.81,male,black,hs_graduate,0,0,0,0,1,other,0,0,1,1,0,1,0,1,0,welfare
2021,66.2,2.74,male,black,hs_graduate,0,0,0,0,1,respite,0,0,0,1,0,0,1,1,0,welfare
2021,24.9,11.44,male,black,hs_graduate,0,0,0,0,1,emergency_shelter,1,0,0,1,0,0,0,1,0,other
2021,41.1,6.21,male,black,hs_graduate,0,0,0,0,1,emergency_shelter,0,0,0,0,0,0,0,0,0,disability
2021,16.3,1.6,male,black,hs_graduate,0,0,0,0,1,emergency_shelter,1,0,0,0,0,0,0,0,0,other
2021,46.1,4.47,male,black,hs_graduate,0,0,0,0,1,respite,0,0,0,0,0,0,0,1,0,employment
2021,52.5,26.93,male,black,hs_graduate,0,0,0,0,1,other,0,0,0,0,0,0,0,0,0,disability
2021,50.0,1.26,male,black,hs_graduate,0,0,0,0,0,emergency_shelter,0,0,1,1,0,0,0,1,0,welfare
2021,32.9,8.0,male,black,hs_graduate,0,0,0,0,0,other,0,0,1,0,1,1,0,0,0,disability
2021,22.2,1.91,male,black,hs_graduate,0,0,0,0,0,emergency_shelter,1,0,0,0,0,0,0,1,0,disability
2021,56.0,5.68,male,black,hs_graduate,0,0,0,0,0,emergency_shelter,0,0,0,1,0,0,1,0,0,other
2021,69.0,0.82,male,black,hs_graduate,0,0,0,0,0,respite,0,0,0,0,0,0,0,0,0,disability
2021,33.6,2.45,male,black,hs_graduate,0,0,0,0,0,emergency_shelter,0,0,0,0,0,1,0,0,0,other
2021,54.6,0.49,male,black,hs_graduate,0,0,0,0,0,emergency_shelter,0,0,1,0,0,0,1,1,1,welfare
2021,79.4,1.92,male,black,hs_graduate,0,0,0,0,0,emergency_shelter,0,0,0,0,0,1,1,1,1,other
2021,40.3,1.1,male,black,hs_graduate,0,0,0,0,0,emergency_shelter,0,0,0,1,0,0,0,0,0,other
2021,40.6,2.87,male,black,hs_graduate,0,0,0,0,0,emergency_shelter,0,0,0,0,0,0,0,0,0,welfare
2021,53.5,1.42,male,black,some_post_sec,1,1,1,0,1,emergency_shelter,0,0,0,0,0,0,0,0,0,welfare
2021,24.5,4.64,male,black,some_post_sec,1,1,1,0,1,emergency_shelter,1,0,0,0,0,0,0,0,0,other
2021,37.2,30.0,male,black,some_post_sec,1,1,1,0,1,emergency_shelter,0,0,0,0,0,0,0,0,0,welfare
2021,33.5,3.01,male,black,some_post_sec,1,1,1,0,1,other,0,0,0,0,0,0,0,0,0,disability
2021,35.2,3.05,male,black,some_post_sec,1,1,1,0,1,emergency_shelter,0,0,0,0,0,0,0,0,0,other
2021,68.1,4.79,male,black,some_post_sec,1,1,0,0,1,emergency_shelter,0,0,0,0,0,0,0,1,1,employment
2021,45.3,30.0,male,black,some_post_sec,1,0,0,0,1,emergency_shelter,0,0,0,1,0,1,1,0,0,disability
2021,66.2,2.29,male,black,some_post_sec,1,0,0,0,1,emergency_shelter,0,0,0,1,0,0,0,0,0,welfare
2021,62.8,3.16,male,black,some_post_sec,1,0,0,0,1,emergency_shelter,0,0,0,0,0,0,0,0,0,welfare
2021,37.5,19.16,male,black,some_post_sec,1,0,0,0,1,emergency_shelter,0,0,0,0,0,0,0,1,1,welfare
2021,65.7,2.36,male,black,some_post_sec,1,0,0,0,1,emergency_shelter,0,0,0,0,0,0,1,0,0,welfare
2021,41.5,4.67,male,black,some_post_sec,1,0,0,0,1,emergency_shelter,0,0,0,0,0,0,0,0,0,disability
2021,41.4,26.2,male,black,some_post_sec,1,0,0,0,1,other,0,0,0,0,0,0,0,1,0,welfare
2021,47.3,30.0,male,black,some_post_sec,0,1,1,1,1,outdoor,0,0,0,0,0,0,0,0,0,welfare
2021,33.1,8.27,male,black,some_post_sec,0,1,1,0,1,respite,0,0,0,0,0,0,0,0,0,welfare
2021,46.3,4.83,male,black,some_post_sec,0,1,1,0,1,emergency_shelter,0,0,0,0,0,0,0,0,0,other
2021,31.2,1.33,male,black,some_post_sec,0,1,1,0,1,emergency_shelter,0,0,0,0,0,0,0,0,0,other
2021,58.8,1.11,male,black,some_post_sec,0,1,1,0,1,emergency_shelter,0,0,0,1,1,0,0,1,0,welfare
2021,29.5,1.29,male,black,some_post_sec,0,1,1,0,1,other,0,0,0,0,0,0,0,1,0,welfare
2021,64.8,30.0,male,black,some_post_sec,0,1,1,0,1,emergency_shelter,0,0,0,0,0,0,0,0,0,informal
2021,34.1,3.68,male,black,some_post_sec,0,1,1,0,1,emergency_shelter,0,0,0,0,0,0,0,1,1,welfare
2021,65.6,12.11,male,black,some_post_sec,0,1,1,0,1,other,0,0,0,1,1,0,0,1,1,welfare
2021,34.5,8.42,male,black,some_post_sec,0,1,1,0,1,emergency_shelter,0,0,0,0,0,1,0,0,0,welfare
2021,15.0,7.84,male,black,some_post_sec,0,1,1,0,1,emergency_shelter,1,0,0,1,1,0,0,0,0,welfare
2021,48.0,8.03,male,black,some_post_sec,0,1,1,0,1,emergency_shelter,0,0,0,1,1,0,0,1,0,other
2021,55.5,3.44,male,black,some_post_sec,0,1,1,0,1,emergency_shelter,0,0,0,0,0,0,0,0,0,disability
2021,31.5,30.0,male,black,some_post_sec,0,1,1,0,1,emergency_shelter,0,0,0,0,0,0,0,0,0,welfare
2021,68.2,30.0,male,black,some_post_sec,0,1,1,0,1,emergency_shelter,0,0,0,0,1,0,0,0,0,other
2021,65.2,9.94,male,black,some_post_sec,0,1,1,0,1,other,0,0,0,0,0,0,0,1,0,other
2021,43.5,26.02,male,black,some_post_sec,0,1,1,0,1,emergency_shelter,0,0,0,0,0,0,0,0,1,welfare
2021,50.5,1.38,male,black,some_post_sec,0,1,1,0,1,emergency_shelter,0,0,0,0,0,1,0,1,0,welfare
2021,46.2,1.66,male,black,some_post_sec,0,1,1,0,1,emergency_shelter,0,0,0,0,0,0,0,1,0,welfare
2021,55.2,7.54,male,black,some_post_sec,0,1,1,0,1,emergency_shelter,0,0,0,0,0,0,1,1,0,disability
2021,54.9,0.68,male,black,some_post_sec,0,1,1,0,0,emergency_shelter,0,0,0,0,1,0,0,0,0,welfare
2021,43.4,2.02,male,black,some_post_sec,0,1,1,0,0,emergency_shelter,0,0,0,0,0,0,0,0,0,welfare
2021,47.7,1.95,male,black,some_post_sec,0,1,1,0,0,other,0,0,0,0,0,0,0,0,0,disability
2021,33.9,1.96,male,black,some_post_sec,0,1,1,0,0,other,0,0,0,1,0,1,0,0,0,other
2021,65.4,5.72,male,black,some_post_sec,0,1,0,0,1,respite,0,0,0,1,1,0,0,0,0,welfare
2021,83.4,1.43,male,black,some_post_sec,0,1,0,0,1,emergency_shelter,0,0,0,1,0,0,0,0,0,other
2021,61.0,10.44,male,black,some_post_sec,0,1,0,0,1,emergency_shelter,0,0,0,1,0,0,0,0,0,welfare
2021,21.6,1.84,male,black,some_post_sec,0,1,0,0,1,other,1,0,0,0,0,0,0,0,0,welfare
2021,30.4,10.17,male,black,some_post_sec,0,1,0,0,1,emergency_shelter,0,0,0,0,0,0,0,0,0,disability
2021,30.5,10.91,male,black,some_post_sec,0,1,0,0,1,emergency_shelter,0,0,0,0,0,1,0,0,1,welfare
2021,42.0,3.69,male,black,some_post_sec,0,1,0,0,1,respite,0,0,0,0,0,1,0,0,0,welfare
2021,34.2,30.0,male,black,some_post_sec,0,1,0,0,1,emergency_shelter,0,0,0,0,0,0,0,0,1,other
2021,54.7,16.62,male,black,some_post_sec,0,1,0,0,1,emergency_shelter,0,0,0,1,1,0,0,0,0,welfare
2021,42.0,6.22,male,black,some_post_sec,0,1,0,0,1,respite,0,0,0,1,0,1,0,0,0,welfare
2021,58.2,30.0,male,black,some_post_sec,0,1,0,0,1,emergency_shelter,0,0,0,1,1,0,0,0,1,welfare
2021,54.3,24.74,male,black,some_post_sec,0,1,0,0,1,emergency_shelter,0,0,0,0,0,1,0,0,0,employment
2021,64.4,11.74,male,black,some_post_sec,0,1,0,0,1,emergency_shelter,0,0,0,0,0,0,0,0,0,other
2021,35.8,2.05,male,black,some_post_sec,0,1,0,0,1,emergency_shelter,0,0,0,1,0,1,0,0,1,welfare
2021,59.3,6.23,male,black,some_post_sec,0,1,0,0,1,emergency_shelter,0,0,0,1,0,0,0,0,0,welfare
2021,25.7,2.25,male,black,some_post_sec,0,0,1,0,1,emergency_shelter,0,0,0,0,0,0,0,0,0,welfare
2021,59.6,1.41,male,black,some_post_sec,0,0,1,0,1,emergency_shelter,0,0,0,0,0,0,0,0,0,welfare
2021,37.2,12.77,male,black,some_post_sec,0,0,1,0,1,emergency_shelter,0,0,0,0,0,0,0,0,0,disability
2021,60.6,17.03,male,black,some_post_sec,0,0,1,0,1,emergency_shelter,0,0,0,0,0,0,0,0,0,welfare
2021,57.5,23.97,male,black,some_post_sec,0,0,1,0,1,other,0,0,0,0,0,0,0,0,0,employment
2021,43.4,23.05,male,black,some_post_sec,0,0,1,0,1,respite,0,0,0,1,0,0,0,0,0,employment
2021,34.5,4.37,male,black,some_post_sec,0,0,1,0,1,emergency_shelter,0,0,0,0,0,0,0,0,0,welfare
2021,43.6,13.79,male,black,some_post_sec,0,0,1,0,1,emergency_shelter,0,0,0,0,1,0,0,0,0,welfare
2021,48.8,8.14,male,black,some_post_sec,0,0,1,0,1,emergency_shelter,0,0,1,1,0,0,0,0,0,welfare
2021,26.6,1.14,male,black,some_post_sec,0,0,1,0,1,emergency_shelter,0,0,0,0,0,0,0,0,0,welfare
2021,64.1,30.0,male,black,some_post_sec,0,0,0,1,1,outdoor,0,0,0,0,1,0,0,1,0,disability
2021,52.1,1.81,male,black,some_post_sec,0,0,0,1,1,outdoor,0,0,0,0,0,0,0,0,0,informal
2021,44.5,4.66,male,black,some_post_sec,0,0,0,1,1,outdoor,0,0,0,0,1,0,0,0,1,welfare
2021,37.6,3.66,male,black,some_post_sec,0,0,0,0,1,emergency_shelter,0,0,0,1,0,0,0,1,0,informal
2021,36.7,1.96,male,black,some_post_sec,0,0,0,0,1,emergency_shelter,0,0,0,0,0,0,0,0,0,employment
2021,40.3,30.0,male,black,some_post_sec,0,0,0,0,1,emergency_shelter,0,0,1,1,1,0,0,0,0,other
2021,52.9,6.58,male,black,some_post_sec,0,0,0,0,1,emergency_shelter,0,0,0,0,0,0,0,0,0,disability
2021,57.9,14.2,male,black,some_post_sec,0,0,0,0,1,emergency_shelter,0,0,0,0,0,0,1,0,0,disability
2021,21.1,11.84,male,black,some_post_sec,0,0,0,0,1,emergency_shelter,1,0,1,1,0,0,0,1,0,welfare
2021,29.2,3.25,male,black,some_post_sec,0,0,0,0,1,respite,0,0,0,0,0,0,0,0,0,other
2021,53.7,7.55,male,black,some_post_sec,0,0,0,0,1,emergency_shelter,0,0,0,1,1,0,0,1,0,disability
2021,54.9,8.64,male,black,some_post_sec,0,0,0,0,1,emergency_shelter,0,0,0,0,0,1,1,0,0,other
2021,25.5,4.02,male,black,some_post_sec,0,0,0,0,1,other,0,0,0,1,0,0,0,0,0,disability
2021,58.2,10.88,male,black,some_post_sec,0,0,0,0,1,emergency_shelter,0,0,0,0,0,0,0,0,0,disability
2021,45.8,17.53,male,black,some_post_sec,0,0,0,0,1,emergency_shelter,0,0,0,0,0,0,0,0,0,employment
2021,56.5,4.17,male,black,some_post_sec,0,0,0,0,1,other,0,0,0,1,0,0,0,0,0,welfare
2021,34.1,1.09,male,black,some_post_sec,0,0,0,0,1,emergency_shelter,0,0,0,1,0,0,0,0,0,disability
2021,26.5,3.99,male,black,some_post_sec,0,0,0,0,1,respite,0,0,0,0,0,0,0,0,0,disability
2021,41.7,1.78,male,black,some_post_sec,0,0,0,0,1,emergency_shelter,0,0,0,1,1,1,0,0,0,disability
2021,42.3,2.07,male,black,some_post_sec,0,0,0,0,1,respite,0,0,0,1,0,0,0,1,0,welfare
2021,41.5,4.19,male,black,some_post_sec,0,0,0,0,1,emergency_shelter,0,0,0,0,0,0,0,1,0,disability
2021,40.5,2.51,male,black,some_post_sec,0,0,0,0,1,other,0,0,1,0,0,0,0,0,0,welfare
2021,69.7,30.0,male,black,some_post_sec,0,0,0,0,1,emergency_shelter,0,0,0,0,0,0,0,0,0,disability
2021,22.2,10.22,male,black,some_post_sec,0,0,0,0,1,emergency_shelter,1,0,0,1,0,0,0,0,0,welfare
2021,39.1,6.56,male,black,some_post_sec,0,0,0,0,0,emergency_shelter,0,0,0,1,0,0,0,0,0,welfare
2021,61.8,2.49,male,black,some_post_sec,0,0,0,0,0,emergency_shelter,0,0,0,0,0,0,0,0,0,disability
2021,30.7,1.86,male,black,some_post_sec,0,0,0,0,0,emergency_shelter,0,0,0,0,0,0,0,1,0,welfare
2021,30.5,5.68,male,black,some_post_sec,0,0,0,0,0,emergency_shelter,0,0,0,0,0,0,0,0,0,disability
2021,58.0,1.23,male,black,some_post_sec,0,0,0,0,0,emergency_shelter,0,0,0,0,0,0,0,1,0,welfare
2021,21.3,4.21,male,black,some_post_sec,0,0,0,0,0,emergency_shelter,1,0,0,1,0,0,0,0,1,welfare
2021,72.1,10.77,male,black,post_sec_higher,1,1,1,0,1,emergency_shelter,0,0,1,1,0,0,0,0,0,employment
2021,19.7,4.44,male,black,post_sec_higher,1,1,1,0,1,emergency_shelter,1,0,0,1,0,0,0,0,0,disability
2021,46.8,4.93,male,black,post_sec_higher,1,1,1,0,1,emergency_shelter,0,0,0,0,0,0,0,1,0,disability
2021,48.7,6.25,male,black,post_sec_higher,1,1,1,0,1,respite,0,0,0,0,0,1,0,0,0,welfare
2021,21.5,15.24,male,black,post_sec_higher,1,1,1,0,1,emergency_shelter,1,0,0,1,0,0,0,0,0,welfare
2021,64.5,1.11,male,black,post_sec_higher,1,1,1,0,1,emergency_shelter,0,0,0,0,0,0,1,0,0,employment
2021,35.6,5.36,male,black,post_sec_higher,1,1,1,0,1,emergency_shelter,0,0,0,1,0,0,0,0,0,welfare
2021,47.4,1.09,male,black,post_sec_higher,1,1,1,0,1,respite,0,0,0,0,0,0,0,1,0,disability
2021,50.6,3.63,male,black,post_sec_higher,1,1,1,0,1,emergency_shelter,0,0,0,0,0,0,0,0,1,welfare
2021,25.6,1.01,male,black,post_sec_higher,1,1,0,0,1,emergency_shelter,0,0,0,0,0,0,1,1,0,disability
2021,76.7,30.0,male,black,post_sec_higher,1,1,0,0,1,respite,0,0,1,0,0,1,1,1,1,other
2021,30.1,1.16,male,black,post_sec_higher,1,1,0,0,1,emergency_shelter,0,0,0,1,0,0,0,0,0,disability
2021,40.7,2.05,male,black,post_sec_higher,1,1,0,0,1,emergency_shelter,0,0,0,0,0,0,0,0,0,disability
2021,56.4,4.97,male,black,post_sec_higher,1,1,0,0,1,emergency_shelter,0,0,0,1,1,0,0,0,0,welfare
2021,19.3,7.05,male,black,post_sec_higher,1,0,0,0,1,emergency_shelter,1,0,0,1,0,0,0,1,0,disability
2021,58.2,7.0,male,black,post_sec_higher,1,0,0,0,1,emergency_shelter,0,0,0,1,1,0,1,1,0,informal
2021,49.4,2.43,male,black,post_sec_higher,1,0,0,0,1,emergency_shelter,0,0,0,1,0,0,0,0,0,informal
2021,38.0,3.24,male,black,post_sec_higher,1,0,0,0,1,other,0,0,0,1,0,0,0,0,0,welfare
2021,40.1,6.06,male,black,post_sec_higher,1,0,0,0,1,emergency_shelter,0,0,0,1,0,0,0,0,1,other
2021,25.0,11.15,male,black,post_sec_higher,1,0,0,0,1,respite,0,0,0,1,0,1,0,0,1,welfare
2021,60.1,3.12,male,black,post_sec_higher,1,0,0,0,1,emergency_shelter,0,0,0,0,0,0,1,0,0,disability
2021,34.8,18.87,male,black,post_sec_higher,1,0,0,0,1,emergency_shelter,0,0,0,0,0,1,0,1,0,other
2021,53.0,19.29,male,black,post_sec_higher,1,0,0,0,1,emergency_shelter,0,0,0,0,0,0,0,0,0,other
2021,32.5,3.14,male,black,post_sec_higher,1,0,0,0,1,emergency_shelter,0,0,1,0,0,0,0,0,0,employment
2021,76.8,7.56,male,black,post_sec_higher,1,0,0,0,1,emergency_shelter,0,0,0,0,0,0,0,0,0,welfare
2021,67.8,2.38,male,black,post_sec_higher,0,1,1,1,1,outdoor,0,0,0,0,1,0,0,0,0,other
2021,73.2,4.05,male,black,post_sec_higher,0,1,1,1,1,outdoor,0,0,0,0,0,0,0,0,0,welfare
2021,20.4,4.88,male,black,post_sec_higher,0,1,1,1,1,outdoor,1,0,0,1,0,1,0,0,0,disability
2021,73.1,2.33,male,black,post_sec_higher,0,1,1,1,1,outdoor,0,0,0,0,0,1,0,1,0,disability
2021,47.3,30.0,male,black,post_sec_higher,0,1,1,1,1,outdoor,0,0,0,0,0,0,0,1,0,other
2021,37.4,30.0,male,black,post_sec_higher,0,1,1,0,1,respite,0,0,0,0,0,0,0,0,0,welfare
2021,49.8,30.0,male,black,post_sec_higher,0,1,1,0,1,emergency_shelter,0,0,0,0,0,0,0,0,0,welfare
2021,51.6,6.67,male,black,post_sec_higher,0,1,1,0,1,emergency_shelter,0,0,1,0,0,0,0,0,0,other
2021,70.9,30.0,male,black,post_sec_higher,0,1,1,0,1,emergency_shelter,0,0,0,0,0,0,0,0,0,disability
2021,49.9,1.18,male,black,post_sec_higher,0,1,1,0,1,emergency_shelter,0,0,0,0,0,0,0,1,0,welfare
2021,46.2,25.56,male,black,post_sec_higher,0,1,1,0,1,other,0,0,0,0,0,0,0,0,0,welfare
2021,57.7,5.85,male,black,post_sec_higher,0,1,1,0,1,emergency_shelter,0,0,0,0,0,0,0,0,0,disability
2021,49.5,16.81,male,black,post_sec_higher,0,1,1,0,1,other,0,0,0,1,0,0,0,1,0,welfare
2021,45.7,1.03,male,black,post_sec_higher,0,1,1,0,1,emergency_shelter,0,0,1,0,1,0,0,0,0,other
2021,43.5,26.81,male,black,post_sec_higher,0,1,1,0,1,emergency_shelter,0,0,0,1,0,0,0,0,1,disability
2021,54.9,8.44,male,black,post_sec_higher,0,1,1,0,1,other,0,0,0,0,0,0,0,0,0,informal
2021,53.4,2.81,male,black,post_sec_higher,0,1,1,0,1,emergency_shelter,0,0,0,0,0,0,0,0,0,other
2021,42.3,3.96,male,black,post_sec_higher,0,1,1,0,1,emergency_shelter,0,0,0,0,0,0,0,1,0,other
2021,66.2,2.45,male,black,post_sec_higher,0,1,1,0,1,emergency_shelter,0,0,0,0,1,0,0,0,1,welfare
2021,57.8,5.01,male,black,post_sec_higher,0,1,1,0,1,emergency_shelter,0,0,0,0,0,0,0,0,0,other
2021,59.5,3.75,male,black,post_sec_higher,0,1,1,0,1,emergency_shelter,0,0,0,0,0,0,0,0,0,welfare
2021,33.2,6.98,male,black,post_sec_higher,0,1,1,0,1,respite,0,0,0,1,0,0,0,0,0,informal
2021,38.8,19.7,male,black,post_sec_higher,0,1,1,0,1,emergency_shelter,0,0,0,0,0,0,0,0,0,welfare
2021,67.2,30.0,male,black,post_sec_higher,0,1,1,0,1,emergency_shelter,0,0,0,1,0,0,0,0,0,welfare
2021,60.6,2.92,male,black,post_sec_higher,0,1,1,0,1,emergency_shelter,0,0,0,1,1,0,0,0,0,disability
2021,26.2,1.7,male,black,post_sec_higher,0,1,1,0,1,emergency_shelter,0,0,0,0,1,0,0,1,0,disability
2021,50.7,4.59,male,black,post_sec_higher,0,1,1,0,1,emergency_shelter,0,0,1,0,1,1,0,0,0,welfare
2021,59.4,1.98,male,black,post_sec_higher,0,1,1,0,1,emergency_shelter,0,0,0,0,1,0,0,1,0,employment
2021,28.6,0.05,male,black,post_sec_higher,0,1,1,0,0,emergency_shelter,0,0,0,0,0,0,0,0,0,welfare
2021,41.1,1.65,male,black,post_sec_higher,0,1,1,0,0,emergency_shelter,0,0,1,0,0,0,0,1,0,other
2021,22.8,4.03,male,black,post_sec_higher,0,1,1,0,0,emergency_shelter,1,0,0,0,0,0,0,0,0,disability
2021,39.5,0.62,male,black,post_sec_higher,0,1,1,0,0,emergency_shelter,0,0,0,0,0,0,0,0,0,other
2021,42.1,2.96,male,black,post_sec_higher,0,1,1,0,0,emergency_shelter,0,0,0,1,0,0,0,1,0,disability
2021,32.4,1.08,male,black,post_sec_higher,0,1,1,0,0,emergency_shelter,0,0,0,0,0,0,0,0,0,welfare
2021,44.5,0.91,male,black,post_sec_higher,0,1,1,0,0,emergency_shelter,0,0,0,0,0,0,0,0,0,employment
2021,48.0,8.0,male,black,post_sec_higher,0,1,1,0,0,emergency_shelter,0,0,0,1,0,0,0,1,1,disability
2021,45.4,3.29,male,black,post_sec_higher,0,1,0,0,1,emergency_shelter,0,0,0,0,0,0,0,1,0,welfare
2021,80.2,2.68,male,black,post_sec_higher,0,1,0,0,1,emergency_shelter,0,0,0,1,0,0,0,1,0,welfare
2021,49.3,8.31,male,black,post_sec_higher,0,1,0,0,1,emergency_shelter,0,0,1,0,0,0,0,0,0,welfare
2021,56.1,2.34,male,black,post_sec_higher,0,1,0,0,1,emergency_shelter,0,0,1,0,1,0,1,1,0,other
2021,45.0,1.95,male,black,post_sec_higher,0,1,0,0,1,emergency_shelter,0,0,0,0,0,0,0,0,0,disability
2021,67.2,3.62,male,black,post_sec_higher,0,1,0,0,1,emergency_shelter,0,0,0,0,0,0,0,0,0,welfare
2021,45.3,25.6,male,black,post_sec_higher,0,1,0,0,1,emergency_shelter,0,0,0,1,0,0,0,1,0,welfare
2021,59.6,1.23,male,black,post_sec_higher,0,1,0,0,1,respite,0,0,0,1,0,1,1,1,0,employment
2021,48.6,21.71,male,black,post_sec_higher,0,1,0,0,1,emergency_shelter,0,0,0,1,0,0,1,1,0,welfare
2021,71.8,9.18,male,black,post_sec_higher,0,1,0,0,1,emergency_shelter,0,0,0,0,0,0,0,1,0,other
2021,39.3,1.25,male,black,post_sec_higher,0,1,0,0,1,respite,0,0,0,0,0,0,0,0,0,welfare
2021,62.1,8.63,male,black,post_sec_higher,0,1,0,0,1,emergency_shelter,0,0,0,1,0,0,1,0,0,welfare
2021,44.5,5.03,male,black,post_sec_higher,0,1,0,0,1,emergency_shelter,0,0,0,0,0,0,0,0,0,welfare
2021,34.3,22.68,male,black,post_sec_higher,0,1,0,0,1,emergency_shelter,0,0,0,1,0,0,0,0,0,disability
2021,45.3,30.0,male,black,post_sec_higher,0,1,0,0,1,emergency_shelter,0,0,0,0,0,0,0,0,0,welfare
2021,15.0,3.27,male,black,post_sec_higher,0,1,0,0,1,emergency_shelter,1,0,0,0,1,1,0,0,0,welfare
2021,59.1,17.01,male,black,post_sec_higher,0,1,0,0,1,respite,0,0,0,0,1,0,0,0,1,employment
2021,55.3,3.52,male,black,post_sec_higher,0,1,0,0,1,emergency_shelter,0,0,0,0,0,0,0,0,0,welfare
2021,69.6,2.78,male,black,post_sec_higher,0,1,0,0,0,emergency_shelter,0,0,0,0,0,0,0,1,0,informal
2021,21.5,2.36,male,black,post_sec_higher,0,1,0,0,0,emergency_shelter,1,0,1,1,0,0,0,0,0,welfare
2021,15.0,8.0,male,black,post_sec_higher,0,1,0,0,0,other,1,0,0,1,0,0,0,0,1,welfare
2021,75.1,11.93,male,black,post_sec_higher,0,0,1,0,1,emergency_shelter,0,0,0,0,0,0,0,1,0,welfare
2021,23.6,30.0,male,black,post_sec_higher,0,0,1,0,1,emergency_shelter,1,0,1,1,1,0,0,0,1,other
2021,42.9,1.58,male,black,post_sec_higher,0,0,1,0,1,emergency_shelter,0,0,0,0,0,0,0,0,0,welfare
2021,40.0,2.83,male,black,post_sec_higher,0,0,1,0,1,emergency_shelter,0,0,0,0,0,0,0,1,0,informal
2021,64.1,2.79,male,black,post_sec_higher,0,0,1,0,1,emergency_shelter,0,0,0,0,1,0,0,0,0,other
2021,55.2,6.46,male,black,post_sec_higher,0,0,1,0,1,emergency_shelter,0,0,1,0,1,0,0,0,0,welfare
2021,40.7,5.44,male,black,post_sec_higher,0,0,1,0,1,emergency_shelter,0,0,0,0,0,0,0,1,0,welfare
2021,53.9,13.38,male,black,post_sec_higher,0,0,1,0,1,emergency_shelter,0,0,0,0,0,0,1,1,0,employment
2021,56.8,13.69,male,black,post_sec_higher,0,0,1,0,1,emergency_shelter,0,0,0,0,1,1,0,0,1,welfare
2021,19.9,7.87,male,black,post_sec_higher,0,0,1,0,1,emergency_shelter,1,0,0,0,0,0,0,0,0,disability
2021,53.4,8.33,male,black,post_sec_higher,0,0,1,0,1,emergency_shelter,0,0,0,0,1,0,0,0,0,other
2021,45.7,22.84,male,black,post_sec_higher,0,0,1,0,1,other,0,0,0,0,0,0,0,1,0,disability
2021,30.0,4.61,male,black,post_sec_higher,0,0,1,0,1,emergency_shelter,0,0,0,0,0,0,0,1,0,disability
2021,37.7,1.07,male,black,post_sec_higher,0,0,1,0,1,emergency_shelter,0,0,0,0,0,0,0,0,0,other
2021,55.6,2.65,male,black,post_sec_higher,0,0,0,1,1,outdoor,0,0,0,0,0,0,0,1,0,welfare
2021,49.9,20.86,male,black,post_sec_higher,0,0,0,1,1,outdoor,0,0,0,0,0,0,0,0,0,disability
2021,33.0,30.0,male,black,post_sec_higher,0,0,0,1,1,outdoor,0,0,0,1,0,0,1,0,0,employment
2021,32.6,5.05,male,black,post_sec_higher,0,0,0,1,1,outdoor,0,0,0,1,0,0,1,0,0,welfare
2021,57.9,30.0,male,black,post_sec_higher,0,0,0,1,1,outdoor,0,0,0,0,0,0,0,1,0,welfare
2021,50.4,2.46,male,black,post_sec_higher,0,0,0,1,1,outdoor,0,0,0,0,0,0,0,0,0,welfare
2021,49.6,30.0,male,black,post_sec_higher,0,0,0,1,1,outdoor,0,0,0,1,0,0,0,1,0,welfare
2021,46.9,2.06,male,black,post_sec_higher,0,0,0,0,1,other,0,0,0,0,1,0,0,1,0,disability
2021,82.5,4.21,male,black,post_sec_higher,0,0,0,0,1,emergency_shelter,0,0,0,0,0,0,0,0,0,welfare
2021,73.0,30.0,male,black,post_sec_higher,0,0,0,0,1,emergency_shelter,0,0,0,0,0,0,0,0,0,disability
2021,46.1,19.35,male,black,post_sec_higher,0,0,0,0,1,emergency_shelter,0,0,0,0,0,0,0,0,0,employment
2021,43.3,3.76,male,black,post_sec_higher,0,0,0,0,1,emergency_shelter,0,0,0,0,0,0,0,0,0,welfare
2021,55.8,7.27,male,black,post_sec_higher,0,0,0,0,1,other,0,0,0,0,0,0,0,0,1,welfare
2021,45.2,4.74,male,black,post_sec_higher,0,0,0,0,1,emergency_shelter,0,0,0,0,1,1,0,0,0,welfare
2021,63.8,5.68,male,black,post_sec_higher,0,0,0,0,1,respite,0,0,0,0,0,0,0,0,0,welfare
2021,28.3,15.38,male,black,post_sec_higher,0,0,0,0,1,emergency_shelter,0,0,0,0,0,0,0,1,0,welfare
2021,42.6,7.17,male,black,post_sec_higher,0,0,0,0,1,emergency_shelter,0,0,0,0,0,1,0,1,0,welfare
2021,55.6,2.28,male,black,post_sec_higher,0,0,0,0,1,emergency_shelter,0,0,0,0,0,0,0,0,0,welfare
2021,60.1,3.09,male,black,post_sec_higher,0,0,0,0,1,emergency_shelter,0,0,0,1,0,0,1,1,0,employment
2021,25.3,7.74,male,black,post_sec_higher,0,0,0,0,1,emergency_shelter,0,0,0,0,1,0,0,0,0,other
2021,32.6,11.77,male,black,post_sec_higher,0,0,0,0,1,emergency_shelter,0,0,0,1,0,0,0,0,0,welfare
2021,22.5,6.44,male,black,post_sec_higher,0,0,0,0,1,emergency_shelter,1,0,1,1,0,0,0,1,0,other
2021,33.8,9.16,male,black,post_sec_higher,0,0,0,0,1,emergency_shelter,0,0,0,1,0,0,1,0,0,welfare
2021,28.1,17.42,male,black,post_sec_higher,0,0,0,0,1,emergency_shelter,0,0,0,1,0,0,0,0,0,welfare
2021,53.5,7.22,male,black,post_sec_higher,0,0,0,0,1,respite,0,0,0,0,0,0,0,0,0,other
2021,49.2,30.0,male,black,post_sec_higher,0,0,0,0,1,emergency_shelter,0,0,0,0,0,1,0,0,0,welfare
2021,43.8,2.77,male,black,post_sec_higher,0,0,0,0,1,emergency_shelter,0,0,0,0,0,0,0,0,0,welfare
2021,46.4,30.0,male,black,post_sec_higher,0,0,0,0,1,respite,0,0,0,0,0,0,0,0,0,welfare
2021,62.7,2.88,male,black,post_sec_higher,0,0,0,0,1,emergency_shelter,0,0,0,0,1,1,0,0,0,welfare
2021,31.4,6.92,male,black,post_sec_higher,0,0,0,0,1,emergency_shelter,0,0,0,1,0,0,0,1,1,welfare
2021,19.0,5.5,male,black,post_sec_higher,0,0,0,0,1,emergency_shelter,1,0,1,0,0,0,0,0,0,disability
2021,55.9,4.28,male,black,post_sec_higher,0,0,0,0,1,other,0,0,0,0,0,0,0,0,0,other
2021,50.5,1.15,male,black,post_sec_higher,0,0,0,0,0,respite,0,0,0,1,0,0,0,0,0,welfare
2021,25.1,2.77,male,black,post_sec_higher,0,0,0,0,0,emergency_shelter,0,0,0,0,0,0,1,1,0,disability
2021,15.0,0.87,male,black,post_sec_higher,0,0,0,0,0,emergency_shelter,1,0,0,0,0,0,0,0,0,other
2021,59.7,8.0,male,black,post_sec_higher,0,0,0,0,0,emergency_shelter,0,0,0,0,0,0,0,0,0,other
2021,41.2,5.28,male,black,post_sec_higher,0,0,0,0,0,emergency_shelter,0,0,0,1,0,0,0,0,0,welfare
2021,48.8,3.02,male,black,post_sec_higher,0,0,0,0,0,respite,0,0,0,0,0,0,0,0,0,welfare
2021,30.9,4.93,male,black,post_sec_higher,0,0,0,0,0,emergency_shelter,0,0,0,1,0,1,0,1,0,other
2021,60.7,8.0,male,black,post_sec_higher,0,0,0,0,0,emergency_shelter,0,0,0,0,0,0,0,0,0,welfare
2021,47.9,8.0,male,black,post_sec_higher,0,0,0,0,0,emergency_shelter,0,0,0,0,0,0,0,1,0,informal
2021,40.5,5.55,male,black,post_sec_higher,0,0,0,0,0,emergency_shelter,0,0,0,0,0,0,0,0,0,welfare
2021,62.8,3.07,male,white,less_than_hs,1,1,1,0,1,emergency_shelter,0,0,0,1,0,0,0,0,0,welfare
2021,30.4,30.0,male,white,less_than_hs,1,1,1,0,1,emergency_shelter,0,0,0,1,0,1,0,0,0,other
2021,31.2,9.16,male,white,less_than_hs,1,1,1,0,1,emergency_shelter,0,0,0,0,0,0,0,0,0,welfare
2021,74.8,9.96,male,white,less_than_hs,1,1,1,0,1,emergency_shelter,0,0,0,0,0,0,0,1,0,welfare
2021,62.1,10.0,male,white,less_than_hs,1,1,1,0,1,emergency_shelter,0,0,0,0,1,1,0,0,1,disability
2021,34.6,29.7,male,white,less_than_hs,1,1,1,0,1,emergency_shelter,0,0,0,0,0,0,0,0,0,welfare
2021,58.2,2.31,male,white,less_than_hs,1,1,1,0,1,emergency_shelter,0,0,1,1,1,1,0,0,0,employment
2021,39.5,1.37,male,white,less_than_hs,1,1,1,0,1,emergency_shelter,0,0,0,0,0,1,0,0,1,other
2021,22.2,4.47,male,white,less_than_hs,1,1,1,0,1,emergency_shelter,1,0,0,1,0,0,0,1,0,employment
2021,16.6,7.67,male,white,less_than_hs,1,1,1,0,1,other,1,0,0,0,0,0,0,0,0,welfare
2021,45.7,3.26,male,white,less_than_hs,1,1,1,0,1,emergency_shelter,0,0,0,0,0,1,0,0,0,other
2021,67.9,11.62,male,white,less_than_hs,1,1,1,0,1,emergency_shelter,0,0,0,0,0,0,0,0,0,disability
2021,75.1,9.92,male,white,less_than_hs,1,1,0,0,1,emergency_shelter,0,0,0,0,0,0,1,0,0,welfare
2021,42.1,5.21,male,white,less_than_hs,1,1,0,0,1,emergency_shelter,0,0,0,0,0,1,0,0,0,other
2021,42.5,3.0,male,white,less_than_hs,1,1,0,0,1,emergency_shelter,0,0,0,0,0,0,0,0,0,employment
2021,48.1,6.62,male,white,less_than_hs,1,1,0,0,1,emergency_shelter,0,0,0,1,0,0,0,0,0,disability
2021,43.4,8.03,male,white,less_than_hs,1,1,0,0,1,emergency_shelter,0,0,1,0,0,0,0,0,0,other
2021,57.1,9.49,male,white,less_than_hs,1,1,0,0,1,emergency_shelter,0,0,0,0,0,0,0,1,0,welfare
2021,66.6,8.72,male,white,less_than_hs,1,1,0,0,1,emergency_shelter,0,0,0,1,0,0,0,0,0,disability
2021,42.5,9.07,male,white,less_than_hs,1,1,0,0,1,emergency_shelter,0,0,0,1,0,0,0,0,0,disability
2021,39.1,2.87,male,white,less_than_hs,1,0,1,0,1,emergency_shelter,0,0,1,1,0,1,0,1,0,informal
2021,29.3,1.03,male,white,less_than_hs,1,0,1,0,1,emergency_shelter,0,0,0,0,0,0,0,0,0,welfare
2021,33.8,4.01,male,white,less_than_hs,1,0,1,0,1,emergency_shelter,0,0,0,1,0,0,0,1,0,welfare
2021,41.9,2.35,male,white,less_than_hs,1,0,0,0,1,emergency_shelter,0,0,0,0,0,1,0,0,1,welfare
2021,15.0,1.78,male,white,less_than_hs,1,0,0,0,1,respite,1,0,0,0,0,0,0,0,0,informal
2021,44.1,30.0,male,white,less_than_hs,1,0,0,0,1,respite,0,0,0,1,0,0,0,0,0,informal
2021,37.5,1.3,male,white,less_than_hs,1,0,0,0,1,emergency_shelter,0,0,0,1,0,0,1,0,0,welfare
2021,33.7,30.0,male,white,less_than_hs,1,0,0,0,1,emergency_shelter,0,0,0,0,0,1,0,0,0,other
2021,32.0,11.67,male,white,less_than_hs,1,0,0,0,1,emergency_shelter,0,0,1,0,1,0,1,1,1,welfare
2021,36.1,4.72,male,white,less_than_hs,1,0,0,0,1,emergency_shelter,0,0,0,0,0,0,0,1,0,disability
2021,32.2,2.33,male,white,less_than_hs,1,0,0,0,1,emergency_shelter,0,0,0,0,0,0,0,0,0,disability
2021,33.4,3.53,male,white,less_than_hs,1,0,0,0,1,emergency_shelter,0,0,0,0,1,0,1,1,0,welfare
2021,27.0,6.89,male,white,less_than_hs,1,0,0,0,1,emergency_shelter,0,0,0,0,0,0,0,0,0,employment
2021,16.2,10.36,male,white,less_than_hs,1,0,0,0,1,respite,1,0,0,1,0,0,0,0,0,disability
2021,15.1,11.71,male,white,less_than_hs,1,0,0,0,1,emergency_shelter,1,0,0,0,0,0,0,1,0,welfare
2021,80.5,5.36,male,white,less_than_hs,1,0,0,0,1,respite,0,0,0,0,0,0,1,1,0,informal
2021,45.1,4.3,male,white,less_than_hs,1,0,0,0,1,emergency_shelter,0,0,0,0,0,0,0,1,0,disability
2021,67.3,4.61,male,white,less_than_hs,0,1,1,1,1,outdoor,0,0,1,0,1,0,0,0,0,welfare
2021,50.4,4.66,male,white,less_than_hs,0,1,1,1,1,outdoor,0,0,1,1,0,0,0,0,0,welfare
2021,49.6,30.0,male,white,less_than_hs,0,1,1,1,1,outdoor,0,0,0,0,0,0,0,1,0,other
2021,73.9,6.65,male,white,less_than_hs,0,1,1,1,1,outdoor,0,0,0,0,0,0,0,1,0,disability
2021,49.5,30.0,male,white,less_than_hs,0,1,1,1,1,outdoor,0,0,0,0,0,0,0,0,0,welfare
2021,32.2,25.84,male,white,less_than_hs,0,1,1,1,1,outdoor,0,0,0,1,1,0,1,1,0,welfare
2021,34.2,9.77,male,white,less_than_hs,0,1,1,1,1,outdoor,0,0,0,0,0,0,0,0,0,welfare
2021,66.6,1.06,male,white,less_than_hs,0,1,1,1,1,outdoor,0,0,0,0,0,0,0,1,0,disability
2021,55.6,3.01,male,white,less_than_hs,0,1,1,0,1,emergency_shelter,0,0,0,0,0,0,0,0,0,welfare
2021,36.5,2.98,male,white,less_than_hs,0,1,1,0,1,emergency_shelter,0,0,1,0,1,0,0,0,0,welfare
2021,22.5,2.57,male,white,less_than_hs,0,1,1,0,1,emergency_shelter,1,0,1,1,1,0,0,0,0,disability
2021,30.2,4.6,male,white,less_than_hs,0,1,1,0,1,emergency_shelter,0,0,0,1,0,0,0,1,0,other
2021,69.0,19.52,male,white,less_than_hs,0,1,1,0,1,emergency_shelter,0,0,0,1,0,0,0,0,0,employment
2021,53.0,2.85,male,white,less_than_hs,0,1,1,0,1,emergency_shelter,0,0,0,0,1,0,0,0,0,disability
2021,60.0,8.1,male,white,less_than_hs,0,1,1,0,1,emergency_shelter,0,0,0,1,0,0,0,0,0,employment
2021,62.3,7.5,male,white,less_than_hs,0,1,1,0,1,emergency_shelter,0,0,0,0,0,0,0,0,0,disability
2021,37.2,20.02,male,white,less_than_hs,0,1,1,0,1,emergency_shelter,0,0,0,1,0,0,0,1,0,welfare
2021,40.8,4.57,male,white,less_than_hs,0,1,1,0,1,emergency_shelter,0,0,0,0,0,0,0,0,0,disability
2021,43.6,2.65,male,white,less_than_hs,0,1,1,0,1,emergency_shelter,0,0,0,1,0,0,0,0,0,welfare
2021,51.8,30.0,male,white,less_than_hs,0,1,1,0,1,emergency_shelter,0,0,0,0,0,0,0,0,0,disability
2021,61.3,21.67,male,white,less_than_hs,0,1,1,0,1,emergency_shelter,0,0,0,1,0,0,0,0,0,disability
2021,72.2,9.2,male,white,less_than_hs,0,1,1,0,1,emergency_shelter,0,0,0,1,1,1,0,0,0,employment
2021,57.4,1.61,male,white,less_than_hs,0,1,1,0,1,emergency_shelter,0,0,0,0,0,0,0,0,0,other
2021,57.5,1.1,male,white,less_than_hs,0,1,1,0,1,emergency_shelter,0,0,0,0,1,0,0,0,0,other
2021,73.0,2.3,male,white,less_than_hs,0,1,1,0,1,emergency_shelter,0,0,0,1,0,0,1,1,0,disability
2021,43.1,2.41,male,white,less_than_hs,0,1,1,0,1,emergency_shelter,0,0,0,0,0,0,0,0,0,employment
2021,62.6,1.92,male,white,less_than_hs,0,1,1,0,1,emergency_shelter,0,0,0,0,0,0,0,1,0,employment
2021,54.1,3.02,male,white,less_than_hs,0,1,1,0,1,emergency_shelter,0,0,0,0,0,1,0,0,0,disability
2021,54.6,3.85,male,white,less_than_hs,0,1,1,0,1,emergency_shelter,0,0,0,1,1,0,0,0,0,welfare
2021,43.0,14.95,male,white,less_than_hs,0,1,1,0,1,emergency_shelter,0,0,0,0,0,1,0,1,0,welfare
2021,26.5,12.52,male,white,less_than_hs,0,1,1,0,1,emergency_shelter,0,0,0,1,1,0,0,1,0,disability
2021,50.8,1.69,male,white,less_than_hs,0,1,1,0,1,respite,0,0,0,0,0,0,0,1,0,welfare
2021,50.9,30.0,male,white,less_than_hs,0,1,1,0,1,respite,0,0,1,1,0,0,0,0,0,disability
2021,37.9,14.81,male,white,less_than_hs,0,1,1,0,1,emergency_shelter,0,0,1,0,1,0,0,1,0,welfare
2021,41.6,1.03,male,white,less_than_hs,0,1,1,0,0,emergency_shelter,0,0,0,0,0,0,0,0,0,welfare
2021,51.4,4.45,male,white,less_than_hs,0,1,1,0,0,emergency_shelter,0,0,0,0,0,0,0,0,0,welfare
2021,42.5,1.5,male,white,less_than_hs,0,1,1,0,0,emergency_shelter,0,0,0,1,0,0,0,0,0,other
2021,59.7,3.33,male,white,less_than_hs,0,1,1,0,0,respite,0,0,0,0,0,0,0,1,0,other
2021,44.2,4.48,male,white,less_than_hs,0,1,1,0,0,emergency_shelter,0,0,0,0,0,0,0,1,0,welfare
2021,40.7,2.03,male,white,less_than_hs,0,1,1,0,0,emergency_shelter,0,0,0,1,0,0,0,1,0,welfare
2021,42.0,0.77,male,white,less_than_hs,0,1,1,0,0,emergency_shelter,0,0,0,0,0,0,1,1,0,disability
2021,45.3,7.1,male,white,less_than_hs,0,1,1,0,0,other,0,0,0,0,0,0,0,1,0,other
2021,30.2,0.35,male,white,less_than_hs,0,1,1,0,0,other,0,0,0,0,0,0,0,0,0,welfare
2021,16.8,6.37,male,white,less_than_hs,0,1,1,0,0,emergency_shelter,1,0,0,0,0,0,0,0,0,welfare
2021,46.9,6.52,male,white,less_than_hs,0,1,1,0,0,emergency_shelter,0,0,0,0,0,0,0,0,0,disability
2021,45.6,6.84,male,white,less_than_hs,0,1,0,1,1,outdoor,0,0,0,1,0,0,0,0,0,welfare
2021,27.4,23.8,male,white,less_than_hs,0,1,0,1,1,outdoor,0,0,0,0,0,0,0,0,1,other
2021,52.6,3.56,male,white,less_than_hs,0,1,0,1,1,outdoor,0,0,1,0,1,1,1,1,0,employment
2021,64.2,30.0,male,white,less_than_hs,0,1,0,0,1,emergency_shelter,0,0,0,1,0,0,0,1,0,informal
2021,43.4,7.47,male,white,less_than_hs,0,1,0,0,1,emergency_shelter,0,0,0,0,0,0,0,0,0,disability
2021,61.5,3.95,male,white,less_than_hs,0,1,0,0,1,respite,0,0,0,0,0,0,0,0,0,welfare
2021,45.4,25.52,male,white,less_than_hs,0,1,0,0,1,emergency_shelter,0,0,0,0,0,0,0,0,0,disability
2021,60.8,14.29,male,white,less_than_hs,0,1,0,0,1,respite,0,0,0,0,0,0,0,0,0,welfare
2021,65.2,7.88,male,white,less_than_hs,0,1,0,0,1,respite,0,0,0,1,0,0,0,1,0,welfare
2021,43.2,30.0,male,white,less_than_hs,0,1,0,0,1,emergency_shelter,0,0,0,1,0,0,0,0,0,disability
2021,60.8,1.61,male,white,less_than_hs,0,1,0,0,1,emergency_shelter,0,0,0,0,0,0,0,1,0,welfare
2021,21.9,4.57,male,white,less_than_hs,0,1,0,0,1,emergency_shelter,1,0,0,0,0,0,1,1,0,disability
2021,47.8,19.28,male,white,less_than_hs,0,1,0,0,1,respite,0,0,0,0,0,0,0,0,0,welfare
2021,64.3,4.46,male,white,less_than_hs,0,1,0,0,1,emergency_shelter,0,0,0,0,0,0,0,0,0,other
2021,79.3,30.0,male,white,less_than_hs,0,1,0,0,1,respite,0,0,0,0,0,0,0,1,0,disability
2021,28.3,2.05,male,white,less_than_hs,0,1,0,0,1,respite,0,0,0,0,0,0,0,1,0,welfare
2021,30.2,3.83,male,white,less_than_hs,0,1,0,0,1,emergency_shelter,0,0,0,1,0,0,0,0,0,disability
2021,38.7,5.03,male,white,less_than_hs,0,1,0,0,1,emergency_shelter,0,0,0,1,1,0,0,1,0,disability
2021,48.3,11.52,male,white,less_than_hs,0,1,0,0,1,emergency_shelter,0,0,0,1,0,0,0,0,0,employment
2021,36.9,2.4,male,white,less_than_hs,0,1,0,0,1,emergency_shelter,0,0,0,0,0,0,0,0,0,welfare
2021,58.5,1.06,male,white,less_than_hs,0,1,0,0,1,emergency_shelter,0,0,0,0,0,0,0,0,0,welfare
2021,42.1,30.0,male,white,less_than_hs,0,1,0,0,1,emergency_shelter,0,0,0,0,0,0,0,0,0,welfare
2021,36.0,30.0,male,white,less_than_hs,0,1,0,0,1,respite,0,0,0,0,0,0,0,1,0,disability
2021,31.4,3.42,male,white,less_than_hs,0,1,0,0,1,other,0,0,0,0,0,1,0,0,0,disability
2021,48.7,1.24,male,white,less_than_hs,0,1,0,0,0,emergency_shelter,0,0,1,0,0,0,0,1,0,disability
2021,30.7,0.65,male,white,less_than_hs,0,1,0,0,0,emergency_shelter,0,0,0,0,0,0,0,0,0,other
2021,61.1,8.0,male,white,less_than_hs,0,1,0,0,0,emergency_shelter,0,0,0,0,0,0,0,0,0,disability
2021,52.5,2.66,male,white,less_than_hs,0,1,0,0,0,emergency_shelter,0,0,0,1,0,0,0,0,0,disability
2021,28.9,8.0,male,white,less_than_hs,0,1,0,0,0,emergency_shelter,0,0,0,0,1,0,0,1,0,disability
2021,52.7,2.15,male,white,less_than_hs,0,1,0,0,0,emergency_shelter,0,0,0,1,0,0,0,0,0,welfare
2021,53.9,3.67,male,white,less_than_hs,0,0,1,0,1,emergency_shelter,0,0,0,1,0,1,0,0,1,employment
2021,54.2,16.7,male,white,less_than_hs,0,0,1,0,1,emergency_shelter,0,0,0,1,0,0,0,0,0,disability
2021,43.5,26.49,male,white,less_than_hs,0,0,1,0,1,emergency_shelter,0,0,0,0,0,0,0,0,1,other
2021,41.6,1.23,male,white,less_than_hs,0,0,1,0,1,emergency_shelter,0,0,0,0,0,0,0,0,0,welfare
2021,71.6,8.72,male,white,less_than_hs,0,0,1,0,1,emergency_shelter,0,0,0,1,0,1,0,0,0,welfare
2021,15.3,9.57,male,white,less_than_hs,0,0,1,0,1,respite,1,0,0,0,0,0,0,0,0,welfare
2021,51.1,13.94,male,white,less_than_hs,0,0,1,0,1,emergency_shelter,0,0,0,1,0,0,0,1,0,disability
2021,46.2,11.81,male,white,less_than_hs,0,0,1,0,1,emergency_shelter,0,0,0,0,0,1,0,0,0,welfare
2021,40.1,28.47,male,white,less_than_hs,0,0,1,0,1,emergency_shelter,0,0,0,0,0,0,0,0,0,other
2021,50.0,1.5,male,white,less_than_hs,0,0,1,0,1,respite,0,0,0,1,0,0,0,1,0,disability
2021,32.3,4.49,male,white,less_than_hs,0,0,1,0,1,emergency_shelter,0,0,0,1,0,0,0,0,1,other
2021,27.8,16.85,male,white,less_than_hs,0,0,1,0,1,emergency_shelter,0,0,0,0,0,0,0,0,0,informal
2021,60.6,23.4,male,white,less_than_hs,0,0,1,0,1,emergency_shelter,0,0,0,0,0,0,0,0,0,other
2021,36.6,3.05,male,white,less_than_hs,0,0,1,0,1,respite,0,0,1,0,0,0,0,0,0,welfare
2021,44.3,8.18,male,white,less_than_hs,0,0,1,0,1,emergency_shelter,0,0,0,0,0,0,0,1,0,disability
2021,15.0,2.28,male,white,less_than_hs,0,0,1,0,1,emergency_shelter,1,0,1,1,1,0,0,1,0,employment
2021,21.7,24.01,male,white,less_than_hs,0,0,1,0,1,emergency_shelter,1,0,0,0,0,1,0,1,1,welfare
2021,46.5,0.19,male,white,less_than_hs,0,0,1,0,0,emergency_shelter,0,0,0,1,0,0,1,0,0,disability
2021,53.7,11.36,male,white,less_than_hs,0,0,0,1,1,outdoor,0,0,0,1,0,1,0,0,0,employment
2021,41.4,1.42,male,white,less_than_hs,0,0,0,1,1,outdoor,0,0,0,0,0,0,0,0,0,welfare
2021,58.2,5.34,male,white,less_than_hs,0,0,0,1,1,outdoor,0,0,0,1,0,0,0,0,0,welfare
2021,45.4,1.43,male,white,less_than_hs,0,0,0,1,1,outdoor,0,0,0,0,0,0,0,0,0,disability
2021,40.7,5.9,male,white,less_than_hs,0,0,0,1,1,outdoor,0,0,0,0,0,0,0,0,0,welfare
2021,40.2,2.62,male,white,less_than_hs,0,0,0,1,1,outdoor,0,0,0,0,0,0,0,0,0,welfare
2021,39.1,1.01,male,white,less_than_hs,0,0,0,1,1,outdoor,0,0,0,0,0,0,0,1,0,welfare
2021,61.2,19.54,male,white,less_than_hs,0,0,0,1,1,outdoor,0,0,0,0,0,0,0,0,0,disability
2021,61.0,30.0,male,white,less_than_hs,0,0,0,1,1,outdoor,0,0,0,1,0,0,0,0,0,welfare
2021,49.9,30.0,male,white,less_than_hs,0,0,0,1,1,outdoor,0,0,0,0,0,0,0,0,0,other
2021,58.2,7.26,male,white,less_than_hs,0,0,0,0,1,other,0,0,0,1,0,0,0,0,0,disability
2021,38.5,1.86,male,white,less_than_hs,0,0,0,0,1,emergency_shelter,0,0,0,0,0,0,0,0,0,welfare
2021,60.4,2.28,male,white,less_than_hs,0,0,0,0,1,respite,0,0,0,0,0,0,0,0,0,disability
2021,54.6,21.62,male,white,less_than_hs,0,0,0,0,1,emergency_shelter,0,0,0,0,0,0,0,0,0,welfare
2021,52.1,5.57,male,white,less_than_hs,0,0,0,0,1,emergency_shelter,0,0,1,0,1,0,0,0,0,other
2021,38.1,4.06,male,white,less_than_hs,0,0,0,0,1,emergency_shelter,0,0,0,0,0,0,0,0,0,employment
2021,33.3,5.15,male,white,less_than_hs,0,0,0,0,1,emergency_shelter,0,0,0,0,0,0,0,1,0,welfare
2021,60.1,2.23,male,white,less_than_hs,0,0,0,0,1,respite,0,0,0,1,1,0,1,1,0,disability
2021,29.5,2.81,male,white,less_than_hs,0,0,0,0,1,emergency_shelter,0,0,0,0,0,0,0,0,1,employment
2021,40.5,6.59,male,white,less_than_hs,0,0,0,0,1,emergency_shelter,0,0,0,1,0,0,0,0,0,disability
2021,49.4,4.11,male,white,less_than_hs,0,0,0,0,1,other,0,0,0,1,0,0,0,0,0,welfare
2021,79.8,5.84,male,white,less_than_hs,0,0,0,0,1,emergency_shelter,0,0,0,0,0,0,0,0,0,welfare
2021,56.0,2.03,male,white,less_than_hs,0,0,0,0,1,emergency_shelter,0,0,0,0,1,0,0,1,0,disability
2021,36.7,2.08,male,white,less_than_hs,0,0,0,0,1,emergency_shelter,0,0,0,0,0,0,0,0,0,other
2021,45.8,4.43,male,white,less_than_hs,0,0,0,0,1,emergency_shelter,0,0,0,1,0,0,0,1,1,disability
2021,42.7,4.36,male,white,less_than_hs,0,0,0,0,1,emergency_shelter,0,0,0,1,1,0,0,1,0,informal
2021,50.6,29.69,male,white,less_than_hs,0,0,0,0,1,emergency_shelter,0,0,0,0,1,1,0,1,0,disability
2021,60.0,1.21,male,white,less_than_hs,0,0,0,0,1,emergency_shelter,0,0,0,0,0,0,0,0,0,other
2021,37.3,30.0,male,white,less_than_hs,0,0,0,0,1,emergency_shelter,0,0,0,0,0,0,0,0,1,welfare
2021,48.7,30.0,male,white,less_than_hs,0,0,0,0,1,emergency_shelter,0,0,0,1,0,0,0,0,0,informal
2021,59.7,7.15,male,white,less_than_hs,0,0,0,0,1,emergency_shelter,0,0,0,0,0,0,0,0,1,welfare
2021,29.2,12.97,male,white,less_than_hs,0,0,0,0,1,emergency_shelter,0,0,0,0,0,0,0,1,1,welfare
2021,44.1,30.0,male,white,less_than_hs,0,0,0,0,1,emergency_shelter,0,0,0,0,1,1,1,1,0,employment
2021,40.8,2.91,male,white,less_than_hs,0,0,0,0,1,emergency_shelter,0,0,0,0,0,0,0,0,0,welfare
2021,45.7,3.59,male,white,less_than_hs,0,0,0,0,1,other,0,0,1,1,0,0,0,1,0,other
2021,15.0,1.73,male,white,less_than_hs,0,0,0,0,1,respite,1,0,0,1,0,0,0,0,0,welfare
2021,36.1,7.65,male,white,less_than_hs,0,0,0,0,1,emergency_shelter,0,0,0,1,0,0,0,1,0,welfare
2021,16.5,2.1,male,white,less_than_hs,0,0,0,0,1,emergency_shelter,1,0,0,0,0,0,0,0,0,disability
2021,42.1,4.16,male,white,less_than_hs,0,0,0,0,0,emergency_shelter,0,0,0,1,0,0,0,1,0,other
2021,43.2,3.73,male,white,less_than_hs,0,0,0,0,0,emergency_shelter,0,0,0,0,0,1,0,0,1,disability
2021,60.4,3.29,male,white,less_than_hs,0,0,0,0,0,emergency_shelter,0,0,0,0,0,0,0,0,0,disability
2021,55.1,0.73,male,white,less_than_hs,0,0,0,0,0,emergency_shelter,0,0,1,1,1,0,0,1,0,disability
2021,40.6,1.26,male,white,less_than_hs,0,0,0,0,0,emergency_shelter,0,0,0,0,0,0,0,0,0,welfare
2021,43.0,8.0,male,white,less_than_hs,0,0,0,0,0,emergency_shelter,0,0,0,1,0,0,0,1,0,welfare
2021,57.2,2.04,male,white,less_than_hs,0,0,0,0,0,other,0,0,0,0,0,0,0,0,0,disability
2021,50.4,0.22,male,white,less_than_hs,0,0,0,0,0,emergency_shelter,0,0,0,0,0,0,0,0,0,welfare
2021,66.1,8.0,male,white,less_than_hs,0,0,0,0,0,respite,0,0,0,0,0,0,0,0,0,disability
2021,52.5,0.68,male,white,less_than_hs,0,0,0,0,0,emergency_shelter,0,0,0,0,1,1,0,1,0,welfare
2021,46.6,1.86,male,white,less_than_hs,0,0,0,0,0,emergency_shelter,0,0,0,0,0,0,0,1,0,informal
2021,36.1,1.17,male,white,less_than_hs,0,0,0,0,0,emergency_shelter,0,0,0,0,0,0,0,0,0,disability
2021,21.0,8.0,male,white,less_than_hs,0,0,0,0,0,emergency_shelter,1,0,0,0,0,0,0,0,1,disability
2021,60.8,2.96,male,white,hs_graduate,1,1,1,0,1,respite,0,0,1,0,1,0,0,0,0,disability
2021,57.2,3.98,male,white,hs_graduate,1,1,1,0,1,emergency_shelter,0,0,0,1,0,0,1,1,1,welfare
2021,53.9,5.72,male,white,hs_graduate,1,1,1,0,1,emergency_shelter,0,0,1,1,0,0,0,0,0,disability
2021,52.6,5.26,male,white,hs_graduate,1,1,1,0,1,emergency_shelter,0,0,0,1,0,0,0,0,0,welfare
2021,63.8,1.18,male,white,hs_graduate,1,1,1,0,1,other,0,0,0,1,0,0,0,1,0,informal
2021,77.3,16.26,male,white,hs_graduate,1,1,1,0,1,emergency_shelter,0,0,0,0,1,1,0,1,0,disability
2021,53.8,23.38,male,white,hs_graduate,1,1,1,0,1,emergency_shelter,0,0,0,0,0,0,0,0,0,disability
2021,47.7,6.91,male,white,hs_graduate,1,1,1,0,1,emergency_shelter,0,0,0,1,0,0,0,1,0,welfare
2021,60.2,2.21,male,white,hs_graduate,1,1,1,0,1,emergency_shelter,0,0,0,1,0,0,0,0,0,welfare
2021,42.8,2.88,male,white,hs_graduate,1,1,1,0,1,other,0,0,0,0,0,1,1,0,1,other
2021,29.1,1.85,male,white,hs_graduate,1,1,1,0,1,emergency_shelter,0,0,0,0,1,0,0,0,0,employment
2021,55.1,2.19,male,white,hs_graduate,1,1,1,0,1,emergency_shelter,0,0,1,0,0,0,0,0,0,other
2021,33.3,2.15,male,white,hs_graduate,1,1,0,0,1,emergency_shelter,0,0,0,0,0,0,0,0,0,disability
2021,44.8,30.0,male,white,hs_graduate,1,1,0,0,1,emergency_shelter,0,0,0,0,0,0,0,0,0,disability
2021,36.6,12.48,male,white,hs_graduate,1,1,0,0,1,respite,0,0,0,0,0,0,0,0,0,informal
2021,49.0,4.3,male,white,hs_graduate,1,1,0,0,1,emergency_shelter,0,0,0,1,0,0,0,1,0,welfare
2021,50.5,3.62,male,white,hs_graduate,1,1,0,0,1,emergency_shelter,0,0,0,1,0,0,0,1,1,disability
2021,54.6,2.79,male,white,hs_graduate,1,1,0,0,1,emergency_shelter,0,0,0,1,0,0,0,0,0,disability
2021,18.5,17.2,male,white,hs_graduate,1,1,0,0,1,emergency_shelter,1,0,0,0,0,0,0,0,0,disability
2021,70.7,3.94,male,white,hs_graduate,1,0,1,0,1,emergency_shelter,0,0,0,0,0,0,0,1,0,employment
2021,66.8,17.58,male,white,hs_graduate,1,0,1,0,1,emergency_shelter,0,0,0,0,0,0,0,0,1,welfare
2021,41.2,2.6,male,white,hs_graduate,1,0,1,0,1,emergency_shelter,0,0,1,0,1,1,0,0,1,welfare
2021,39.1,11.47,male,white,hs_graduate,1,0,0,0,1,emergency_shelter,0,0,0,1,0,0,0,1,0,other
2021,52.4,3.94,male,white,hs_graduate,1,0,0,0,1,other,0,0,0,0,0,0,0,1,0,welfare
2021,64.1,11.71,male,white,hs_graduate,1,0,0,0,1,emergency_shelter,0,0,0,0,0,0,0,0,0,disability
2021,37.5,4.51,male,white,hs_graduate,1,0,0,0,1,emergency_shelter,0,0,0,1,0,0,0,1,0,other
2021,31.1,5.73,male,white,hs_graduate,1,0,0,0,1,emergency_shelter,0,0,0,0,0,0,0,0,0,welfare
2021,41.8,1.91,male,white,hs_graduate,1,0,0,0,1,emergency_shelter,0,0,0,1,0,0,0,0,0,employment
2021,64.7,10.17,male,white,hs_graduate,1,0,0,0,1,emergency_shelter,0,0,0,0,1,1,1,0,0,disability
2021,47.9,2.66,male,white,hs_graduate,1,0,0,0,1,emergency_shelter,0,0,0,0,0,0,0,0,0,disability
2021,45.0,21.2,male,white,hs_graduate,1,0,0,0,1,emergency_shelter,0,0,0,0,0,1,0,0,1,other
2021,62.2,7.4,male,white,hs_graduate,1,0,0,0,1,emergency_shelter,0,0,0,0,0,1,0,1,0,welfare
2021,53.3,7.56,male,white,hs_graduate,1,0,0,0,1,emergency_shelter,0,0,1,0,0,0,1,0,0,welfare
2021,78.5,30.0,male,white,hs_graduate,1,0,0,0,1,respite,0,0,1,1,0,1,0,0,0,other
2021,30.7,2.17,male,white,hs_graduate,1,0,0,0,1,emergency_shelter,0,0,0,1,0,0,0,1,0,other
2021,45.9,6.89,male,white,hs_graduate,1,0,0,0,1,respite,0,0,0,1,0,0,0,0,0,disability
2021,26.6,18.27,male,white,hs_graduate,0,1,1,1,1,outdoor,0,0,0,0,0,0,0,1,0,other
2021,45.6,19.38,male,white,hs_graduate,0,1,1,1,1,outdoor,0,0,0,0,0,0,0,1,0,disability
2021,63.5,5.87,male,white,hs_graduate,0,1,1,1,1,outdoor,0,0,0,1,0,0,0,0,0,other
2021,45.1,25.08,male,white,hs_graduate,0,1,1,1,1,outdoor,0,0,1,1,0,1,0,0,0,other
2021,55.9,5.72,male,white,hs_graduate,0,1,1,1,1,outdoor,0,0,0,1,0,0,0,0,0,welfare
2021,45.5,11.04,male,white,hs_graduate,0,1,1,1,1,outdoor,0,0,0,0,0,0,0,0,0,welfare
2021,46.8,1.21,male,white,hs_graduate,0,1,1,1,1,outdoor,0,0,0,0,0,0,0,1,0,welfare
2021,85.0,1.94,male,white,hs_graduate,0,1,1,1,1,outdoor,0,0,0,0,0,0,0,0,0,employment
2021,36.3,6.08,male,white,hs_graduate,0,1,1,0,1,emergency_shelter,0,0,0,1,0,0,0,1,0,disability
2021,39.7,5.17,male,white,hs_graduate,0,1,1,0,1,emergency_shelter,0,0,0,0,0,0,0,0,0,disability
2021,57.8,6.82,male,white,hs_graduate,0,1,1,0,1,other,0,0,0,0,0,0,0,0,0,other
2021,63.2,4.39,male,white,hs_graduate,0,1,1,0,1,emergency_shelter,0,0,0,1,1,1,0,1,0,welfare
2021,28.5,6.59,male,white,hs_graduate,0,1,1,0,1,emergency_shelter,0,0,0,1,0,0,0,0,0,welfare
2021,35.2,1.92,male,white,hs_graduate,0,1,1,0,1,emergency_shelter,0,0,0,0,1,0,0,0,0,employment
2021,48.4,30.0,male,white,hs_graduate,0,1,1,0,1,emergency_shelter,0,0,0,0,0,0,0,0,0,informal
2021,54.3,1.21,male,white,hs_graduate,0,1,1,0,1,emergency_shelter,0,0,0,0,0,0,0,0,0,employment
2021,64.9,5.98,male,white,hs_graduate,0,1,1,0,1,emergency_shelter,0,0,0,1,0,0,0,1,0,disability
2021,47.6,2.53,male,white,hs_graduate,0,1,1,0,1,respite,0,0,1,0,0,0,0,1,0,employment
2021,62.2,1.37,male,white,hs_graduate,0,1,1,0,1,emergency_shelter,0,0,0,1,0,0,0,0,0,other
2021,20.7,10.18,male,white,hs_graduate,0,1,1,0,1,emergency_shelter,1,0,0,0,1,0,0,1,0,other
2021,29.2,30.0,male,white,hs_graduate,0,1,1,0,1,respite,0,0,0,0,0,1,0,1,1,other
2021,45.9,14.65,male,white,hs_graduate,0,1,1,0,1,respite,0,0,0,0,0,0,0,0,0,welfare
2021,60.6,2.94,male,white,hs_graduate,0,1,1,0,1,emergency_shelter,0,0,0,1,0,0,1,0,1,other
2021,41.5,6.16,male,white,hs_graduate,0,1,1,0,1,emergency_shelter,0,0,0,0,0,0,0,0,0,welfare
2021,41.9,1.31,male,white,hs_graduate,0,1,1,0,1,emergency_shelter,0,0,0,1,1,1,0,1,1,disability
2021,51.3,6.92,male,white,hs_graduate,0,1,1,0,1,emergency_shelter,0,0,0,0,0,0,0,0,1,welfare
2021,42.8,1.65,male,white,hs_graduate,0,1,1,0,1,emergency_shelter,0,0,0,0,1,1,1,0,0,other
2021,65.6,17.85,male,white,hs_graduate,0,1,1,0,1,emergency_shelter,0,0,0,0,0,0,0,0,0,informal
2021,47.4,1.36,male,white,hs_graduate,0,1,1,0,1,emergency_shelter,0,0,0,1,1,0,0,1,0,welfare
2021,80.4,1.06,male,white,hs_graduate,0,1,1,0,1,emergency_shelter,0,0,0,0,0,0,0,0,0,disability
2021,48.1,25.63,male,white,hs_graduate,0,1,1,0,1,emergency_shelter,0,0,0,1,0,0,0,1,0,welfare
2021,40.7,30.0,male,white,hs_graduate,0,1,1,0,1,emergency_shelter,0,0,0,1,0,0,0,1,0,other
2021,47.2,1.56,male,white,hs_graduate,0,1,1,0,1,emergency_shelter,0,0,0,1,0,1,1,1,1,disability
2021,61.3,3.19,male,white,hs_graduate,0,1,1,0,1,emergency_shelter,0,0,0,0,0,0,0,0,0,informal
2021,40.7,1.46,male,white,hs_graduate,0,1,1,0,0,emergency_shelter,0,0,0,0,0,0,0,0,0,disability
2021,73.0,8.0,male,white,hs_graduate,0,1,1,0,0,emergency_shelter,0,0,0,0,0,1,0,0,0,other
2021,38.3,0.62,male,white,hs_graduate,0,1,1,0,0,emergency_shelter,0,0,0,0,0,0,0,0,0,welfare
2021,30.9,6.5,male,white,hs_graduate,0,1,1,0,0,respite,0,0,0,0,0,0,0,0,0,disability
2021,32.2,0.67,male,white,hs_graduate,0,1,1,0,0,respite,0,0,0,0,1,0,0,0,0,disability
2021,49.3,2.37,male,white,hs_graduate,0,1,1,0,0,emergency_shelter,0,0,0,1,0,0,0,1,0,other
2021,40.2,2.49,male,white,hs_graduate,0,1,1,0,0,emergency_shelter,0,0,0,1,0,0,0,0,0,welfare
2021,24.0,2.3,male,white,hs_graduate,0,1,1,0,0,emergency_shelter,1,0,1,1,0,0,0,0,0,welfare
2021,50.3,1.22,male,white,hs_graduate,0,1,1,0,0,emergency_shelter,0,0,0,0,0,0,0,0,0,disability
2021,28.6,1.05,male,white,hs_graduate,0,1,1,0,0,emergency_shelter,0,0,0,1,1,0,1,0,1,disability
2021,56.4,18.64,male,white,hs_graduate,0,1,0,1,1,outdoor,0,0,0,0,0,0,0,0,0,welfare
2021,50.3,28.49,male,white,hs_graduate,0,1,0,1,1,outdoor,0,0,0,1,0,0,1,1,0,welfare
2021,20.9,13.17,male,white,hs_graduate,0,1,0,1,1,outdoor,1,0,0,0,0,0,0,1,0,other
2021,54.2,2.53,male,white,hs_graduate,0,1,0,0,1,emergency_shelter,0,0,0,0,0,0,0,0,1,welfare
2021,45.7,2.11,male,white,hs_graduate,0,1,0,0,1,emergency_shelter,0,0,0,1,0,0,0,0,0,employment
2021,33.4,1.64,male,white,hs_graduate,0,1,0,0,1,emergency_shelter,0,0,1,1,0,0,0,1,0,welfare
2021,83.6,8.04,male,white,hs_graduate,0,1,0,0,1,emergency_shelter,0,0,0,0,0,0,0,0,0,welfare
2021,41.9,30.0,male,white,hs_graduate,0,1,0,0,1,respite,0,0,0,0,0,0,0,1,0,disability
2021,50.6,1.82,male,white,hs_graduate,0,1,0,0,1,emergency_shelter,0,0,0,0,0,1,0,0,0,other
2021,52.2,6.33,male,white,hs_graduate,0,1,0,0,1,emergency_shelter,0,0,0,0,0,0,0,1,0,welfare
2021,38.5,11.53,male,white,hs_graduate,0,1,0,0,1,emergency_shelter,0,0,0,1,0,0,0,1,0,disability
2021,40.0,6.21,male,white,hs_graduate,0,1,0,0,1,emergency_shelter,0,0,0,1,0,1,0,0,0,other
2021,66.8,30.0,male,white,hs_graduate,0,1,0,0,1,emergency_shelter,0,0,0,1,0,0,0,0,0,other
2021,35.7,2.16,male,white,hs_graduate,0,1,0,0,1,emergency_shelter,0,0,0,1,0,0,0,0,0,other
2021,51.8,1.15,male,white,hs_graduate,0,1,0,0,1,respite,0,0,0,1,0,0,0,0,1,other
2021,58.5,4.42,male,white,hs_graduate,0,1,0,0,1,emergency_shelter,0,0,0,0,0,0,0,0,0,disability
2021,43.0,7.45,male,white,hs_graduate,0,1,0,0,1,emergency_shelter,0,0,0,0,0,0,0,0,0,other
2021,44.7,2.95,male,white,hs_graduate,0,1,0,0,1,emergency_shelter,0,0,0,0,0,0,0,0,0,welfare
2021,59.4,2.18,male,white,hs_graduate,0,1,0,0,1,emergency_shelter,0,0,0,0,0,0,0,1,0,welfare
2021,44.1,18.75,male,white,hs_graduate,0,1,0,0,1,emergency_shelter,0,0,0,0,1,0,0,0,0,other
2021,16.9,2.35,male,white,hs_graduate,0,1,0,0,1,emergency_shelter,1,0,0,0,0,0,0,1,0,welfare
2021,67.1,5.29,male,white,hs_graduate,0,1,0,0,1,emergency_shelter,0,0,0,1,0,0,0,0,0,other
2021,32.3,30.0,male,white,hs_graduate,0,1,0,0,1,respite,0,0,0,0,0,1,1,0,0,welfare
2021,49.0,8.94,male,white,hs_graduate,0,1,0,0,1,respite,0,0,0,1,1,1,0,0,1,welfare
2021,24.6,0.64,male,white,hs_graduate,0,1,0,0,0,emergency_shelter,1,0,0,1,0,0,0,0,0,welfare
2021,57.6,0.33,male,white,hs_graduate,0,1,0,0,0,respite,0,0,0,0,0,0,0,1,0,welfare
2021,34.8,6.18,male,white,hs_graduate,0,1,0,0,0,emergency_shelter,0,0,0,1,0,0,0,0,0,welfare
2021,46.6,3.07,male,white,hs_graduate,0,1,0,0,0,emergency_shelter,0,0,0,1,0,0,0,1,0,other
2021,55.0,0.47,male,white,hs_graduate,0,1,0,0,0,emergency_shelter,0,0,0,0,0,0,0,1,0,disability
2021,69.9,1.94,male,white,hs_graduate,0,1,0,0,0,emergency_shelter,0,0,0,1,0,0,0,1,0,other
2021,54.7,5.02,male,white,hs_graduate,0,0,1,0,1,other,0,0,0,0,0,1,0,0,0,welfare
2021,63.7,1.64,male,white,hs_graduate,0,0,1,0,1,emergency_shelter,0,0,0,0,0,0,0,0,0,other
2021,45.6,30.0,male,white,hs_graduate,0,0,1,0,1,emergency_shelter,0,0,0,0,0,0,0,0,0,employment
2021,44.3,4.4,male,white,hs_graduate,0,0,1,0,1,emergency_shelter,0,0,0,0,1,0,0,0,1,informal
2021,44.6,6.18,male,white,hs_graduate,0,0,1,0,1,respite,0,0,0,1,0,0,0,0,0,welfare
2021,27.9,3.32,male,white,hs_graduate,0,0,1,0,1,emergency_shelter,0,0,0,1,0,0,1,1,0,other
2021,42.5,2.05,male,white,hs_graduate,0,0,1,0,1,emergency_shelter,0,0,0,0,1,1,0,1,1,employment
2021,53.6,30.0,male,white,hs_graduate,0,0,1,0,1,other,0,0,0,1,0,0,0,1,0,other
2021,24.4,1.23,male,white,hs_graduate,0,0,1,0,1,emergency_shelter,1,0,0,1,0,0,0,0,0,other
2021,60.3,4.65,male,white,hs_graduate,0,0,1,0,1,emergency_shelter,0,0,1,0,0,0,0,0,0,welfare
2021,42.2,13.58,male,white,hs_graduate,0,0,1,0,1,emergency_shelter,0,0,0,0,0,0,0,1,0,welfare
2021,49.4,3.51,male,white,hs_graduate,0,0,1,0,1,emergency_shelter,0,0,0,0,0,0,0,1,1,welfare
2021,15.0,5.34,male,white,hs_graduate,0,0,1,0,1,emergency_shelter,1,0,0,0,0,0,0,1,0,disability
2021,49.1,7.66,male,white,hs_graduate,0,0,1,0,1,emergency_shelter,0,0,0,1,0,0,0,0,0,welfare
2021,31.4,30.0,male,white,hs_graduate,0,0,1,0,1,emergency_shelter,0,0,0,0,1,0,0,0,0,other
2021,41.1,15.19,male,white,hs_graduate,0,0,1,0,1,emergency_shelter,0,0,0,0,0,0,0,1,0,employment
2021,21.1,3.21,male,white,hs_graduate,0,0,1,0,0,respite,1,0,0,0,0,0,0,1,1,welfare
2021,53.8,2.6,male,white,hs_graduate,0,0,0,1,1,outdoor,0,0,0,0,0,0,0,0,0,welfare
2021,39.1,15.45,male,white,hs_graduate,0,0,0,1,1,outdoor,0,0,0,1,0,0,0,0,1,disability
2021,59.2,21.91,male,white,hs_graduate,0,0,0,1,1,outdoor,0,0,0,1,1,0,0,0,0,welfare
2021,63.3,21.58,male,white,hs_graduate,0,0,0,1,1,outdoor,0,0,0,1,0,0,0,1,0,other
2021,23.2,17.06,male,white,hs_graduate,0,0,0,1,1,outdoor,1,0,0,0,0,0,0,0,0,welfare
2021,27.9,3.46,male,white,hs_graduate,0,0,0,1,1,outdoor,0,0,0,1,0,0,0,1,0,welfare
2021,56.7,6.72,male,white,hs_graduate,0,0,0,1,1,outdoor,0,0,1,0,1,1,0,0,0,welfare
2021,43.6,3.41,male,white,hs_graduate,0,0,0,1,1,outdoor,0,0,0,1,0,1,0,0,0,disability
2021,60.4,3.91,male,white,hs_graduate,0,0,0,1,1,outdoor,0,0,1,1,0,0,0,0,0,disability
2021,49.4,3.43,male,white,hs_graduate,0,0,0,1,1,outdoor,0,0,1,1,1,0,0,0,0,disability
2021,59.8,30.0,male,white,hs_graduate,0,0,0,0,1,emergency_shelter,0,0,0,1,0,0,1,0,0,disability
2021,30.6,3.22,male,white,hs_graduate,0,0,0,0,1,respite,0,0,0,1,1,0,0,0,1,informal
2021,30.0,30.0,male,white,hs_graduate,0,0,0,0,1,emergency_shelter,0,0,0,0,0,0,0,1,0,welfare
2021,54.1,20.17,male,white,hs_graduate,0,0,0,0,1,emergency_shelter,0,0,0,1,1,0,1,0,0,disability
2021,30.4,3.08,male,white,hs_graduate,0,0,0,0,1,other,0,0,0,1,1,0,1,0,0,welfare
2021,60.3,17.56,male,white,hs_graduate,0,0,0,0,1,emergency_shelter,0,0,0,0,0,0,0,0,0,welfare
2021,55.0,1.31,male,white,hs_graduate,0,0,0,0,1,emergency_shelter,0,0,0,0,0,0,0,0,0,disability
2021,35.1,7.28,male,white,hs_graduate,0,0,0,0,1,respite,0,0,0,1,0,0,0,1,0,employment
2021,59.7,4.09,male,white,hs_graduate,0,0,0,0,1,emergency_shelter,0,0,0,1,0,0,0,0,0,disability
2021,18.9,5.04,male,white,hs_graduate,0,0,0,0,1,emergency_shelter,1,0,0,0,0,0,0,1,0,welfare
2021,52.6,5.79,male,white,hs_graduate,0,0,0,0,1,emergency_shelter,0,0,0,0,0,0,0,1,1,disability
2021,28.6,6.34,male,white,hs_graduate,0,0,0,0,1,emergency_shelter,0,0,1,1,0,0,0,0,0,informal
2021,38.7,10.35,male,white,hs_graduate,0,0,0,0,1,respite,0,0,0,0,0,0,0,0,0,disability
2021,39.6,11.94,male,white,hs_graduate,0,0,0,0,1,emergency_shelter,0,0,0,0,0,0,1,1,0,disability
2021,63.9,30.0,male,white,hs_graduate,0,0,0,0,1,emergency_shelter,0,0,1,0,1,1,0,1,1,other
2021,39.0,15.49,male,white,hs_graduate,0,0,0,0,1,emergency_shelter,0,0,0,1,0,1,0,0,1,employment
2021,44.9,11.56,male,white,hs_graduate,0,0,0,0,1,emergency_shelter,0,0,0,0,0,0,0,1,0,welfare
2021,39.9,4.55,male,white,hs_graduate,0,0,0,0,1,other,0,0,0,1,1,0,0,0,0,disability
2021,32.2,1.78,male,white,hs_graduate,0,0,0,0,1,other,0,0,0,1,0,0,0,0,0,welfare
2021,31.6,1.37,male,white,hs_graduate,0,0,0,0,1,emergency_shelter,0,0,0,0,1,1,0,1,0,disability
2021,50.3,5.88,male,white,hs_graduate,0,0,0,0,1,emergency_shelter,0,0,0,0,0,0,0,0,0,other
2021,45.6,10.78,male,white,hs_graduate,0,0,0,0,1,emergency_shelter,0,0,0,0,0,0,0,0,1,welfare
2021,56.7,10.13,male,white,hs_graduate,0,0,0,0,1,emergency_shelter,0,0,1,0,0,0,0,0,0,welfare
2021,42.6,30.0,male,white,hs_graduate,0,0,0,0,1,emergency_shelter,0,0,0,0,0,0,1,1,1,informal
2021,43.1,4.41,male,white,hs_graduate,0,0,0,0,1,emergency_shelter,0,0,0,1,0,0,0,0,0,disability
2021,56.7,9.39,male,white,hs_graduate,0,0,0,0,1,emergency_shelter,0,0,0,1,0,0,0,0,0,welfare
2021,40.8,30.0,male,white,hs_graduate,0,0,0,0,1,emergency_shelter,0,0,0,0,0,0,0,0,0,disability
2021,25.8,4.71,male,white,hs_graduate,0,0,0,0,1,emergency_shelter,0,0,0,1,0,0,0,1,1,disability
2021,71.4,3.34,male,white,hs_graduate,0,0,0,0,0,respite,0,0,0,0,0,0,0,1,0,employment
2021,44.8,8.0,male,white,hs_graduate,0,0,0,0,0,other,0,0,0,0,0,0,0,0,0,informal
2021,32.0,4.63,male,white,hs_graduate,0,0,0,0,0,emergency_shelter,0,0,0,0,0,0,0,0,0,welfare
2021,37.5,2.17,male,white,hs_graduate,0,0,0,0,0,emergency_shelter,0,0,0,0,0,0,0,0,0,welfare
2021,48.7,1.65,male,white,hs_graduate,0,0,0,0,0,emergency_shelter,0,0,0,1,0,0,0,1,0,other
2021,47.7,0.76,male,white,hs_graduate,0,0,0,0,0,emergency_shelter,0,0,0,0,0,0,0,0,0,welfare
2021,34.9,5.08,male,white,hs_graduate,0,0,0,0,0,emergency_shelter,0,0,0,1,0,1,0,0,0,welfare
2021,20.2,0.43,male,white,hs_graduate,0,0,0,0,0,emergency_shelter,1,0,0,0,0,0,0,1,0,other
2021,42.3,0.23,male,white,hs_graduate,0,0,0,0,0,respite,0,0,0,1,1,0,0,0,0,disability
2021,41.9,0.4,male,white,hs_graduate,0,0,0,0,0,emergency_shelter,0,0,0,0,0,0,0,1,0,disability
2021,34.0,1.0,male,white,hs_graduate,0,0,0,0,0,emergency_shelter,0,0,0,0,0,0,0,1,0,welfare
2021,60.9,3.55,male,white,hs_graduate,0,0,0,0,0,emergency_shelter,0,0,0,0,0,0,0,0,0,welfare
2021,56.2,6.58,male,white,some_post_sec,1,1,1,0,1,other,0,0,0,1,0,1,0,0,0,disability
2021,45.4,9.7,male,white,some_post_sec,1,1,1,0,1,emergency_shelter,0,0,0,1,0,0,0,1,0,employment
2021,41.5,14.33,male,white,some_post_sec,1,1,1,0,1,emergency_shelter,0,0,0,0,0,0,0,0,0,disability
2021,70.6,1.54,male,white,some_post_sec,1,1,1,0,1,emergency_shelter,0,0,0,0,0,0,0,1,0,other
2021,36.7,1.06,male,white,some_post_sec,1,1,1,0,1,emergency_shelter,0,0,1,1,0,1,0,0,0,other
2021,42.2,12.36,male,white,some_post_sec,1,1,1,0,1,other,0,0,0,1,1,0,0,1,1,disability
2021,40.3,5.48,male,white,some_post_sec,1,1,1,0,1,other,0,0,0,1,0,0,0,0,0,welfare
2021,51.6,2.28,male,white,some_post_sec,1,1,1,0,1,emergency_shelter,0,0,0,0,0,0,0,0,1,welfare
2021,63.2,7.12,male,white,some_post_sec,1,1,0,0,1,emergency_shelter,0,0,0,1,0,0,0,0,0,disability
2021,60.2,3.23,male,white,some_post_sec,1,1,0,0,1,emergency_shelter,0,0,0,1,0,0,0,0,1,other
2021,36.1,5.36,male,white,some_post_sec,1,1,0,0,1,emergency_shelter,0,0,0,1,0,0,0,0,0,welfare
2021,72.8,1.55,male,white,some_post_sec,1,0,0,0,1,emergency_shelter,0,0,0,0,0,0,0,0,0,disability
2021,63.4,8.11,male,white,some_post_sec,1,0,0,0,1,other,0,0,0,0,0,0,0,0,0,welfare
2021,15.6,12.4,male,white,some_post_sec,1,0,0,0,1,emergency_shelter,1,0,0,0,0,0,0,1,1,other
2021,44.8,8.08,male,white,some_post_sec,1,0,0,0,1,respite,0,0,0,0,0,0,0,1,0,disability
2021,29.0,3.24,male,white,some_post_sec,1,0,0,0,1,emergency_shelter,0,0,0,0,0,1,0,1,0,disability
2021,41.4,3.02,male,white,some_post_sec,1,0,0,0,1,respite,0,0,0,0,0,0,0,1,0,disability
2021,67.7,2.11,male,white,some_post_sec,1,0,0,0,1,emergency_shelter,0,0,0,0,0,1,0,0,0,disability
2021,71.1,1.29,male,white,some_post_sec,1,0,0,0,1,respite,0,0,0,0,0,0,0,0,0,disability
2021,53.2,5.04,male,white,some_post_sec,1,0,0,0,1,other,0,0,0,1,0,0,0,0,0,informal
2021,23.7,2.11,male,white,some_post_sec,1,0,0,0,1,respite,1,0,0,0,0,0,0,1,0,welfare
2021,29.1,2.63,male,white,some_post_sec,0,1,1,1,1,outdoor,0,0,0,0,0,0,0,0,0,welfare
2021,45.2,30.0,male,white,some_post_sec,0,1,1,1,1,outdoor,0,0,0,1,0,0,0,1,0,disability
2021,46.6,2.71,male,white,some_post_sec,0,1,1,1,1,outdoor,0,0,0,0,0,0,0,0,0,disability
2021,39.9,2.17,male,white,some_post_sec,0,1,1,0,1,emergency_shelter,0,0,0,0,0,0,0,0,0,other
2021,43.9,2.08,male,white,some_post_sec,0,1,1,0,1,emergency_shelter,0,0,0,0,0,0,0,0,0,disability
2021,59.9,8.97,male,white,some_post_sec,0,1,1,0,1,other,0,0,0,1,0,0,0,1,1,other
2021,74.1,1.29,male,white,some_post_sec,0,1,1,0,1,emergency_shelter,0,0,0,1,1,0,0,0,0,welfare
2021,80.5,8.42,male,white,some_post_sec,0,1,1,0,1,emergency_shelter,0,0,0,1,0,0,0,0,0,welfare
2021,47.9,16.3,male,white,some_post_sec,0,1,1,0,1,respite,0,0,0,0,1,0,0,0,1,disability
2021,31.6,8.61,male,white,some_post_sec,0,1,1,0,1,emergency_shelter,0,0,0,1,0,0,0,0,0,welfare
2021,42.6,20.94,male,white,some_post_sec,0,1,1,0,1,emergency_shelter,0,0,0,0,0,0,0,0,0,other
2021,48.0,3.05,male,white,some_post_sec,0,1,1,0,1,emergency_shelter,0,0,0,1,0,0,0,1,0,disability
2021,61.2,1.5,male,white,some_post_sec,0,1,1,0,1,emergency_shelter,0,0,0,0,0,0,0,0,0,disability
2021,36.0,13.08,male,white,some_post_sec,0,1,1,0,1,respite,0,0,0,0,0,1,0,1,0,welfare
2021,44.3,21.11,male,white,some_post_sec,0,1,1,0,1,emergency_shelter,0,0,0,0,0,0,0,0,0,welfare
2021,31.8,6.32,male,white,some_post_sec,0,1,1,0,1,emergency_shelter,0,0,0,0,0,0,0,1,0,welfare
2021,69.3,20.3,male,white,some_post_sec,0,1,1,0,1,emergency_shelter,0,0,0,0,0,0,0,0,0,welfare
2021,53.6,5.54,male,white,some_post_sec,0,1,1,0,1,emergency_shelter,0,0,0,1,0,0,0,0,0,welfare
2021,41.0,2.43,male,white,some_post_sec,0,1,1,0,1,emergency_shelter,0,0,0,0,0,0,0,1,0,employment
2021,46.9,5.82,male,white,some_post_sec,0,1,1,0,1,respite,0,0,0,1,1,0,1,0,0,disability
2021,27.1,2.58,male,white,some_post_sec,0,1,1,0,1,other,0,0,0,1,0,0,0,1,1,welfare
2021,52.4,5.78,male,white,some_post_sec,0,1,1,0,1,emergency_shelter,0,0,0,1,0,0,0,0,0,welfare
2021,51.4,2.01,male,white,some_post_sec,0,1,1,0,1,other,0,0,1,0,1,0,0,0,0,informal
2021,21.2,2.32,male,white,some_post_sec,0,1,1,0,1,emergency_shelter,1,0,0,0,1,0,0,0,0,other
2021,35.8,29.6,male,white,some_post_sec,0,1,1,0,1,emergency_shelter,0,0,1,0,0,0,0,1,0,disability
2021,26.8,3.62,male,white,some_post_sec,0,1,1,0,0,other,0,0,0,0,0,0,0,0,1,informal
2021,55.2,4.6,male,white,some_post_sec,0,1,1,0,0,emergency_shelter,0,0,0,0,0,1,0,0,0,other
2021,41.2,1.1,male,white,some_post_sec,0,1,1,0,0,emergency_shelter,0,0,0,1,1,0,0,1,0,welfare
2021,15.0,4.86,male,white,some_post_sec,0,1,1,0,0,emergency_shelter,1,0,0,1,1,0,0,0,1,disability
2021,48.2,3.34,male,white,some_post_sec,0,1,1,0,0,other,0,0,1,0,0,0,0,0,0,other
2021,47.1,0.91,male,white,some_post_sec,0,1,1,0,0,emergency_shelter,0,0,0,1,0,0,0,1,0,informal
2021,40.0,11.31,male,white,some_post_sec,0,1,0,0,1,emergency_shelter,0,0,0,1,0,0,0,1,0,welfare
2021,46.6,10.77,male,white,some_post_sec,0,1,0,0,1,respite,0,0,0,0,0,0,0,0,0,welfare
2021,37.1,6.76,male,white,some_post_sec,0,1,0,0,1,emergency_shelter,0,0,0,0,0,0,0,0,0,welfare
2021,33.8,13.92,male,white,some_post_sec,0,1,0,0,1,emergency_shelter,0,0,1,0,0,0,0,0,0,disability
2021,64.5,6.12,male,white,some_post_sec,0,1,0,0,1,emergency_shelter,0,0,0,0,0,0,0,0,0,other
2021,44.4,30.0,male,white,some_post_sec,0,1,0,0,1,emergency_shelter,0,0,0,1,0,0,0,1,0,other
2021,80.5,1.31,male,white,some_post_sec,0,1,0,0,1,emergency_shelter,0,0,0,0,0,0,0,1,0,employment
2021,27.2,5.3,male,white,some_post_sec,0,1,0,0,1,emergency_shelter,0,0,0,1,0,0,0,0,0,welfare
2021,47.4,4.61,male,white,some_post_sec,0,1,0,0,1,respite,0,0,0,0,0,1,0,0,0,welfare
2021,48.2,16.0,male,white,some_post_sec,0,1,0,0,1,emergency_shelter,0,0,0,0,1,0,1,1,1,disability
2021,63.5,2.36,male,white,some_post_sec,0,1,0,0,1,emergency_shelter,0,0,0,1,0,0,0,0,0,other
2021,33.7,5.15,male,white,some_post_sec,0,1,0,0,1,emergency_shelter,0,0,0,1,1,1,0,1,0,disability
2021,37.7,11.99,male,white,some_post_sec,0,1,0,0,1,other,0,0,0,1,0,0,0,1,0,disability
2021,26.2,8.67,male,white,some_post_sec,0,1,0,0,1,emergency_shelter,0,0,0,0,0,0,0,0,0,other
2021,66.5,7.22,male,white,some_post_sec,0,1,0,0,1,emergency_shelter,0,0,0,1,0,0,0,0,0,disability
2021,21.9,5.17,male,white,some_post_sec,0,1,0,0,1,emergency_shelter,1,0,0,0,0,1,0,1,1,welfare
2021,47.7,14.8,male,white,some_post_sec,0,1,0,0,1,emergency_shelter,0,0,0,0,0,0,0,0,0,other
2021,78.0,8.0,male,white,some_post_sec,0,1,0,0,0,emergency_shelter,0,0,0,1,0,0,0,0,0,welfare
2021,85.0,3.48,male,white,some_post_sec,0,0,1,0,1,emergency_shelter,0,0,1,0,0,1,0,0,1,disability
2021,62.0,30.0,male,white,some_post_sec,0,0,1,0,1,emergency_shelter,0,0,0,0,1,0,0,0,0,disability
2021,61.3,1.74,male,white,some_post_sec,0,0,1,0,1,respite,0,0,0,0,0,0,0,0,1,other
2021,41.0,2.12,male,white,some_post_sec,0,0,1,0,1,emergency_shelter,0,0,0,0,1,1,0,1,0,welfare
2021,47.5,30.0,male,white,some_post_sec,0,0,1,0,1,emergency_shelter,0,0,0,0,0,0,0,0,0,welfare
2021,41.0,29.43,male,white,some_post_sec,0,0,1,0,1,emergency_shelter,0,0,0,0,0,0,1,0,0,disability
2021,27.7,12.41,male,white,some_post_sec,0,0,1,0,1,respite,0,0,0,0,0,0,0,0,0,other
2021,40.0,2.04,male,white,some_post_sec,0,0,1,0,1,emergency_shelter,0,0,0,0,0,0,0,1,0,welfare
2021,61.9,2.81,male,white,some_post_sec,0,0,1,0,1,emergency_shelter,0,0,0,1,0,0,0,1,0,welfare
2021,51.3,2.27,male,white,some_post_sec,0,0,1,0,1,other,0,0,0,0,0,0,0,0,0,welfare
2021,29.7,9.49,male,white,some_post_sec,0,0,1,0,1,emergency_shelter,0,0,0,0,0,0,0,1,0,welfare
2021,44.5,4.64,male,white,some_post_sec,0,0,1,0,1,emergency_shelter,0,0,0,0,0,0,0,0,0,disability
2021,47.5,4.76,male,white,some_post_sec,0,0,0,1,1,outdoor,0,0,1,1,0,0,0,1,1,other
2021,45.5,1.4,male,white,some_post_sec,0,0,0,1,1,outdoor,0,0,0,1,0,0,0,0,0,disability
2021,48.2,2.36,male,white,some_post_sec,0,0,0,1,1,outdoor,0,0,0,0,0,0,0,0,0,disability
2021,25.4,29.12,male,white,some_post_sec,0,0,0,1,1,outdoor,0,0,0,0,0,0,0,1,0,disability
2021,37.0,20.06,male,white,some_post_sec,0,0,0,1,1,outdoor,0,0,0,0,0,0,0,0,0,disability
2021,66.1,4.73,male,white,some_post_sec,0,0,0,0,1,other,0,0,0,1,0,0,0,0,0,welfare
2021,33.2,10.57,male,white,some_post_sec,0,0,0,0,1,emergency_shelter,0,0,0,0,1,0,0,0,0,disability
2021,24.8,1.94,male,white,some_post_sec,0,0,0,0,1,emergency_shelter,1,0,0,1,1,1,0,0,0,disability
2021,18.5,1.78,male,white,some_post_sec,0,0,0,0,1,other,1,0,0,1,0,0,0,1,0,other
2021,35.4,2.88,male,white,some_post_sec,0,0,0,0,1,respite,0,0,0,0,0,0,0,0,0,other
2021,40.9,4.82,male,white,some_post_sec,0,0,0,0,1,emergency_shelter,0,0,0,0,0,0,0,1,0,employment
2021,55.7,2.93,male,white,some_post_sec,0,0,0,0,1,emergency_shelter,0,0,0,0,1,0,0,0,0,employment
2021,44.2,1.53,male,white,some_post_sec,0,0,0,0,1,emergency_shelter,0,0,0,0,0,0,0,0,0,disability
2021,60.9,3.7,male,white,some_post_sec,0,0,0,0,1,emergency_shelter,0,0,0,1,0,0,1,0,0,other
2021,54.5,12.34,male,white,some_post_sec,0,0,0,0,1,emergency_shelter,0,0,0,0,0,0,0,1,0,disability
2021,53.2,8.13,male,white,some_post_sec,0,0,0,0,1,other,0,0,0,0,1,1,1,1,0,welfare
2021,59.7,30.0,male,white,some_post_sec,0,0,0,0,1,emergency_shelter,0,0,0,0,0,0,0,1,0,disability
2021,26.6,5.18,male,white,some_post_sec,0,0,0,0,1,emergency_shelter,0,0,1,0,0,0,0,1,0,welfare
2021,38.5,3.79,male,white,some_post_sec,0,0,0,0,1,emergency_shelter,0,0,1,0,0,0,0,0,0,welfare
2021,79.6,11.81,male,white,some_post_sec,0,0,0,0,1,emergency_shelter,0,0,0,0,0,0,0,0,0,welfare
2021,19.3,4.82,male,white,some_post_sec,0,0,0,0,1,respite,1,0,0,0,0,1,1,1,0,disability
2021,41.8,9.1,male,white,some_post_sec,0,0,0,0,1,emergency_shelter,0,0,0,0,1,0,0,0,0,welfare
2021,52.7,30.0,male,white,some_post_sec,0,0,0,0,1,emergency_shelter,0,0,1,0,0,0,0,0,0,disability
2021,19.7,6.27,male,white,some_post_sec,0,0,0,0,1,emergency_shelter,1,0,0,1,0,0,0,1,0,disability
2021,35.5,6.25,male,white,some_post_sec,0,0,0,0,1,other,0,0,0,1,0,1,0,0,0,disability
2021,73.9,16.34,male,white,some_post_sec,0,0,0,0,1,emergency_shelter,0,0,0,0,0,0,0,1,0,welfare
2021,48.4,15.05,male,white,some_post_sec,0,0,0,0,1,respite,0,0,0,0,0,0,0,0,0,welfare
2021,38.0,6.6,male,white,some_post_sec,0,0,0,0,1,emergency_shelter,0,0,0,0,0,0,0,0,0,disability
2021,48.9,1.41,male,white,some_post_sec,0,0,0,0,1,emergency_shelter,0,0,0,0,0,0,0,1,0,welfare
2021,34.9,4.69,male,white,some_post_sec,0,0,0,0,0,emergency_shelter,0,0,0,0,0,0,0,0,0,welfare
2021,40.6,8.0,male,white,some_post_sec,0,0,0,0,0,emergency_shelter,0,0,0,0,0,0,0,1,0,welfare
2021,40.7,0.89,male,white,some_post_sec,0,0,0,0,0,emergency_shelter,0,0,0,0,0,0,0,0,0,other
2021,61.5,1.92,male,white,some_post_sec,0,0,0,0,0,emergency_shelter,0,0,0,0,0,0,0,0,0,disability
2021,41.7,1.26,male,white,some_post_sec,0,0,0,0,0,other,0,0,0,0,0,0,0,1,0,welfare
2021,38.1,1.07,male,white,some_post_sec,0,0,0,0,0,emergency_shelter,0,0,1,0,0,0,0,1,1,disability
2021,32.7,3.8,male,white,some_post_sec,0,0,0,0,0,emergency_shelter,0,0,0,0,0,0,0,1,0,welfare
2021,48.9,0.64,male,white,some_post_sec,0,0,0,0,0,respite,0,0,0,0,0,0,0,0,0,welfare
2021,38.8,2.68,male,white,post_sec_higher,1,1,1,0,1,emergency_shelter,0,0,0,1,1,0,0,0,0,welfare
2021,45.8,10.72,male,white,post_sec_higher,1,1,1,0,1,emergency_shelter,0,0,0,0,0,0,0,1,0,welfare
2021,29.0,6.73,male,white,post_sec_higher,1,1,1,0,1,emergency_shelter,0,0,0,0,0,0,0,0,0,disability
2021,32.5,8.55,male,white,post_sec_higher,1,1,1,0,1,emergency_shelter,0,0,0,1,0,0,0,0,0,welfare
2021,48.5,1.13,male,white,post_sec_higher,1,1,1,0,1,emergency_shelter,0,0,0,0,0,0,0,0,0,disability
2021,49.1,4.53,male,white,post_sec_higher,1,1,1,0,1,emergency_shelter,0,0,0,0,0,0,0,0,0,welfare
2021,45.8,3.53,male,white,post_sec_higher,1,1,1,0,1,emergency_shelter,0,0,0,0,0,0,0,0,0,other
2021,55.3,26.0,male,white,post_sec_higher,1,1,1,0,1,emergency_shelter,0,0,1,1,0,0,0,1,0,employment
2021,28.9,16.42,male,white,post_sec_higher,1,1,1,0,1,other,0,0,0,1,0,0,0,1,0,welfare
2021,50.3,5.09,male,white,post_sec_higher,1,1,1,0,1,emergency_shelter,0,0,1,1,0,0,0,1,0,disability
2021,49.5,9.48,male,white,post_sec_higher,1,1,1,0,1,emergency_shelter,0,0,0,1,0,0,0,1,0,disability
2021,32.6,1.3,male,white,post_sec_higher,1,1,1,0,1,emergency_shelter,0,0,0,0,0,0,0,0,0,welfare
2021,37.5,1.02,male,white,post_sec_higher,1,1,0,0,1,emergency_shelter,0,0,0,0,0,0,0,0,0,disability
2021,15.1,1.42,male,white,post_sec_higher,1,1,0,0,1,emergency_shelter,1,0,0,1,0,0,0,0,0,other
2021,42.7,30.0,male,white,post_sec_higher,1,1,0,0,1,emergency_shelter,0,0,0,0,0,0,0,0,0,welfare
2021,50.9,9.5,male,white,post_sec_higher,1,1,0,0,1,emergency_shelter,0,0,0,0,1,0,0,0,0,other
2021,32.4,30.0,male,white,post_sec_higher,1,1,0,0,1,emergency_shelter,0,0,0,0,0,0,0,1,1,other
2021,49.3,5.1,male,white,post_sec_higher,1,1,0,0,1,respite,0,0,0,0,0,0,0,0,0,welfare
2021,47.9,4.89,male,white,post_sec_higher,1,1,0,0,1,emergency_shelter,0,0,0,0,0,0,0,0,0,welfare
2021,47.2,19.15,male,white,post_sec_higher,1,0,1,0,1,respite,0,0,0,1,1,1,0,1,1,welfare
2021,30.8,2.93,male,white,post_sec_higher,1,0,1,0,1,emergency_shelter,0,0,0,1,0,1,0,0,0,disability
2021,57.9,6.44,male,white,post_sec_higher,1,0,0,0,1,emergency_shelter,0,0,0,0,1,0,0,0,0,informal
2021,40.6,21.8,male,white,post_sec_higher,1,0,0,0,1,other,0,0,0,1,0,0,0,1,0,disability
2021,66.1,8.84,male,white,post_sec_higher,1,0,0,0,1,emergency_shelter,0,0,0,1,0,0,0,0,0,welfare
2021,67.2,30.0,male,white,post_sec_higher,1,0,0,0,1,emergency_shelter,0,0,0,1,0,0,0,1,0,welfare
2021,21.0,9.4,male,white,post_sec_higher,1,0,0,0,1,respite,1,0,0,1,0,0,0,1,0,welfare
2021,46.4,1.16,male,white,post_sec_higher,1,0,0,0,1,emergency_shelter,0,0,0,1,0,0,0,1,0,welfare
2021,38.3,4.4,male,white,post_sec_higher,1,0,0,0,1,emergency_shelter,0,0,0,0,0,0,0,0,0,disability
2021,42.4,12.04,male,white,post_sec_higher,1,0,0,0,1,respite,0,0,1,1,0,0,1,1,0,welfare
2021,34.6,5.83,male,white,post_sec_higher,1,0,0,0,1,emergency_shelter,0,0,0,1,1,0,1,1,0,other
2021,32.8,4.93,male,white,post_sec_higher,1,0,0,0,1,emergency_shelter,0,0,0,1,0,0,0,1,0,welfare
2021,58.6,10.91,male,white,post_sec_higher,1,0,0,0,1,emergency_shelter,0,0,0,0,0,0,1,1,0,disability
2021,29.6,3.26,male,white,post_sec_higher,1,0,0,0,1,emergency_shelter,0,0,0,0,0,0,0,0,0,welfare
2021,47.3,30.0,male,white,post_sec_higher,1,0,0,0,1,emergency_shelter,0,0,0,0,1,0,0,0,0,employment
2021,27.1,4.84,male,white,post_sec_higher,1,0,0,0,1,emergency_shelter,0,0,0,0,0,0,1,1,0,welfare
2021,35.9,6.77,male,white,post_sec_higher,0,1,1,1,1,outdoor,0,0,0,0,1,0,0,0,1,disability
2021,42.1,10.59,male,white,post_sec_higher,0,1,1,1,1,outdoor,0,0,0,1,0,0,0,0,0,welfare
2021,29.9,9.45,male,white,post_sec_higher,0,1,1,1,1,outdoor,0,0,0,1,0,0,0,0,0,informal
2021,37.7,12.83,male,white,post_sec_higher,0,1,1,1,1,outdoor,0,0,1,1,1,0,0,1,0,welfare
2021,61.9,15.96,male,white,post_sec_higher,0,1,1,1,1,outdoor,0,0,1,1,0,0,0,1,0,other
2021,55.1,1.64,male,white,post_sec_higher,0,1,1,1,1,outdoor,0,0,0,1,0,1,0,1,1,disability
2021,40.1,2.18,male,white,post_sec_higher,0,1,1,1,1,outdoor,0,0,0,0,1,0,0,1,0,other
2021,57.2,1.51,male,white,post_sec_higher,0,1,1,0,1,emergency_shelter,0,0,0,0,0,0,0,0,0,welfare
2021,43.6,16.04,male,white,post_sec_higher,0,1,1,0,1,emergency_shelter,0,0,0,0,0,0,0,1,0,welfare
2021,70.2,4.95,male,white,post_sec_higher,0,1,1,0,1,emergency_shelter,0,0,0,0,1,0,0,0,0,welfare
2021,26.6,19.62,male,white,post_sec_higher,0,1,1,0,1,emergency_shelter,0,0,0,0,1,0,0,1,0,welfare
2021,15.0,22.01,male,white,post_sec_higher,0,1,1,0,1,emergency_shelter,1,0,0,0,0,1,1,1,0,employment
2021,63.5,2.56,male,white,post_sec_higher,0,1,1,0,1,emergency_shelter,0,0,0,0,0,0,0,1,0,other
2021,21.5,4.96,male,white,post_sec_higher,0,1,1,0,1,emergency_shelter,1,0,0,1,0,1,0,1,0,disability
2021,61.4,13.08,male,white,post_sec_higher,0,1,1,0,1,emergency_shelter,0,0,0,0,0,0,1,0,0,disability
2021,26.1,6.28,male,white,post_sec_higher,0,1,1,0,1,respite,0,0,0,0,0,0,0,0,0,disability
2021,55.0,24.62,male,white,post_sec_higher,0,1,1,0,1,emergency_shelter,0,0,0,1,0,0,0,0,0,welfare
2021,35.6,7.84,male,white,post_sec_higher,0,1,1,0,1,emergency_shelter,0,0,0,1,0,0,0,0,0,other
2021,51.5,9.45,male,white,post_sec_higher,0,1,1,0,1,emergency_shelter,0,0,0,0,0,0,0,0,0,disability
2021,65.8,17.24,male,white,post_sec_higher,0,1,1,0,1,emergency_shelter,0,0,0,0,0,0,0,1,0,disability
2021,34.3,1.82,male,white,post_sec_higher,0,1,1,0,1,respite,0,0,0,0,0,0,0,0,0,disability
2021,69.2,8.16,male,white,post_sec_higher,0,1,1,0,1,emergency_shelter,0,0,0,1,1,0,0,1,1,other
2021,46.2,1.55,male,white,post_sec_higher,0,1,1,0,1,emergency_shelter,0,0,1,1,0,0,0,1,0,disability
2021,47.6,3.01,male,white,post_sec_higher,0,1,1,0,1,emergency_shelter,0,0,0,0,0,0,0,1,0,disability
2021,62.6,2.55,male,white,post_sec_higher,0,1,1,0,1,emergency_shelter,0,0,0,0,0,0,0,1,0,disability
2021,64.4,7.73,male,white,post_sec_higher,0,1,1,0,1,emergency_shelter,0,0,0,1,1,0,0,1,0,other
2021,45.1,23.04,male,white,post_sec_higher,0,1,1,0,1,emergency_shelter,0,0,0,0,0,0,0,0,0,disability
2021,24.5,1.9,male,white,post_sec_higher,0,1,1,0,1,emergency_shelter,1,0,0,1,0,0,1,0,0,other
2021,46.7,15.86,male,white,post_sec_higher,0,1,1,0,1,emergency_shelter,0,0,1,1,0,0,0,0,0,welfare
2021,24.9,1.98,male,white,post_sec_higher,0,1,1,0,1,emergency_shelter,1,0,0,1,0,0,0,0,0,welfare
2021,44.8,2.35,male,white,post_sec_higher,0,1,1,0,1,emergency_shelter,0,0,1,1,1,1,1,0,1,welfare
2021,41.1,30.0,male,white,post_sec_higher,0,1,1,0,1,emergency_shelter,0,0,0,0,0,1,0,0,0,welfare
2021,25.8,1.06,male,white,post_sec_higher,0,1,1,0,1,emergency_shelter,0,0,0,1,0,0,0,0,0,employment
2021,30.6,0.55,male,white,post_sec_higher,0,1,1,0,0,respite,0,0,0,1,0,0,0,1,0,informal
2021,41.7,8.0,male,white,post_sec_higher,0,1,1,0,0,emergency_shelter,0,0,0,0,1,0,0,0,0,welfare
2021,39.4,2.98,male,white,post_sec_higher,0,1,1,0,0,emergency_shelter,0,0,0,1,0,0,0,0,0,other
2021,49.3,0.05,male,white,post_sec_higher,0,1,1,0,0,emergency_shelter,0,0,0,1,0,0,1,1,1,welfare
2021,34.0,1.34,male,white,post_sec_higher,0,1,1,0,0,emergency_shelter,0,0,0,1,1,0,0,0,0,informal
2021,51.8,0.63,male,white,post_sec_higher,0,1,1,0,0,emergency_shelter,0,0,0,0,0,0,0,0,0,welfare
2021,37.8,1.08,male,white,post_sec_higher,0,1,1,0,0,respite,0,0,0,1,0,0,0,1,0,welfare
2021,22.8,0.21,male,white,post_sec_higher,0,1,1,0,0,emergency_shelter,1,0,1,0,0,0,0,0,0,informal
2021,65.2,1.01,male,white,post_sec_higher,0,1,1,0,0,emergency_shelter,0,0,0,1,0,0,1,0,0,disability
2021,21.4,4.14,male,white,post_sec_higher,0,1,1,0,0,other,1,0,0,0,0,0,0,0,1,disability
2021,57.6,3.26,male,white,post_sec_higher,0,1,0,1,1,outdoor,0,0,0,0,0,1,0,0,0,welfare
2021,34.8,30.0,male,white,post_sec_higher,0,1,0,1,1,outdoor,0,0,0,0,1,0,0,1,0,welfare
2021,54.9,2.63,male,white,post_sec_higher,0,1,0,1,1,outdoor,0,0,0,0,0,0,0,1,0,welfare
2021,18.0,1.88,male,white,post_sec_higher,0,1,0,0,1,emergency_shelter,1,0,0,1,0,0,0,1,0,welfare
2021,34.6,30.0,male,white,post_sec_higher,0,1,0,0,1,emergency_shelter,0,0,0,0,0,0,0,0,0,disability
2021,23.6,2.06,male,white,post_sec_higher,0,1,0,0,1,emergency_shelter,1,0,0,1,0,0,0,0,0,employment
2021,45.2,5.92,male,white,post_sec_higher,0,1,0,0,1,emergency_shelter,0,0,0,0,0,0,0,0,0,welfare
2021,29.9,2.73,male,white,post_sec_higher,0,1,0,0,1,emergency_shelter,0,0,0,1,0,1,0,1,0,disability
2021,56.2,3.12,male,white,post_sec_higher,0,1,0,0,1,emergency_shelter,0,0,0,1,0,0,0,0,0,welfare
2021,22.7,9.52,male,white,post_sec_higher,0,1,0,0,1,emergency_shelter,1,0,1,1,0,0,0,0,0,disability
2021,62.7,1.21,male,white,post_sec_higher,0,1,0,0,1,emergency_shelter,0,0,0,1,1,0,0,0,1,disability
2021,57.7,30.0,male,white,post_sec_higher,0,1,0,0,1,emergency_shelter,0,0,0,1,0,0,0,0,0,employment
2021,31.1,3.2,male,white,post_sec_higher,0,1,0,0,1,respite,0,0,0,0,0,0,0,0,0,disability
2021,44.7,3.13,male,white,post_sec_higher,0,1,0,0,1,emergency_shelter,0,0,0,0,0,0,0,0,0,informal
2021,34.0,25.96,male,white,post_sec_higher,0,1,0,0,1,emergency_shelter,0,0,0,0,0,0,1,1,0,welfare
2021,54.1,15.62,male,white,post_sec_higher,0,1,0,0,1,emergency_shelter,0,0,0,0,1,1,1,1,0,disability
2021,71.2,10.91,male,white,post_sec_higher,0,1,0,0,1,emergency_shelter,0,0,0,0,0,1,0,1,0,informal
2021,62.5,2.0,male,white,post_sec_higher,0,1,0,0,1,emergency_shelter,0,0,1,1,0,0,0,0,0,disability
2021,36.4,15.95,male,white,post_sec_higher,0,1,0,0,1,emergency_shelter,0,0,0,0,1,0,0,0,0,welfare
2021,47.6,4.13,male,white,post_sec_higher,0,1,0,0,1,emergency_shelter,0,0,0,1,1,0,0,1,0,welfare
2021,67.3,30.0,male,white,post_sec_higher,0,1,0,0,1,emergency_shelter,0,0,0,1,0,1,0,0,0,other
2021,53.3,10.89,male,white,post_sec_higher,0,1,0,0,1,emergency_shelter,0,0,0,1,0,0,0,0,1,disability
2021,60.1,22.03,male,white,post_sec_higher,0,1,0,0,1,other,0,0,0,0,0,0,0,1,0,disability
2021,55.1,13.75,male,white,post_sec_higher,0,1,0,0,1,other,0,0,0,1,0,1,0,1,0,disability
2021,44.1,0.72,male,white,post_sec_higher,0,1,0,0,0,emergency_shelter,0,0,0,1,0,0,0,0,0,welfare
2021,31.6,3.09,male,white,post_sec_higher,0,1,0,0,0,emergency_shelter,0,0,0,0,0,0,0,0,0,disability
2021,47.0,0.14,male,white,post_sec_higher,0,1,0,0,0,emergency_shelter,0,0,0,0,0,0,0,0,0,employment
2021,45.2,8.0,male,white,post_sec_higher,0,1,0,0,0,respite,0,0,0,1,0,0,0,1,0,welfare
2021,61.3,6.29,male,white,post_sec_higher,0,1,0,0,0,emergency_shelter,0,0,1,1,0,0,0,0,0,disability
2021,43.0,23.72,male,white,post_sec_higher,0,0,1,0,1,emergency_shelter,0,0,0,0,1,0,0,0,0,other
2021,52.5,5.52,male,white,post_sec_higher,0,0,1,0,1,other,0,0,0,0,0,0,0,0,0,welfare
2021,46.1,10.54,male,white,post_sec_higher,0,0,1,0,1,emergency_shelter,0,0,0,1,0,0,0,0,1,welfare
2021,44.0,3.48,male,white,post_sec_higher,0,0,1,0,1,emergency_shelter,0,0,0,0,0,0,0,0,0,employment
2021,36.8,1.38,male,white,post_sec_higher,0,0,1,0,1,emergency_shelter,0,0,0,0,0,0,0,0,0,disability
2021,57.8,2.15,male,white,post_sec_higher,0,0,1,0,1,emergency_shelter,0,0,0,0,1,0,0,0,1,welfare
2021,28.4,4.68,male,white,post_sec_higher,0,0,1,0,1,emergency_shelter,0,0,1,1,0,0,0,0,0,welfare
2021,42.7,4.04,male,white,post_sec_higher,0,0,1,0,1,other,0,0,0,0,0,0,0,0,0,disability
2021,62.0,30.0,male,white,post_sec_higher,0,0,1,0,1,emergency_shelter,0,0,0,0,0,0,0,0,0,other
2021,35.3,7.23,male,white,post_sec_higher,0,0,1,0,1,respite,0,0,0,0,0,0,0,0,0,informal
2021,24.2,9.37,male,white,post_sec_higher,0,0,1,0,1,emergency_shelter,1,0,0,0,0,0,0,1,0,welfare
2021,16.4,11.59,male,white,post_sec_higher,0,0,1,0,1,respite,1,0,0,1,1,0,0,1,0,employment
2021,55.3,6.92,male,white,post_sec_higher,0,0,1,0,1,emergency_shelter,0,0,0,0,1,0,0,1,0,welfare
2021,56.3,15.95,male,white,post_sec_higher,0,0,1,0,1,emergency_shelter,0,0,0,0,0,1,0,0,1,disability
2021,41.2,16.93,male,white,post_sec_higher,0,0,1,0,1,emergency_shelter,0,0,0,1,1,0,0,1,0,disability
2021,28.2,4.01,male,white,post_sec_higher,0,0,1,0,1,emergency_shelter,0,0,0,0,0,0,0,0,0,employment
2021,63.4,10.79,male,white,post_sec_higher,0,0,0,1,1,outdoor,0,0,0,0,0,0,1,1,0,disability
2021,29.1,30.0,male,white,post_sec_higher,0,0,0,1,1,outdoor,0,0,0,0,1,0,1,0,1,disability
2021,32.6,4.02,male,white,post_sec_higher,0,0,0,1,1,outdoor,0,0,0,0,1,1,0,1,0,disability
2021,48.4,11.58,male,white,post_sec_higher,0,0,0,1,1,outdoor,0,0,0,0,0,0,0,0,1,other
2021,15.0,2.17,male,white,post_sec_higher,0,0,0,1,1,outdoor,1,0,0,0,1,0,0,0,0,disability
2021,67.6,18.72,male,white,post_sec_higher,0,0,0,1,1,outdoor,0,0,0,0,0,0,0,1,1,disability
2021,46.2,17.17,male,white,post_sec_higher,0,0,0,1,1,outdoor,0,0,0,0,1,0,0,0,0,welfare
2021,67.6,13.32,male,white,post_sec_higher,0,0,0,1,1,outdoor,0,0,0,0,0,0,0,0,0,welfare
2021,71.3,1.79,male,white,post_sec_higher,0,0,0,1,1,outdoor,0,0,0,0,0,0,0,0,0,disability
2021,43.8,10.02,male,white,post_sec_higher,0,0,0,0,1,emergency_shelter,0,0,0,0,1,1,0,1,0,other
2021,61.7,15.21,male,white,post_sec_higher,0,0,0,0,1,emergency_shelter,0,0,0,1,1,0,0,0,0,disability
2021,19.7,1.48,male,white,post_sec_higher,0,0,0,0,1,emergency_shelter,1,0,0,0,0,0,0,0,0,other
2021,45.8,2.82,male,white,post_sec_higher,0,0,0,0,1,emergency_shelter,0,0,0,0,0,0,0,0,0,disability
2021,60.0,15.93,male,white,post_sec_higher,0,0,0,0,1,emergency_shelter,0,0,0,1,0,0,0,1,0,disability
2021,68.6,4.25,male,white,post_sec_higher,0,0,0,0,1,emergency_shelter,0,0,1,0,1,1,0,1,0,other
2021,67.7,30.0,male,white,post_sec_higher,0,0,0,0,1,emergency_shelter,0,0,0,0,0,0,0,0,0,welfare
2021,59.2,6.63,male,white,post_sec_higher,0,0,0,0,1,emergency_shelter,0,0,1,0,0,0,0,0,0,other
2021,72.1,1.01,male,white,post_sec_higher,0,0,0,0,1,other,0,0,1,1,0,0,0,0,0,welfare
2021,59.7,12.03,male,white,post_sec_higher,0,0,0,0,1,emergency_shelter,0,0,0,1,1,1,0,1,0,disability
2021,15.0,6.55,male,white,post_sec_higher,0,0,0,0,1,emergency_shelter,1,0,0,1,0,0,0,1,0,other
2021,39.7,3.61,male,white,post_sec_higher,0,0,0,0,1,emergency_shelter,0,0,0,0,0,0,0,1,0,disability
2021,66.0,1.12,male,white,post_sec_higher,0,0,0,0,1,emergency_shelter,0,0,0,0,0,0,0,1,0,welfare
2021,38.9,2.43,male,white,post_sec_higher,0,0,0,0,1,emergency_shelter,0,0,0,0,0,0,0,0,0,disability
2021,64.2,2.12,male,white,post_sec_higher,0,0,0,0,1,emergency_shelter,0,0,1,1,0,1,1,1,0,employment
2021,56.8,8.12,male,white,post_sec_higher,0,0,0,0,1,emergency_shelter,0,0,0,1,0,1,0,0,0,welfare
2021,72.4,15.94,male,white,post_sec_higher,0,0,0,0,1,emergency_shelter,0,0,1,1,0,0,0,1,0,welfare
2021,39.9,2.76,male,white,post_sec_higher,0,0,0,0,1,other,0,0,1,0,1,0,0,0,0,welfare
2021,20.3,11.98,male,white,post_sec_higher,0,0,0,0,1,emergency_shelter,1,0,0,1,0,0,0,0,1,disability
2021,43.0,30.0,male,white,post_sec_higher,0,0,0,0,1,respite,0,0,0,0,0,0,0,0,0,disability
2021,26.1,9.2,male,white,post_sec_higher,0,0,0,0,1,emergency_shelter,0,0,0,0,0,0,0,0,0,welfare
2021,39.5,16.38,male,white,post_sec_higher,0,0,0,0,1,emergency_shelter,0,0,0,0,0,0,0,1,0,other
2021,15.0,2.48,male,white,post_sec_higher,0,0,0,0,1,emergency_shelter,1,0,0,0,0,0,0,0,1,other
2021,46.2,1.48,male,white,post_sec_higher,0,0,0,0,1,other,0,0,0,0,0,0,0,0,1,disability
2021,52.1,4.19,male,white,post_sec_higher,0,0,0,0,1,other,0,0,0,0,0,0,0,0,0,disability
2021,52.9,12.5,male,white,post_sec_higher,0,0,0,0,1,respite,0,0,0,1,0,0,0,0,0,welfare
2021,59.9,11.49,male,white,post_sec_higher,0,0,0,0,1,emergency_shelter,0,0,0,0,0,0,0,1,0,welfare
2021,50.5,30.0,male,white,post_sec_higher,0,0,0,0,1,respite,0,0,0,0,1,0,1,1,0,welfare
2021,33.9,1.51,male,white,post_sec_higher,0,0,0,0,0,emergency_shelter,0,0,0,1,0,0,0,0,0,other
2021,30.2,1.74,male,white,post_sec_higher,0,0,0,0,0,emergency_shelter,0,0,1,0,1,0,0,0,0,disability
2021,47.6,0.29,male,white,post_sec_higher,0,0,0,0,0,emergency_shelter,0,0,0,0,0,0,0,0,0,disability
2021,55.3,3.2,male,white,post_sec_higher,0,0,0,0,0,emergency_shelter,0,0,0,0,0,0,0,0,0,other
2021,27.5,0.35,male,white,post_sec_higher,0,0,0,0,0,other,0,0,0,0,0,0,0,0,0,welfare
2021,49.0,8.0,male,white,post_sec_higher,0,0,0,0,0,emergency_shelter,0,0,0,0,0,0,0,1,0,welfare
2021,48.2,3.49,male,white,post_sec_higher,0,0,0,0,0,emergency_shelter,0,0,1,0,1,0,0,0,0,employment
2021,68.7,8.0,male,white,post_sec_higher,0,0,0,0,0,emergency_shelter,0,0,0,0,0,0,0,1,0,welfare
2021,75.5,1.01,male,white,post_sec_higher,0,0,0,0,0,emergency_shelter,0,0,0,0,0,1,0,0,0,welfare
2021,57.9,4.1,male,white,post_sec_higher,0,0,0,0,0,emergency_shelter,0,0,0,1,0,0,0,0,1,welfare
2021,52.9,8.0,male,white,post_sec_higher,0,0,0,0,0,emergency_shelter,0,0,0,0,0,0,0,0,1,welfare
2021,50.5,1.28,male,white,post_sec_higher,0,0,0,0,0,emergency_shelter,0,0,0,1,0,0,0,1,0,welfare
2021,35.8,1.15,male,indigenous,less_than_hs,1,1,1,0,1,other,0,1,0,1,1,0,0,1,0,other
2021,40.7,13.09,male,indigenous,less_than_hs,1,0,0,0,1,emergency_shelter,0,1,0,0,0,0,1,0,0,welfare
2021,46.5,12.15,male,indigenous,less_than_hs,1,0,0,0,1,emergency_shelter,0,1,0,0,0,0,0,0,0,disability
2021,40.1,30.0,male,indigenous,less_than_hs,1,0,0,0,1,emergency_shelter,0,1,0,1,1,0,0,0,0,disability
2021,48.8,10.75,male,indigenous,less_than_hs,0,1,1,0,1,other,0,1,0,1,0,1,0,0,0,other
2021,59.7,3.46,male,indigenous,less_than_hs,0,1,1,0,1,emergency_shelter,0,1,1,1,0,0,0,0,1,welfare
2021,37.4,3.99,male,indigenous,less_than_hs,0,1,1,0,1,emergency_shelter,0,1,0,0,0,0,0,0,0,disability
2021,33.0,2.22,male,indigenous,less_than_hs,0,1,1,0,1,emergency_shelter,0,1,0,1,1,0,0,1,0,disability
2021,38.1,5.64,male,indigenous,less_than_hs,0,1,1,0,1,emergency_shelter,0,1,1,0,1,1,0,0,0,disability
2021,54.4,1.73,male,indigenous,less_than_hs,0,1,1,0,1,respite,0,1,0,0,0,0,0,0,0,disability
2021,50.4,10.23,male,indigenous,less_than_hs,0,1,1,0,1,emergency_shelter,0,1,0,0,0,0,0,0,0,other
2021,35.3,2.18,male,indigenous,less_than_hs,0,1,1,0,1,emergency_shelter,0,1,0,0,0,0,0,1,0,employment
2021,61.1,26.02,male,indigenous,less_than_hs,0,1,1,0,1,emergency_shelter,0,1,0,0,0,0,1,0,1,disability
2021,30.5,12.1,male,indigenous,less_than_hs,0,1,1,0,1,emergency_shelter,0,1,0,0,0,1,0,0,0,welfare
2021,38.7,30.0,male,indigenous,less_than_hs,0,1,1,0,1,emergency_shelter,0,1,0,0,1,0,0,0,0,welfare
2021,48.9,1.56,male,indigenous,less_than_hs,0,1,1,0,1,emergency_shelter,0,1,0,0,0,0,0,0,0,other
2021,57.7,18.19,male,indigenous,less_than_hs,0,1,1,0,1,emergency_shelter,0,1,0,0,1,0,1,1,0,welfare
2021,62.2,29.16,male,indigenous,less_than_hs,0,1,1,0,1,emergency_shelter,0,1,0,1,0,1,0,1,0,disability
2021,50.3,1.28,male,indigenous,less_than_hs,0,1,1,0,1,respite,0,1,0,0,0,0,0,0,0,other
2021,37.7,2.99,male,indigenous,less_than_hs,0,1,0,0,1,emergency_shelter,0,1,0,0,0,0,0,1,0,welfare
2021,47.0,9.61,male,indigenous,less_than_hs,0,1,0,0,1,emergency_shelter,0,1,0,0,0,0,1,0,0,disability
2021,39.0,30.0,male,indigenous,less_than_hs,0,1,0,0,1,emergency_shelter,0,1,0,0,0,1,0,0,0,disability
2021,38.9,15.61,male,indigenous,less_than_hs,0,1,0,0,1,emergency_shelter,0,1,0,1,0,0,1,0,0,other
2021,22.9,2.5,male,indigenous,less_than_hs,0,1,0,0,1,respite,1,1,0,0,1,0,0,1,0,disability
2021,44.3,30.0,male,indigenous,less_than_hs,0,1,0,0,1,emergency_shelter,0,1,0,1,0,0,0,0,0,disability
2021,76.3,13.84,male,indigenous,less_than_hs,0,1,0,0,1,emergency_shelter,0,1,0,0,0,0,1,1,0,employment
2021,15.0,1.86,male,indigenous,less_than_hs,0,1,0,0,1,emergency_shelter,1,1,0,0,0,0,0,1,0,welfare
2021,15.0,12.68,male,indigenous,less_than_hs,0,1,0,0,1,emergency_shelter,1,1,0,0,0,0,0,1,0,welfare
2021,46.8,3.3,male,indigenous,less_than_hs,0,1,0,0,1,emergency_shelter,0,1,0,0,0,0,0,1,0,employment
2021,36.4,1.35,male,indigenous,less_than_hs,0,0,1,0,1,emergency_shelter,0,1,0,0,0,0,0,1,0,disability
2021,47.3,3.24,male,indigenous,less_than_hs,0,0,1,0,1,emergency_shelter,0,1,0,1,0,0,0,0,0,disability
2021,38.3,6.62,male,indigenous,less_than_hs,0,0,1,0,1,emergency_shelter,0,1,0,0,0,0,0,0,1,welfare
2021,41.5,27.82,male,indigenous,less_than_hs,0,0,1,0,1,respite,0,1,0,1,0,0,0,1,0,disability
2021,56.8,2.9,male,indigenous,less_than_hs,0,0,1,0,1,emergency_shelter,0,1,0,1,0,0,0,0,0,employment
2021,37.6,30.0,male,indigenous,less_than_hs,0,0,0,0,1,other,0,1,0,1,0,0,0,0,0,disability
2021,69.2,2.87,male,indigenous,less_than_hs,0,0,0,0,1,emergency_shelter,0,1,0,1,0,0,0,0,0,welfare
2021,48.8,17.89,male,indigenous,less_than_hs,0,0,0,0,1,emergency_shelter,0,1,1,1,0,0,0,0,0,welfare
2021,37.5,8.32,male,indigenous,less_than_hs,0,0,0,0,1,emergency_shelter,0,1,0,0,1,0,0,1,1,other
2021,42.8,30.0,male,indigenous,less_than_hs,0,0,0,0,1,emergency_shelter,0,1,0,0,0,0,0,1,0,disability
2021,48.9,1.91,male,indigenous,less_than_hs,0,0,0,0,1,respite,0,1,0,1,0,1,0,1,0,other
2021,48.8,13.01,male,indigenous,less_than_hs,0,0,0,0,1,respite,0,1,0,0,0,1,0,0,0,employment
2021,40.3,1.23,male,indigenous,less_than_hs,0,0,0,0,1,emergency_shelter,0,1,0,1,0,0,1,0,1,informal
2021,45.8,2.87,male,indigenous,less_than_hs,0,0,0,0,1,respite,0,1,0,0,0,1,0,0,0,other
2021,49.6,3.65,male,indigenous,less_than_hs,0,0,0,0,1,emergency_shelter,0,1,0,0,0,0,0,0,0,other
2021,34.6,5.13,male,indigenous,less_than_hs,0,0,0,0,1,emergency_shelter,0,1,0,0,0,0,0,1,0,employment
2021,40.8,30.0,male,indigenous,less_than_hs,0,0,0,0,1,emergency_shelter,0,1,0,0,0,0,0,1,0,disability
2021,64.7,1.43,male,indigenous,less_than_hs,0,0,0,0,1,emergency_shelter,0,1,0,0,0,0,0,0,0,welfare
2021,62.8,2.18,male,indigenous,less_than_hs,0,0,0,0,1,emergency_shelter,0,1,0,0,0,0,0,0,0,welfare
2021,34.9,2.47,male,indigenous,less_than_hs,0,0,0,0,1,emergency_shelter,0,1,0,0,0,1,0,0,1,welfare
2021,72.5,5.0,male,indigenous,less_than_hs,0,0,0,0,1,emergency_shelter,0,1,0,0,0,0,0,0,0,welfare
2021,34.9,1.38,male,indigenous,less_than_hs,0,0,0,0,1,emergency_shelter,0,1,0,1,0,0,0,0,0,disability
2021,42.0,1.3,male,indigenous,less_than_hs,0,0,0,0,0,respite,0,1,0,1,0,0,0,1,1,welfare
2021,54.0,30.0,male,indigenous,hs_graduate,1,1,1,0,1,emergency_shelter,0,1,0,0,0,1,0,0,0,disability
2021,55.9,3.65,male,indigenous,hs_graduate,1,0,0,0,1,emergency_shelter,0,1,0,0,1,0,0,1,0,welfare
2021,42.7,13.9,male,indigenous,hs_graduate,1,0,0,0,1,emergency_shelter,0,1,0,0,0,0,0,1,0,other
2021,50.3,2.1,male,indigenous,hs_graduate,1,0,0,0,1,emergency_shelter,0,1,0,0,0,0,1,0,0,welfare
2021,28.4,30.0,male,indigenous,hs_graduate,0,1,1,0,1,emergency_shelter,0,1,1,1,0,0,0,1,0,welfare
2021,39.8,1.9,male,indigenous,hs_graduate,0,1,1,0,1,emergency_shelter,0,1,0,1,0,0,0,0,0,disability
2021,38.8,19.46,male,indigenous,hs_graduate,0,1,1,0,1,emergency_shelter,0,1,0,0,1,1,1,0,0,disability
2021,53.3,3.15,male,indigenous,hs_graduate,0,1,1,0,1,emergency_shelter,0,1,0,0,0,1,0,0,0,employment
2021,66.7,25.48,male,indigenous,hs_graduate,0,1,1,0,1,emergency_shelter,0,1,0,0,0,0,0,0,0,other
2021,35.3,6.06,male,indigenous,hs_graduate,0,1,1,0,1,emergency_shelter,0,1,0,1,0,0,0,0,0,employment
2021,33.2,2.83,male,indigenous,hs_graduate,0,1,1,0,1,emergency_shelter,0,1,1,0,0,0,0,1,0,informal
2021,60.6,12.53,male,indigenous,hs_graduate,0,1,1,0,1,emergency_shelter,0,1,1,1,0,0,0,0,0,disability
2021,36.0,22.74,male,indigenous,hs_graduate,0,1,1,0,1,emergency_shelter,0,1,0,0,1,1,0,1,0,welfare
2021,78.5,5.74,male,indigenous,hs_graduate,0,1,1,0,1,emergency_shelter,0,1,0,0,0,0,0,0,0,welfare
2021,31.2,12.73,male,indigenous,hs_graduate,0,1,1,0,1,emergency_shelter,0,1,0,0,1,0,0,0,0,welfare
2021,56.2,2.29,male,indigenous,hs_graduate,0,1,1,0,1,emergency_shelter,0,1,0,0,0,0,0,0,0,welfare
2021,24.5,30.0,male,indigenous,hs_graduate,0,1,1,0,1,emergency_shelter,1,1,0,0,0,0,1,0,0,welfare
2021,31.8,1.63,male,indigenous,hs_graduate,0,1,1,0,1,respite,0,1,0,0,0,0,0,0,1,welfare
2021,32.3,2.09,male,indigenous,hs_graduate,0,1,0,0,1,emergency_shelter,0,1,0,1,0,0,0,0,0,other
2021,37.3,30.0,male,indigenous,hs_graduate,0,1,0,0,1,emergency_shelter,0,1,1,0,1,1,0,1,1,employment
2021,62.7,11.39,male,indigenous,hs_graduate,0,1,0,0,1,emergency_shelter,0,1,0,0,0,0,0,0,0,welfare
2021,66.5,16.7,male,indigenous,hs_graduate,0,1,0,0,1,respite,0,1,0,0,1,0,0,1,0,welfare
2021,38.9,30.0,male,indigenous,hs_graduate,0,1,0,0,1,emergency_shelter,0,1,0,1,0,0,0,0,0,disability
2021,35.2,6.36,male,indigenous,hs_graduate,0,1,0,0,1,emergency_shelter,0,1,0,0,1,0,1,0,0,welfare
2021,15.0,1.45,male,indigenous,hs_graduate,0,1,0,0,1,respite,1,1,0,0,0,0,0,0,0,employment
2021,23.6,17.5,male,indigenous,hs_graduate,0,1,0,0,1,emergency_shelter,1,1,0,1,0,0,0,1,0,disability
2021,35.0,27.21,male,indigenous,hs_graduate,0,1,0,0,1,emergency_shelter,0,1,0,0,0,0,0,0,1,welfare
2021,61.1,2.13,male,indigenous,hs_graduate,0,1,0,0,1,emergency_shelter,0,1,0,0,0,0,1,0,1,employment
2021,52.3,1.99,male,indigenous,hs_graduate,0,0,1,0,1,emergency_shelter,0,1,0,1,1,0,1,0,0,other
2021,64.7,3.46,male,indigenous,hs_graduate,0,0,1,0,1,emergency_shelter,0,1,0,1,0,0,0,1,1,welfare
2021,64.5,5.33,male,indigenous,hs_graduate,0,0,1,0,1,emergency_shelter,0,1,0,1,0,0,0,1,1,welfare
2021,28.3,3.01,male,indigenous,hs_graduate,0,0,1,0,1,emergency_shelter,0,1,0,0,0,0,0,0,0,other
2021,17.7,30.0,male,indigenous,hs_graduate,0,0,1,0,1,emergency_shelter,1,1,0,1,0,0,0,0,0,employment
2021,56.8,1.49,male,indigenous,hs_graduate,0,0,0,0,1,emergency_shelter,0,1,0,0,0,0,0,0,0,disability
2021,43.7,30.0,male,indigenous,hs_graduate,0,0,0,0,1,respite,0,1,0,1,0,0,0,1,0,other
2021,62.4,1.46,male,indigenous,hs_graduate,0,0,0,0,1,emergency_shelter,0,1,0,0,0,1,0,1,0,other
2021,34.8,8.33,male,indigenous,hs_graduate,0,0,0,0,1,emergency_shelter,0,1,0,0,1,1,0,0,0,disability
2021,24.7,6.16,male,indigenous,hs_graduate,0,0,0,0,1,emergency_shelter,1,1,0,1,0,0,0,1,0,other
2021,65.6,21.93,male,indigenous,hs_graduate,0,0,0,0,1,respite,0,1,1,0,0,0,0,0,0,welfare
2021,67.5,6.34,male,indigenous,hs_graduate,0,0,0,0,1,emergency_shelter,0,1,0,0,0,0,0,1,1,disability
2021,40.3,5.73,male,indigenous,hs_graduate,0,0,0,0,1,emergency_shelter,0,1,0,0,1,0,0,1,0,welfare
2021,38.5,29.13,male,indigenous,hs_graduate,0,0,0,0,1,emergency_shelter,0,1,0,0,0,0,0,0,0,other
2021,53.8,30.0,male,indigenous,hs_graduate,0,0,0,0,1,emergency_shelter,0,1,0,0,0,0,0,0,1,welfare
2021,30.7,7.31,male,indigenous,hs_graduate,0,0,0,0,1,emergency_shelter,0,1,0,0,1,1,0,1,0,welfare
2021,42.6,5.48,male,indigenous,hs_graduate,0,0,0,0,1,emergency_shelter,0,1,0,0,0,0,0,0,0,disability
2021,49.3,21.45,male,indigenous,hs_graduate,0,0,0,0,1,emergency_shelter,0,1,0,1,0,0,0,0,0,other
2021,36.3,21.45,male,indigenous,hs_graduate,0,0,0,0,1,emergency_shelter,0,1,0,0,0,0,1,0,0,disability
2021,61.4,3.63,male,indigenous,hs_graduate,0,0,0,0,1,emergency_shelter,0,1,0,0,0,0,0,0,1,disability
2021,49.6,7.95,male,indigenous,hs_graduate,0,0,0,0,1,respite,0,1,1,0,0,0,0,1,0,other
2021,44.1,2.06,male,indigenous,hs_graduate,0,0,0,0,1,respite,0,1,1,0,0,0,0,0,0,other
2021,56.8,0.58,male,indigenous,hs_graduate,0,0,0,0,0,emergency_shelter,0,1,1,0,1,0,0,0,1,welfare
2021,21.8,1.29,male,indigenous,some_post_sec,0,1,1,0,1,emergency_shelter,1,1,0,0,0,0,0,0,0,disability
2021,39.1,6.36,male,indigenous,some_post_sec,0,1,1,0,1,other,0,1,0,0,0,0,0,1,0,welfare
2021,48.7,6.82,male,indigenous,some_post_sec,0,1,1,0,1,emergency_shelter,0,1,0,1,1,1,1,0,1,other
2021,78.2,1.24,male,indigenous,some_post_sec,0,1,1,0,1,emergency_shelter,0,1,0,1,1,0,0,0,0,welfare
2021,42.8,16.88,male,indigenous,some_post_sec,0,1,1,0,1,emergency_shelter,0,1,0,0,0,0,0,0,0,disability
2021,48.1,3.19,male,indigenous,some_post_sec,0,1,1,0,1,emergency_shelter,0,1,0,0,0,0,0,1,0,other
2021,50.8,13.2,male,indigenous,some_post_sec,0,1,1,0,1,emergency_shelter,0,1,0,1,0,0,0,1,0,other
2021,48.9,4.69,male,indigenous,some_post_sec,0,1,1,0,1,emergency_shelter,0,1,0,0,0,1,0,0,0,welfare
2021,70.9,30.0,male,indigenous,some_post_sec,0,1,1,0,1,emergency_shelter,0,1,0,0,0,0,0,0,0,other
2021,64.6,2.55,male,indigenous,some_post_sec,0,1,1,0,1,respite,0,1,0,0,0,0,0,1,0,disability
2021,77.4,16.93,male,indigenous,some_post_sec,0,1,0,0,1,emergency_shelter,0,1,0,0,0,0,0,0,0,welfare
2021,15.0,5.2,male,indigenous,some_post_sec,0,1,0,0,1,emergency_shelter,1,1,0,0,0,0,0,0,0,disability
2021,48.0,27.07,male,indigenous,some_post_sec,0,1,0,0,1,emergency_shelter,0,1,0,1,0,0,0,1,0,other
2021,45.6,1.19,male,indigenous,some_post_sec,0,1,0,0,1,emergency_shelter,0,1,0,1,1,0,0,0,1,other
2021,37.3,4.06,male,indigenous,some_post_sec,0,1,0,0,1,emergency_shelter,0,1,0,0,0,0,0,0,1,other
2021,59.9,1.49,male,indigenous,some_post_sec,0,0,1,0,1,emergency_shelter,0,1,0,1,0,0,0,0,0,welfare
2021,53.3,6.49,male,indigenous,some_post_sec,0,0,0,0,1,emergency_shelter,0,1,1,0,0,0,0,1,0,welfare
2021,50.9,4.2,male,indigenous,some_post_sec,0,0,0,0,1,emergency_shelter,0,1,0,0,0,0,0,1,0,other
2021,48.9,9.9,male,indigenous,some_post_sec,0,0,0,0,1,emergency_shelter,0,1,1,1,1,0,0,0,1,welfare
2021,70.5,17.51,male,indigenous,some_post_sec,0,0,0,0,1,emergency_shelter,0,1,0,0,0,0,1,1,0,disability
2021,42.0,5.25,male,indigenous,some_post_sec,0,0,0,0,1,emergency_shelter,0,1,0,0,1,1,0,0,1,disability
2021,32.9,2.74,male,indigenous,some_post_sec,0,0,0,0,1,emergency_shelter,0,1,0,0,0,0,0,1,0,other
2021,47.1,30.0,male,indigenous,some_post_sec,0,0,0,0,1,emergency_shelter,0,1,0,0,1,0,0,0,0,employment
2021,43.7,3.56,male,indigenous,some_post_sec,0,0,0,0,1,emergency_shelter,0,1,0,1,0,0,0,0,0,disability
2021,58.7,30.0,male,indigenous,some_post_sec,0,0,0,0,1,emergency_shelter,0,1,0,1,0,0,1,0,1,welfare
2021,46.1,15.79,male,indigenous,some_post_sec,0,0,0,0,1,emergency_shelter,0,1,0,0,0,0,0,0,0,other
2021,49.5,11.56,male,indigenous,some_post_sec,0,0,0,0,1,other,0,1,0,1,0,0,0,1,0,disability
2021,42.0,1.08,male,indigenous,some_post_sec,0,0,0,0,1,emergency_shelter,0,1,0,1,0,0,1,1,0,disability
2021,51.9,9.99,male,indigenous,post_sec_higher,1,0,0,0,1,emergency_shelter,0,1,0,0,0,0,0,1,0,other
2021,65.2,7.27,male,indigenous,post_sec_higher,1,0,0,0,1,emergency_shelter,0,1,0,0,0,0,0,0,0,disability
2021,55.8,30.0,male,indigenous,post_sec_higher,0,1,1,0,1,emergency_shelter,0,1,1,1,0,0,1,1,1,other
2021,23.4,5.61,male,indigenous,post_sec_higher,0,1,1,0,1,emergency_shelter,1,1,0,1,0,0,0,1,0,disability
2021,64.8,5.76,male,indigenous,post_sec_higher,0,1,1,0,1,emergency_shelter,0,1,0,1,0,0,0,0,0,disability
2021,58.9,1.51,male,indigenous,post_sec_higher,0,1,1,0,1,emergency_shelter,0,1,0,0,0,0,0,0,0,other
2021,58.6,2.54,male,indigenous,post_sec_higher,0,1,1,0,1,emergency_shelter,0,1,0,0,0,0,0,1,0,disability
2021,27.6,2.09,male,indigenous,post_sec_higher,0,1,1,0,1,emergency_shelter,0,1,0,0,0,0,0,1,0,disability
2021,61.3,7.68,male,indigenous,post_sec_higher,0,1,1,0,1,emergency_shelter,0,1,0,1,0,0,0,1,0,other
2021,59.8,3.62,male,indigenous,post_sec_higher,0,1,1,0,1,emergency_shelter,0,1,0,0,0,0,0,0,0,welfare
2021,26.4,1.49,male,indigenous,post_sec_higher,0,1,1,0,1,emergency_shelter,0,1,0,0,0,0,0,0,0,employment
2021,55.9,6.48,male,indigenous,post_sec_higher,0,1,1,0,1,emergency_shelter,0,1,0,1,1,0,0,1,0,welfare
2021,50.1,10.82,male,indigenous,post_sec_higher,0,1,1,0,1,other,0,1,0,0,0,0,0,0,0,informal
2021,46.1,13.9,male,indigenous,post_sec_higher,0,1,1,0,1,other,0,1,0,1,0,0,0,0,0,other
2021,44.8,22.23,male,indigenous,post_sec_higher,0,1,1,0,1,emergency_shelter,0,1,0,0,0,0,0,0,0,disability
2021,19.3,5.95,male,indigenous,post_sec_higher,0,1,1,0,1,respite,1,1,0,0,0,1,0,0,0,welfare
2021,35.4,4.61,male,indigenous,post_sec_higher,0,1,0,0,1,emergency_shelter,0,1,0,1,0,0,0,0,1,welfare
2021,63.4,1.92,male,indigenous,post_sec_higher,0,1,0,0,1,emergency_shelter,0,1,0,1,0,0,0,0,0,disability
2021,27.1,3.3,male,indigenous,post_sec_higher,0,1,0,0,1,emergency_shelter,0,1,0,0,0,0,0,0,0,welfare
2021,53.0,3.96,male,indigenous,post_sec_higher,0,1,0,0,1,emergency_shelter,0,1,0,0,0,0,0,0,0,disability
2021,42.8,4.09,male,indigenous,post_sec_higher,0,1,0,0,1,other,0,1,0,1,1,0,0,0,0,employment
2021,47.3,7.69,male,indigenous,post_sec_higher,0,1,0,0,1,emergency_shelter,0,1,0,0,0,0,0,0,0,disability
2021,50.2,2.52,male,indigenous,post_sec_higher,0,1,0,0,1,emergency_shelter,0,1,0,0,0,0,0,0,0,welfare
2021,62.8,2.35,male,indigenous,post_sec_higher,0,1,0,0,1,emergency_shelter,0,1,0,1,0,0,1,1,0,disability
2021,55.9,12.88,male,indigenous,post_sec_higher,0,1,0,0,1,emergency_shelter,0,1,0,0,0,1,0,1,1,informal
2021,61.3,2.4,male,indigenous,post_sec_higher,0,0,1,0,1,emergency_shelter,0,1,0,1,0,0,0,0,0,disability
2021,49.3,9.27,male,indigenous,post_sec_higher,0,0,1,0,1,emergency_shelter,0,1,0,1,1,0,0,1,0,welfare
2021,47.1,2.8,male,indigenous,post_sec_higher,0,0,1,0,1,emergency_shelter,0,1,0,0,0,0,0,0,0,disability
2021,72.9,2.43,male,indigenous,post_sec_higher,0,0,1,0,1,other,0,1,0,0,0,0,0,0,0,welfare
2021,42.2,4.78,male,indigenous,post_sec_higher,0,0,0,0,1,emergency_shelter,0,1,0,0,0,0,0,0,0,welfare
2021,23.4,12.99,male,indigenous,post_sec_higher,0,0,0,0,1,emergency_shelter,1,1,0,1,0,0,1,0,0,disability
2021,32.5,30.0,male,indigenous,post_sec_higher,0,0,0,0,1,emergency_shelter,0,1,0,0,0,0,0,0,0,welfare
2021,40.5,19.42,male,indigenous,post_sec_higher,0,0,0,0,1,emergency_shelter,0,1,0,0,0,0,0,1,0,other
2021,29.7,30.0,male,indigenous,post_sec_higher,0,0,0,0,1,emergency_shelter,0,1,0,0,0,0,0,0,0,employment
2021,17.4,3.06,male,indigenous,post_sec_higher,0,0,0,0,1,emergency_shelter,1,1,0,0,0,0,0,0,1,disability
2021,59.4,1.79,male,indigenous,post_sec_higher,0,0,0,0,1,emergency_shelter,0,1,0,1,0,0,0,0,0,welfare
2021,67.1,6.98,male,indigenous,post_sec_higher,0,0,0,0,1,emergency_shelter,0,1,0,0,1,1,1,0,0,other
2021,62.0,1.28,male,indigenous,post_sec_higher,0,0,0,0,1,emergency_shelter,0,1,0,0,1,1,1,0,0,welfare
2021,50.1,11.02,male,indigenous,post_sec_higher,0,0,0,0,1,emergency_shelter,0,1,0,0,0,0,0,1,0,welfare
2021,37.7,2.81,male,indigenous,post_sec_higher,0,0,0,0,1,emergency_shelter,0,1,0,0,0,0,0,0,1,informal
2021,76.4,5.48,male,indigenous,post_sec_higher,0,0,0,0,1,emergency_shelter,0,1,0,0,0,0,0,0,0,other
2021,61.0,10.32,male,indigenous,post_sec_higher,0,0,0,0,1,emergency_shelter,0,1,0,1,1,0,0,0,1,disability
2021,34.5,5.97,male,indigenous,post_sec_higher,0,0,0,0,1,emergency_shelter,0,1,0,0,1,1,1,0,1,welfare
2021,67.1,2.77,male,indigenous,post_sec_higher,0,0,0,0,1,emergency_shelter,0,1,0,0,0,0,0,0,0,other
2021,48.3,29.07,male,indigenous,post_sec_higher,0,0,0,0,1,emergency_shelter,0,1,0,0,0,0,0,0,0,welfare
2021,64.5,11.38,male,other,less_than_hs,1,1,1,0,1,emergency_shelter,0,0,0,0,0,0,0,0,0,disability
2021,82.7,30.0,male,other,less_than_hs,1,1,1,0,1,respite,0,0,0,0,1,0,0,0,1,other
2021,62.1,17.89,male,other,less_than_hs,1,1,1,0,1,emergency_shelter,0,0,0,0,0,0,0,0,0,disability
2021,47.7,9.39,male,other,less_than_hs,1,1,1,0,1,emergency_shelter,0,0,0,1,0,0,0,0,0,welfare
2021,46.9,1.76,male,other,less_than_hs,1,1,1,0,1,other,0,0,0,0,0,0,0,1,0,disability
2021,70.3,4.15,male,other,less_than_hs,1,1,1,0,1,respite,0,0,1,0,0,0,0,0,1,other
2021,50.5,17.46,male,other,less_than_hs,1,1,0,0,1,emergency_shelter,0,0,0,0,0,1,0,0,0,disability
2021,38.0,30.0,male,other,less_than_hs,1,0,0,0,1,emergency_shelter,0,0,0,1,0,0,0,0,0,other
2021,67.5,5.16,male,other,less_than_hs,1,0,0,0,1,emergency_shelter,0,0,1,1,1,0,1,1,1,employment
2021,50.8,3.55,male,other,less_than_hs,1,0,0,0,1,emergency_shelter,0,0,0,1,0,0,0,0,0,welfare
2021,38.4,2.45,male,other,less_than_hs,1,0,0,0,1,emergency_shelter,0,0,0,0,0,0,0,1,0,disability
2021,51.3,6.36,male,other,less_than_hs,1,0,0,0,1,emergency_shelter,0,0,1,0,1,0,1,1,0,welfare
2021,27.9,24.24,male,other,less_than_hs,1,0,0,0,1,emergency_shelter,0,0,0,1,0,0,0,1,1,disability
2021,55.1,30.0,male,other,less_than_hs,1,0,0,0,1,emergency_shelter,0,0,0,1,0,0,0,1,0,other
2021,66.4,30.0,male,other,less_than_hs,1,0,0,0,1,emergency_shelter,0,0,0,1,0,0,0,1,0,welfare
2021,50.1,9.11,male,other,less_than_hs,0,1,1,1,1,outdoor,0,0,0,0,1,0,0,1,0,welfare
2021,52.1,3.23,male,other,less_than_hs,0,1,1,0,1,emergency_shelter,0,0,0,1,0,0,0,0,0,other
2021,47.9,18.22,male,other,less_than_hs,0,1,1,0,1,emergency_shelter,0,0,0,1,0,0,0,0,0,disability
2021,39.1,1.23,male,other,less_than_hs,0,1,1,0,1,emergency_shelter,0,0,0,0,0,1,0,0,0,welfare
2021,31.6,2.5,male,other,less_than_hs,0,1,1,0,1,emergency_shelter,0,0,0,0,0,0,0,1,0,disability
2021,74.6,6.57,male,other,less_than_hs,0,1,1,0,1,other,0,0,0,1,0,0,0,0,0,disability
2021,58.7,4.75,male,other,less_than_hs,0,1,1,0,1,other,0,0,0,1,0,0,0,0,0,welfare
2021,51.6,1.74,male,other,less_than_hs,0,1,1,0,1,emergency_shelter,0,0,0,0,0,0,0,0,0,disability
2021,43.7,1.26,male,other,less_than_hs,0,1,1,0,1,emergency_shelter,0,0,0,0,0,0,0,0,0,welfare
2021,68.6,8.89,male,other,less_than_hs,0,1,1,0,1,respite,0,0,0,1,0,0,0,0,0,disability
2021,43.8,3.56,male,other,less_than_hs,0,1,1,0,1,emergency_shelter,0,0,0,1,1,0,0,0,0,disability
2021,22.0,1.1,male,other,less_than_hs,0,1,1,0,1,other,1,0,1,0,0,0,0,0,0,welfare
2021,49.7,5.11,male,other,less_than_hs,0,1,1,0,1,emergency_shelter,0,0,0,0,0,0,0,0,0,welfare
2021,28.8,3.49,male,other,less_than_hs,0,1,1,0,1,emergency_shelter,0,0,0,0,0,0,0,0,0,disability
2021,49.8,7.96,male,other,less_than_hs,0,1,1,0,1,emergency_shelter,0,0,0,1,0,0,1,1,1,welfare
2021,64.8,30.0,male,other,less_than_hs,0,1,1,0,1,emergency_shelter,0,0,0,0,0,0,0,0,0,welfare
2021,22.6,3.5,male,other,less_than_hs,0,1,1,0,1,respite,1,0,0,0,0,0,0,0,0,welfare
2021,33.4,30.0,male,other,less_than_hs,0,1,1,0,1,emergency_shelter,0,0,1,1,0,1,0,1,0,other
2021,58.1,1.56,male,other,less_than_hs,0,1,1,0,1,emergency_shelter,0,0,0,1,0,0,1,1,1,other
2021,39.0,1.57,male,other,less_than_hs,0,1,1,0,1,emergency_shelter,0,0,0,1,0,0,0,1,0,welfare
2021,51.8,12.68,male,other,less_than_hs,0,1,1,0,1,other,0,0,0,0,0,0,0,0,0,welfare
2021,48.8,8.0,male,other,less_than_hs,0,1,1,0,0,emergency_shelter,0,0,0,1,1,1,0,0,1,disability
2021,35.0,3.46,male,other,less_than_hs,0,1,1,0,0,emergency_shelter,0,0,0,0,0,0,0,1,0,disability
2021,50.5,3.8,male,other,less_than_hs,0,1,1,0,0,emergency_shelter,0,0,0,1,0,0,0,0,0,welfare
2021,31.9,6.92,male,other,less_than_hs,0,1,1,0,0,other,0,0,0,0,0,0,0,1,1,other
2021,48.1,1.31,male,other,less_than_hs,0,1,0,0,1,emergency_shelter,0,0,0,0,0,0,0,0,0,disability
2021,51.2,6.35,male,other,less_than_hs,0,1,0,0,1,emergency_shelter,0,0,0,0,0,1,0,0,1,disability
2021,38.6,5.5,male,other,less_than_hs,0,1,0,0,1,emergency_shelter,0,0,0,0,0,0,0,0,0,welfare
2021,62.1,4.27,male,other,less_than_hs,0,1,0,0,1,emergency_shelter,0,0,0,1,1,1,0,1,0,disability
2021,49.5,1.75,male,other,less_than_hs,0,1,0,0,1,emergency_shelter,0,0,0,0,0,0,0,1,0,welfare
2021,35.6,2.72,male,other,less_than_hs,0,1,0,0,1,other,0,0,0,0,0,0,0,1,0,disability
2021,38.0,2.48,male,other,less_than_hs,0,1,0,0,1,emergency_shelter,0,0,0,0,0,0,0,0,0,other
2021,58.6,30.0,male,other,less_than_hs,0,1,0,0,1,respite,0,0,0,1,0,0,0,0,0,other
2021,44.8,30.0,male,other,less_than_hs,0,1,0,0,1,other,0,0,1,0,0,0,0,0,0,disability
2021,45.9,1.02,male,other,less_than_hs,0,1,0,0,1,emergency_shelter,0,0,0,1,0,1,0,1,0,disability
2021,43.2,2.19,male,other,less_than_hs,0,1,0,0,1,emergency_shelter,0,0,0,0,1,0,0,0,0,other
2021,60.2,30.0,male,other,less_than_hs,0,1,0,0,1,emergency_shelter,0,0,0,0,0,0,0,1,0,informal
2021,52.8,1.24,male,other,less_than_hs,0,1,0,0,1,emergency_shelter,0,0,0,1,0,0,0,0,1,other
2021,29.4,30.0,male,other,less_than_hs,0,1,0,0,1,emergency_shelter,0,0,0,0,0,0,0,0,0,employment
2021,32.3,4.38,male,other,less_than_hs,0,1,0,0,1,emergency_shelter,0,0,0,0,0,0,0,1,0,disability
2021,42.5,3.54,male,other,less_than_hs,0,0,1,0,1,emergency_shelter,0,0,0,0,0,0,0,1,0,welfare
2021,35.9,15.71,male,other,less_than_hs,0,0,1,0,1,emergency_shelter,0,0,0,1,0,1,0,0,0,other
2021,52.7,1.35,male,other,less_than_hs,0,0,1,0,1,respite,0,0,0,1,0,0,0,0,0,disability
2021,51.2,4.56,male,other,less_than_hs,0,0,1,0,1,emergency_shelter,0,0,0,0,0,0,0,1,0,informal
2021,28.3,1.86,male,other,less_than_hs,0,0,1,0,1,emergency_shelter,0,0,0,1,0,0,0,0,0,employment
2021,47.3,25.96,male,other,less_than_hs,0,0,1,0,1,emergency_shelter,0,0,0,0,0,0,0,0,0,disability
2021,27.8,30.0,male,other,less_than_hs,0,0,1,0,1,emergency_shelter,0,0,0,1,0,0,0,1,0,welfare
2021,62.4,3.7,male,other,less_than_hs,0,0,1,0,1,emergency_shelter,0,0,0,0,0,0,0,0,0,welfare
2021,63.2,30.0,male,other,less_than_hs,0,0,1,0,1,emergency_shelter,0,0,0,0,0,0,0,1,0,disability
2021,42.0,14.82,male,other,less_than_hs,0,0,1,0,1,emergency_shelter,0,0,0,0,0,0,0,0,0,welfare
2021,53.5,8.61,male,other,less_than_hs,0,0,0,1,1,outdoor,0,0,0,0,0,0,0,0,0,welfare
2021,63.4,2.4,male,other,less_than_hs,0,0,0,1,1,outdoor,0,0,0,0,0,0,0,0,0,welfare
2021,43.7,1.97,male,other,less_than_hs,0,0,0,1,1,outdoor,0,0,0,0,0,0,0,0,0,disability
2021,58.9,1.32,male,other,less_than_hs,0,0,0,0,1,emergency_shelter,0,0,0,0,1,0,0,0,0,other
2021,63.6,30.0,male,other,less_than_hs,0,0,0,0,1,emergency_shelter,0,0,0,1,0,0,0,0,0,disability
2021,67.2,2.87,male,other,less_than_hs,0,0,0,0,1,emergency_shelter,0,0,0,1,0,0,0,0,0,welfare
2021,40.0,5.69,male,other,less_than_hs,0,0,0,0,1,emergency_shelter,0,0,0,0,0,0,0,0,0,welfare
2021,39.6,1.2,male,other,less_than_hs,0,0,0,0,1,emergency_shelter,0,0,0,0,0,0,0,0,0,other
2021,60.2,2.38,male,other,less_than_hs,0,0,0,0,1,emergency_shelter,0,0,0,0,0,0,0,0,1,disability
2021,43.1,11.79,male,other,less_than_hs,0,0,0,0,1,emergency_shelter,0,0,0,0,0,0,0,1,0,disability
2021,49.2,1.74,male,other,less_than_hs,0,0,0,0,1,emergency_shelter,0,0,0,0,0,0,0,1,0,disability
2021,59.4,9.4,male,other,less_than_hs,0,0,0,0,1,respite,0,0,0,0,0,0,0,0,0,employment
2021,56.3,1.01,male,other,less_than_hs,0,0,0,0,1,emergency_shelter,0,0,0,0,0,0,0,0,0,employment
2021,50.1,5.66,male,other,less_than_hs,0,0,0,0,1,emergency_shelter,0,0,0,0,0,0,0,1,0,disability
2021,27.7,13.1,male,other,less_than_hs,0,0,0,0,1,emergency_shelter,0,0,1,1,0,0,0,0,0,welfare
2021,54.4,30.0,male,other,less_than_hs,0,0,0,0,1,emergency_shelter,0,0,0,0,0,0,0,0,0,disability
2021,59.9,6.15,male,other,less_than_hs,0,0,0,0,1,emergency_shelter,0,0,0,0,0,0,0,0,1,disability
2021,56.6,22.61,male,other,less_than_hs,0,0,0,0,1,emergency_shelter,0,0,1,1,1,1,0,0,0,disability
2021,26.8,18.55,male,other,less_than_hs,0,0,0,0,1,emergency_shelter,0,0,1,0,1,1,0,0,0,other
2021,57.5,3.37,male,other,less_than_hs,0,0,0,0,1,emergency_shelter,0,0,0,1,0,0,0,1,0,welfare
2021,36.1,27.95,male,other,less_than_hs,0,0,0,0,1,emergency_shelter,0,0,1,1,0,0,1,1,0,disability
2021,15.0,9.79,male,other,less_than_hs,0,0,0,0,1,other,1,0,0,0,0,0,0,0,0,welfare
2021,43.8,1.68,male,other,less_than_hs,0,0,0,0,1,emergency_shelter,0,0,0,0,0,0,0,0,0,disability
2021,30.0,30.0,male,other,less_than_hs,0,0,0,0,1,emergency_shelter,0,0,0,1,0,0,0,0,0,welfare
2021,46.0,2.25,male,other,less_than_hs,0,0,0,0,1,other,0,0,0,0,0,1,0,0,0,disability
2021,25.5,5.2,male,other,less_than_hs,0,0,0,0,0,respite,0,0,0,1,0,0,0,1,0,employment
2021,64.0,6.61,male,other,less_than_hs,0,0,0,0,0,respite,0,0,0,0,0,0,0,1,0,other
2021,34.9,4.33,male,other,less_than_hs,0,0,0,0,0,emergency_shelter,0,0,0,1,0,0,0,0,0,disability
2021,33.4,2.1,male,other,less_than_hs,0,0,0,0,0,emergency_shelter,0,0,0,0,0,0,0,0,0,welfare
2021,57.6,1.1,male,other,less_than_hs,0,0,0,0,0,emergency_shelter,0,0,0,0,0,0,0,0,0,welfare
2021,33.2,1.99,male,other,less_than_hs,0,0,0,0,0,emergency_shelter,0,0,0,1,1,0,0,1,0,other
2021,33.5,2.98,male,other,hs_graduate,1,1,1,0,1,emergency_shelter,0,0,0,0,0,0,0,0,0,other
2021,20.6,1.49,male,other,hs_graduate,1,1,1,0,1,emergency_shelter,1,0,0,0,0,0,1,0,0,disability
2021,69.8,3.89,male,other,hs_graduate,1,1,1,0,1,emergency_shelter,0,0,1,0,0,0,0,0,0,other
2021,36.0,6.68,male,other,hs_graduate,1,1,1,0,1,emergency_shelter,0,0,0,1,0,1,0,0,0,employment
2021,37.8,30.0,male,other,hs_graduate,1,1,1,0,1,emergency_shelter,0,0,0,1,1,0,0,1,0,other
2021,34.7,3.96,male,other,hs_graduate,1,1,1,0,1,respite,0,0,0,1,0,0,0,0,1,disability
2021,38.5,3.39,male,other,hs_graduate,1,1,0,0,1,other,0,0,0,0,0,0,0,1,0,disability
2021,53.1,3.37,male,other,hs_graduate,1,0,0,0,1,emergency_shelter,0,0,0,1,1,1,0,0,1,disability
2021,58.8,6.87,male,other,hs_graduate,1,0,0,0,1,respite,0,0,0,1,1,1,0,1,0,disability
2021,26.7,5.71,male,other,hs_graduate,1,0,0,0,1,emergency_shelter,0,0,0,1,1,0,0,0,0,other
2021,52.9,3.91,male,other,hs_graduate,1,0,0,0,1,other,0,0,0,0,1,1,0,1,0,disability
2021,34.1,5.78,male,other,hs_graduate,1,0,0,0,1,emergency_shelter,0,0,1,0,1,0,1,0,0,disability
2021,64.0,14.38,male,other,hs_graduate,1,0,0,0,1,emergency_shelter,0,0,0,1,0,0,0,0,0,disability
2021,32.5,5.56,male,other,hs_graduate,1,0,0,0,1,emergency_shelter,0,0,0,0,0,0,0,0,0,disability
2021,45.5,6.41,male,other,hs_graduate,1,0,0,0,1,emergency_shelter,0,0,0,0,0,0,0,0,0,disability
2021,42.7,12.0,male,other,hs_graduate,0,1,1,1,1,outdoor,0,0,0,0,0,0,0,0,1,welfare
2021,57.6,3.69,male,other,hs_graduate,0,1,1,0,1,emergency_shelter,0,0,0,0,0,0,0,0,0,other
2021,37.1,14.54,male,other,hs_graduate,0,1,1,0,1,emergency_shelter,0,0,1,1,0,0,0,1,0,welfare
2021,47.4,3.91,male,other,hs_graduate,0,1,1,0,1,emergency_shelter,0,0,0,0,1,0,1,0,0,informal
2021,59.2,6.4,male,other,hs_graduate,0,1,1,0,1,emergency_shelter,0,0,0,1,1,1,0,1,0,welfare
2021,55.5,1.76,male,other,hs_graduate,0,1,1,0,1,respite,0,0,0,1,0,0,0,0,0,disability
2021,45.3,23.89,male,other,hs_graduate,0,1,1,0,1,emergency_shelter,0,0,1,0,0,0,0,0,0,welfare
2021,50.0,13.96,male,other,hs_graduate,0,1,1,0,1,emergency_shelter,0,0,0,1,0,0,0,1,0,other
2021,61.0,15.35,male,other,hs_graduate,0,1,1,0,1,other,0,0,0,1,1,0,1,0,0,welfare
2021,46.1,2.26,male,other,hs_graduate,0,1,1,0,1,emergency_shelter,0,0,0,0,0,0,0,0,0,welfare
2021,34.6,6.2,male,other,hs_graduate,0,1,1,0,1,respite,0,0,0,1,0,0,0,0,0,welfare
2021,37.6,1.17,male,other,hs_graduate,0,1,1,0,1,emergency_shelter,0,0,0,0,0,0,0,1,0,other
2021,58.7,3.58,male,other,hs_graduate,0,1,1,0,1,emergency_shelter,0,0,0,1,0,0,0,0,0,welfare
2021,34.6,3.97,male,other,hs_graduate,0,1,1,0,1,emergency_shelter,0,0,1,0,0,0,0,0,0,welfare
2021,24.1,30.0,male,other,hs_graduate,0,1,1,0,1,emergency_shelter,1,0,0,0,1,0,0,0,0,disability
2021,41.7,30.0,male,other,hs_graduate,0,1,1,0,1,respite,0,0,0,1,0,0,0,0,0,disability
2021,44.9,9.09,male,other,hs_graduate,0,1,1,0,1,emergency_shelter,0,0,0,0,0,0,0,0,0,welfare
2021,58.0,6.62,male,other,hs_graduate,0,1,1,0,1,other,0,0,0,0,0,0,0,1,1,welfare
2021,25.6,5.25,male,other,hs_graduate,0,1,1,0,1,emergency_shelter,0,0,0,1,1,0,0,1,0,disability
2021,50.9,1.11,male,other,hs_graduate,0,1,1,0,1,emergency_shelter,0,0,0,0,0,0,0,1,1,welfare
2021,38.0,1.73,male,other,hs_graduate,0,1,1,0,0,emergency_shelter,0,0,0,1,0,0,0,0,0,disability
2021,36.6,5.71,male,other,hs_graduate,0,1,1,0,0,emergency_shelter,0,0,0,0,0,0,0,0,0,employment
2021,27.6,0.48,male,other,hs_graduate,0,1,1,0,0,respite,0,0,0,0,1,0,1,1,0,disability
2021,49.8,0.3,male,other,hs_graduate,0,1,1,0,0,emergency_shelter,0,0,0,0,0,0,1,1,0,welfare
2021,59.7,19.17,male,other,hs_graduate,0,1,0,0,1,emergency_shelter,0,0,0,0,0,0,0,0,0,disability
2021,39.6,3.12,male,other,hs_graduate,0,1,0,0,1,respite,0,0,0,0,0,0,0,1,0,informal
2021,53.8,11.78,male,other,hs_graduate,0,1,0,0,1,emergency_shelter,0,0,0,0,0,0,0,1,0,informal
2021,60.7,1.84,male,other,hs_graduate,0,1,0,0,1,emergency_shelter,0,0,0,0,0,0,0,0,0,disability
2021,40.7,5.06,male,other,hs_graduate,0,1,0,0,1,emergency_shelter,0,0,0,0,0,0,0,1,0,disability
2021,46.1,6.69,male,other,hs_graduate,0,1,0,0,1,emergency_shelter,0,0,0,1,0,0,0,1,0,employment
2021,35.3,13.3,male,other,hs_graduate,0,1,0,0,1,emergency_shelter,0,0,1,0,0,0,0,0,0,welfare
2021,39.1,10.12,male,other,hs_graduate,0,1,0,0,1,emergency_shelter,0,0,0,0,0,0,1,1,0,employment
2021,41.1,24.36,male,other,hs_graduate,0,1,0,0,1,emergency_shelter,0,0,0,0,0,0,0,0,0,employment
2021,33.3,2.31,male,other,hs_graduate,0,1,0,0,1,respite,0,0,0,1,0,0,0,0,1,disability
2021,45.1,10.52,male,other,hs_graduate,0,1,0,0,1,other,0,0,0,1,0,0,0,0,0,employment
2021,50.6,1.86,male,other,hs_graduate,0,1,0,0,1,emergency_shelter,0,0,0,1,0,0,1,0,0,welfare
2021,52.0,5.88,male,other,hs_graduate,0,1,0,0,1,emergency_shelter,0,0,0,0,0,0,0,1,0,other
2021,34.7,6.77,male,other,hs_graduate,0,1,0,0,1,emergency_shelter,0,0,0,1,1,0,0,1,0,other
2021,37.5,1.17,male,other,hs_graduate,0,1,0,0,1,emergency_shelter,0,0,0,1,0,0,0,0,0,informal
2021,57.9,1.66,male,other,hs_graduate,0,0,1,0,1,other,0,0,0,1,1,0,0,0,0,welfare
2021,36.1,3.89,male,other,hs_graduate,0,0,1,0,1,other,0,0,0,0,1,0,0,0,0,employment
2021,43.6,1.29,male,other,hs_graduate,0,0,1,0,1,emergency_shelter,0,0,0,1,0,0,0,1,1,other
2021,31.5,6.91,male,other,hs_graduate,0,0,1,0,1,emergency_shelter,0,0,0,0,1,1,1,1,0,employment
2021,59.3,1.82,male,other,hs_graduate,0,0,1,0,1,emergency_shelter,0,0,0,0,0,0,0,0,0,welfare
2021,41.4,5.8,male,other,hs_graduate,0,0,1,0,1,emergency_shelter,0,0,0,1,0,1,0,1,0,disability
2021,46.2,3.48,male,other,hs_graduate,0,0,1,0,1,respite,0,0,0,0,0,0,0,0,0,welfare
2021,44.0,15.41,male,other,hs_graduate,0,0,1,0,1,emergency_shelter,0,0,0,1,0,0,0,0,1,welfare
2021,46.1,5.96,male,other,hs_graduate,0,0,1,0,1,emergency_shelter,0,0,0,0,0,0,0,0,0,other
2021,46.0,23.63,male,other,hs_graduate,0,0,1,0,1,emergency_shelter,0,0,0,0,0,0,0,0,0,welfare
2021,57.3,30.0,male,other,hs_graduate,0,0,0,1,1,outdoor,0,0,0,0,1,0,0,0,0,disability
2021,61.3,13.02,male,other,hs_graduate,0,0,0,1,1,outdoor,0,0,0,0,0,0,0,1,0,other
2021,27.8,30.0,male,other,hs_graduate,0,0,0,1,1,outdoor,0,0,1,0,0,0,0,0,0,welfare
2021,45.8,30.0,male,other,hs_graduate,0,0,0,0,1,emergency_shelter,0,0,0,0,0,0,0,0,0,disability
2021,35.2,15.37,male,other,hs_graduate,0,0,0,0,1,emergency_shelter,0,0,0,0,1,1,0,0,1,employment
2021,71.4,18.95,male,other,hs_graduate,0,0,0,0,1,emergency_shelter,0,0,0,1,0,0,0,0,0,disability
2021,54.7,2.65,male,other,hs_graduate,0,0,0,0,1,emergency_shelter,0,0,0,1,0,0,0,1,0,disability
2021,50.6,5.01,male,other,hs_graduate,0,0,0,0,1,emergency_shelter,0,0,0,0,1,0,0,1,0,welfare
2021,34.7,1.43,male,other,hs_graduate,0,0,0,0,1,emergency_shelter,0,0,0,1,0,0,0,0,0,other
2021,79.5,1.72,male,other,hs_graduate,0,0,0,0,1,emergency_shelter,0,0,0,0,0,0,0,0,0,disability
2021,35.8,2.63,male,other,hs_graduate,0,0,0,0,1,emergency_shelter,0,0,0,0,1,0,0,1,0,other
2021,46.4,3.45,male,other,hs_graduate,0,0,0,0,1,emergency_shelter,0,0,0,0,0,0,0,1,0,informal
2021,46.9,30.0,male,other,hs_graduate,0,0,0,0,1,emergency_shelter,0,0,1,0,1,0,0,1,0,informal
2021,26.9,4.97,male,other,hs_graduate,0,0,0,0,1,respite,0,0,0,0,0,0,0,0,0,welfare
2021,52.1,11.99,male,other,hs_graduate,0,0,0,0,1,emergency_shelter,0,0,0,1,0,0,0,1,0,welfare
2021,50.6,30.0,male,other,hs_graduate,0,0,0,0,1,emergency_shelter,0,0,0,0,0,0,0,0,0,disability
2021,30.9,2.86,male,other,hs_graduate,0,0,0,0,1,emergency_shelter,0,0,0,0,0,0,0,1,0,welfare
2021,56.2,1.99,male,other,hs_graduate,0,0,0,0,1,emergency_shelter,0,0,0,0,1,0,0,0,0,employment
2021,32.4,2.84,male,other,hs_graduate,0,0,0,0,1,emergency_shelter,0,0,0,0,0,0,0,0,0,disability
2021,41.4,29.5,male,other,hs_graduate,0,0,0,0,1,emergency_shelter,0,0,0,1,0,0,0,0,1,informal
2021,35.0,10.68,male,other,hs_graduate,0,0,0,0,1,emergency_shelter,0,0,0,0,0,0,1,0,0,welfare
2021,54.4,5.43,male,other,hs_graduate,0,0,0,0,1,respite,0,0,0,0,0,0,0,0,0,welfare
2021,53.0,20.26,male,other,hs_graduate,0,0,0,0,1,emergency_shelter,0,0,0,1,0,1,0,0,0,welfare
2021,30.1,2.78,male,other,hs_graduate,0,0,0,0,1,emergency_shelter,0,0,0,1,1,0,1,0,0,welfare
2021,34.6,2.58,male,other,hs_graduate,0,0,0,0,0,emergency_shelter,0,0,0,0,0,0,0,0,0,welfare
2021,36.5,8.0,male,other,hs_graduate,0,0,0,0,0,emergency_shelter,0,0,0,0,0,0,0,0,0,disability
2021,47.3,3.03,male,other,hs_graduate,0,0,0,0,0,emergency_shelter,0,0,0,0,0,0,0,1,0,other
2021,59.0,2.55,male,other,hs_graduate,0,0,0,0,0,emergency_shelter,0,0,0,1,1,0,0,0,0,welfare
2021,56.1,2.56,male,other,hs_graduate,0,0,0,0,0,other,0,0,0,0,1,0,0,1,0,welfare
2021,57.5,8.0,male,other,hs_graduate,0,0,0,0,0,emergency_shelter,0,0,0,1,0,0,0,0,0,employment
2021,53.4,11.49,male,other,some_post_sec,1,1,1,0,1,emergency_shelter,0,0,0,0,0,0,0,0,1,welfare
2021,52.6,1.17,male,other,some_post_sec,1,0,0,0,1,emergency_shelter,0,0,1,1,0,0,0,1,0,disability
2021,54.2,5.08,male,other,some_post_sec,1,0,0,0,1,emergency_shelter,0,0,0,0,0,0,0,1,0,other
2021,44.5,12.09,male,other,some_post_sec,1,0,0,0,1,emergency_shelter,0,0,0,0,0,0,0,0,0,informal
2021,29.9,1.49,male,other,some_post_sec,0,1,1,0,1,emergency_shelter,0,0,0,1,1,0,0,0,0,welfare
2021,42.3,26.39,male,other,some_post_sec,0,1,1,0,1,emergency_shelter,0,0,0,0,0,0,0,0,0,employment
2021,21.1,20.96,male,other,some_post_sec,0,1,1,0,1,emergency_shelter,1,0,1,0,0,0,0,0,0,other
2021,46.0,6.75,male,other,some_post_sec,0,1,1,0,1,emergency_shelter,0,0,0,0,0,0,0,0,0,welfare
2021,46.3,10.56,male,other,some_post_sec,0,1,1,0,1,emergency_shelter,0,0,0,0,1,0,1,0,0,welfare
2021,56.6,12.99,male,other,some_post_sec,0,1,1,0,1,emergency_shelter,0,0,0,0,0,0,0,0,1,disability
2021,47.7,5.86,male,other,some_post_sec,0,1,1,0,1,emergency_shelter,0,0,0,1,0,0,0,0,1,disability
2021,37.4,2.97,male,other,some_post_sec,0,1,1,0,1,emergency_shelter,0,0,0,1,0,0,0,0,0,welfare
2021,53.0,5.94,male,other,some_post_sec,0,1,1,0,1,emergency_shelter,0,0,0,1,0,1,0,1,0,informal
2021,36.9,30.0,male,other,some_post_sec,0,1,1,0,1,emergency_shelter,0,0,0,0,0,1,0,1,1,welfare
2021,55.9,22.26,male,other,some_post_sec,0,1,1,0,1,emergency_shelter,0,0,0,1,0,0,0,1,0,welfare
2021,62.2,5.67,male,other,some_post_sec,0,1,1,0,1,emergency_shelter,0,0,1,1,0,0,0,1,0,disability
2021,15.0,2.67,male,other,some_post_sec,0,1,1,0,1,emergency_shelter,1,0,0,1,0,0,0,0,0,disability
2021,35.5,30.0,male,other,some_post_sec,0,1,1,0,1,emergency_shelter,0,0,1,0,0,0,0,1,0,disability
2021,52.5,9.73,male,other,some_post_sec,0,1,1,0,1,emergency_shelter,0,0,0,0,0,0,1,0,0,disability
2021,58.2,13.6,male,other,some_post_sec,0,1,0,0,1,emergency_shelter,0,0,0,0,1,1,1,0,0,disability
2021,60.4,13.3,male,other,some_post_sec,0,1,0,0,1,other,0,0,0,0,0,0,0,1,0,welfare
2021,42.9,23.7,male,other,some_post_sec,0,1,0,0,1,respite,0,0,0,0,1,0,0,0,0,welfare
2021,34.8,4.64,male,other,some_post_sec,0,1,0,0,1,other,0,0,1,0,1,1,0,1,1,other
2021,36.0,15.27,male,other,some_post_sec,0,1,0,0,1,emergency_shelter,0,0,0,0,0,1,0,0,1,welfare
2021,24.3,1.37,male,other,some_post_sec,0,1,0,0,1,other,1,0,0,0,0,0,0,0,0,disability
2021,30.3,1.36,male,other,some_post_sec,0,1,0,0,1,emergency_shelter,0,0,0,1,0,1,0,0,1,welfare
2021,53.5,3.78,male,other,some_post_sec,0,1,0,0,1,emergency_shelter,0,0,0,0,0,0,0,0,0,disability
2021,60.3,2.42,male,other,some_post_sec,0,1,0,0,1,emergency_shelter,0,0,0,1,0,0,0,0,0,other
2021,46.1,6.65,male,other,some_post_sec,0,1,0,0,1,emergency_shelter,0,0,0,0,0,0,0,1,0,welfare
2021,45.9,5.43,male,other,some_post_sec,0,0,1,0,1,emergency_shelter,0,0,0,0,0,0,0,0,0,disability
2021,66.8,30.0,male,other,some_post_sec,0,0,1,0,1,respite,0,0,0,0,0,0,1,1,0,welfare
2021,47.0,30.0,male,other,some_post_sec,0,0,1,0,1,emergency_shelter,0,0,0,0,0,0,0,0,0,other
2021,19.5,1.84,male,other,some_post_sec,0,0,1,0,1,other,1,0,1,0,0,0,0,1,1,other
2021,47.8,30.0,male,other,some_post_sec,0,0,1,0,1,emergency_shelter,0,0,0,0,0,0,0,0,0,disability
2021,42.4,30.0,male,other,some_post_sec,0,0,1,0,1,respite,0,0,0,1,0,0,0,0,0,welfare
2021,64.0,2.23,male,other,some_post_sec,0,0,0,0,1,emergency_shelter,0,0,0,0,0,0,1,0,0,other
2021,38.8,5.7,male,other,some_post_sec,0,0,0,0,1,emergency_shelter,0,0,0,1,0,0,1,0,0,other
2021,20.3,2.03,male,other,some_post_sec,0,0,0,0,1,emergency_shelter,1,0,1,0,0,0,0,0,0,other
2021,30.7,9.58,male,other,some_post_sec,0,0,0,0,1,other,0,0,0,0,0,0,0,0,0,other
2021,47.7,3.69,male,other,some_post_sec,0,0,0,0,1,emergency_shelter,0,0,0,1,0,0,0,0,1,welfare
2021,49.8,25.22,male,other,some_post_sec,0,0,0,0,1,emergency_shelter,0,0,0,1,0,0,0,0,0,other
2021,48.2,3.92,male,other,some_post_sec,0,0,0,0,1,emergency_shelter,0,0,0,1,0,0,1,1,0,employment
2021,63.1,3.27,male,other,some_post_sec,0,0,0,0,1,emergency_shelter,0,0,0,0,0,0,0,0,0,other
2021,48.6,6.12,male,other,some_post_sec,0,0,0,0,1,emergency_shelter,0,0,0,0,0,0,0,1,0,employment
2021,50.6,2.23,male,other,some_post_sec,0,0,0,0,1,emergency_shelter,0,0,1,0,0,0,0,1,0,welfare
2021,59.7,2.48,male,other,some_post_sec,0,0,0,0,1,respite,0,0,0,0,0,0,0,0,0,welfare
2021,22.5,16.93,male,other,some_post_sec,0,0,0,0,1,emergency_shelter,1,0,1,0,1,1,0,0,0,other
2021,56.1,6.23,male,other,some_post_sec,0,0,0,0,1,respite,0,0,0,0,0,0,0,0,0,disability
2021,64.4,2.5,male,other,some_post_sec,0,0,0,0,1,emergency_shelter,0,0,0,0,0,1,0,0,0,other
2021,56.0,1.19,male,other,some_post_sec,0,0,0,0,1,emergency_shelter,0,0,0,1,0,0,0,1,0,welfare
2021,50.4,5.68,male,other,some_post_sec,0,0,0,0,1,other,0,0,0,1,0,1,0,0,0,welfare
2021,57.2,14.24,male,other,some_post_sec,0,0,0,0,1,emergency_shelter,0,0,0,0,0,0,0,0,0,informal
2021,15.0,4.85,male,other,some_post_sec,0,0,0,0,0,emergency_shelter,1,0,0,0,0,1,1,0,1,welfare
2021,42.8,6.91,male,other,post_sec_higher,1,1,1,0,1,emergency_shelter,0,0,0,0,0,0,0,0,0,other
2021,45.9,9.49,male,other,post_sec_higher,1,1,1,0,1,emergency_shelter,0,0,0,0,0,0,0,0,0,welfare
2021,29.1,1.68,male,other,post_sec_higher,1,1,1,0,1,other,0,0,1,1,1,0,1,1,1,welfare
2021,47.2,1.63,male,other,post_sec_higher,1,1,1,0,1,emergency_shelter,0,0,0,1,0,0,0,0,0,other
2021,68.8,24.01,male,other,post_sec_higher,1,1,1,0,1,emergency_shelter,0,0,0,0,0,0,0,0,0,other
2021,52.0,1.63,male,other,post_sec_higher,1,0,0,0,1,other,0,0,0,0,0,0,0,0,0,disability
2021,35.8,4.21,male,other,post_sec_higher,1,0,0,0,1,emergency_shelter,0,0,0,0,1,0,0,1,0,employment
2021,33.7,2.85,male,other,post_sec_higher,1,0,0,0,1,emergency_shelter,0,0,0,0,0,0,0,0,1,welfare
2021,77.7,2.95,male,other,post_sec_higher,1,0,0,0,1,emergency_shelter,0,0,0,0,0,0,0,0,0,other
2021,48.1,6.39,male,other,post_sec_higher,1,0,0,0,1,emergency_shelter,0,0,1,0,0,0,0,0,0,welfare
2021,47.2,3.6,male,other,post_sec_higher,1,0,0,0,1,respite,0,0,0,1,0,0,0,0,0,welfare
2021,53.3,3.3,male,other,post_sec_higher,1,0,0,0,1,emergency_shelter,0,0,0,0,0,0,0,1,0,disability
2021,67.1,30.0,male,other,post_sec_higher,0,1,1,1,1,outdoor,0,0,0,0,0,0,0,0,0,welfare
2021,40.5,25.59,male,other,post_sec_higher,0,1,1,0,1,emergency_shelter,0,0,0,0,0,0,0,0,0,disability
2021,48.6,2.78,male,other,post_sec_higher,0,1,1,0,1,emergency_shelter,0,0,0,0,1,1,0,0,1,disability
2021,43.6,1.18,male,other,post_sec_higher,0,1,1,0,1,emergency_shelter,0,0,0,0,0,0,0,0,0,disability
2021,40.6,7.02,male,other,post_sec_higher,0,1,1,0,1,emergency_shelter,0,0,0,0,0,0,0,0,0,disability
2021,60.1,8.03,male,other,post_sec_higher,0,1,1,0,1,emergency_shelter,0,0,0,0,0,0,0,1,1,other
2021,53.6,3.74,male,other,post_sec_higher,0,1,1,0,1,emergency_shelter,0,0,0,0,0,0,0,1,0,disability
2021,21.7,9.84,male,other,post_sec_higher,0,1,1,0,1,emergency_shelter,1,0,0,0,0,0,1,1,1,welfare
2021,36.3,1.23,male,other,post_sec_higher,0,1,1,0,1,emergency_shelter,0,0,0,1,0,0,0,1,1,disability
2021,39.7,3.88,male,other,post_sec_higher,0,1,1,0,1,emergency_shelter,0,0,0,0,0,0,0,1,0,informal
2021,45.8,1.99,male,other,post_sec_higher,0,1,1,0,1,emergency_shelter,0,0,1,1,1,1,0,0,0,welfare
2021,54.8,2.71,male,other,post_sec_higher,0,1,1,0,1,emergency_shelter,0,0,0,1,0,1,0,0,1,disability
2021,31.0,4.41,male,other,post_sec_higher,0,1,1,0,1,respite,0,0,0,0,0,0,0,0,0,disability
2021,44.9,6.16,male,other,post_sec_higher,0,1,1,0,1,other,0,0,0,0,0,0,0,0,0,disability
2021,69.8,1.61,male,other,post_sec_higher,0,1,1,0,1,emergency_shelter,0,0,0,0,0,0,0,0,0,welfare
2021,46.4,1.66,male,other,post_sec_higher,0,1,1,0,1,emergency_shelter,0,0,0,0,0,0,0,1,0,disability
2021,36.3,11.0,male,other,post_sec_higher,0,1,1,0,1,emergency_shelter,0,0,0,0,0,0,0,0,0,disability
2021,27.3,4.71,male,other,post_sec_higher,0,1,1,0,1,emergency_shelter,0,0,0,0,0,0,0,1,1,welfare
2021,39.2,2.24,male,other,post_sec_higher,0,1,1,0,1,emergency_shelter,0,0,0,0,0,1,0,1,1,disability
2021,30.9,2.76,male,other,post_sec_higher,0,1,1,0,1,emergency_shelter,0,0,0,1,0,0,1,0,0,welfare
2021,45.5,4.56,male,other,post_sec_higher,0,1,1,0,0,respite,0,0,0,0,0,0,0,0,0,disability
2021,47.4,1.12,male,other,post_sec_higher,0,1,1,0,0,emergency_shelter,0,0,0,0,0,0,1,1,0,other
2021,65.1,0.7,male,other,post_sec_higher,0,1,1,0,0,other,0,0,0,0,0,0,0,0,0,welfare
2021,40.8,1.07,male,other,post_sec_higher,0,1,0,0,1,respite,0,0,0,0,0,0,0,0,0,disability
2021,46.4,30.0,male,other,post_sec_higher,0,1,0,0,1,emergency_shelter,0,0,0,1,0,0,0,1,0,disability
2021,40.7,7.72,male,other,post_sec_higher,0,1,0,0,1,emergency_shelter,0,0,0,1,0,1,0,0,0,welfare
2021,55.7,12.27,male,other,post_sec_higher,0,1,0,0,1,emergency_shelter,0,0,0,0,1,0,0,0,0,informal
2021,69.6,6.27,male,other,post_sec_higher,0,1,0,0,1,other,0,0,0,1,0,0,0,0,0,welfare
2021,35.8,30.0,male,other,post_sec_higher,0,1,0,0,1,respite,0,0,0,0,0,0,0,1,0,disability
2021,51.9,8.29,male,other,post_sec_higher,0,1,0,0,1,emergency_shelter,0,0,1,0,0,1,0,1,0,welfare
2021,24.6,10.55,male,other,post_sec_higher,0,1,0,0,1,emergency_shelter,1,0,0,1,0,0,0,0,0,employment
2021,31.0,25.51,male,other,post_sec_higher,0,1,0,0,1,emergency_shelter,0,0,0,0,1,1,0,0,0,welfare
2021,53.9,25.63,male,other,post_sec_higher,0,1,0,0,1,emergency_shelter,0,0,0,0,0,0,0,0,0,welfare
2021,45.0,1.17,male,other,post_sec_higher,0,1,0,0,1,emergency_shelter,0,0,0,0,0,0,0,1,0,welfare
2021,30.5,3.24,male,other,post_sec_higher,0,1,0,0,1,emergency_shelter,0,0,1,0,1,0,0,0,0,informal
2021,46.1,2.87,male,other,post_sec_higher,0,1,0,0,1,emergency_shelter,0,0,0,0,1,1,0,0,0,other
2021,58.3,1.04,male,other,post_sec_higher,0,1,0,0,1,emergency_shelter,0,0,0,0,0,1,1,1,1,welfare
2021,25.7,8.16,male,other,post_sec_higher,0,0,1,0,1,emergency_shelter,0,0,0,1,0,0,0,1,0,employment
2021,54.2,2.63,male,other,post_sec_higher,0,0,1,0,1,emergency_shelter,0,0,0,0,0,0,0,0,0,welfare
2021,46.8,11.33,male,other,post_sec_higher,0,0,1,0,1,emergency_shelter,0,0,0,0,0,0,0,1,0,welfare
2021,61.6,18.53,male,other,post_sec_higher,0,0,1,0,1,emergency_shelter,0,0,0,0,0,0,0,1,0,disability
2021,72.8,7.98,male,other,post_sec_higher,0,0,1,0,1,emergency_shelter,0,0,0,0,0,0,0,0,0,welfare
2021,40.7,6.74,male,other,post_sec_higher,0,0,1,0,1,emergency_shelter,0,0,0,0,0,0,0,0,0,welfare
2021,60.9,3.36,male,other,post_sec_higher,0,0,1,0,1,emergency_shelter,0,0,0,0,0,0,0,0,0,welfare
2021,46.5,30.0,male,other,post_sec_higher,0,0,1,0,1,emergency_shelter,0,0,0,1,0,1,0,1,0,employment
2021,18.0,14.95,male,other,post_sec_higher,0,0,1,0,1,emergency_shelter,1,0,0,0,0,0,0,0,0,welfare
2021,34.0,2.3,male,other,post_sec_higher,0,0,0,1,1,outdoor,0,0,0,1,0,0,0,0,0,disability
2021,46.9,6.74,male,other,post_sec_higher,0,0,0,1,1,outdoor,0,0,0,0,0,0,0,1,0,disability
2021,32.4,16.77,male,other,post_sec_higher,0,0,0,1,1,outdoor,0,0,0,0,0,0,0,1,1,welfare
2021,73.5,6.17,male,other,post_sec_higher,0,0,0,0,1,emergency_shelter,0,0,0,0,1,0,0,0,0,employment
2021,20.8,5.03,male,other,post_sec_higher,0,0,0,0,1,emergency_shelter,1,0,1,1,1,1,1,0,0,welfare
2021,29.6,6.65,male,other,post_sec_higher,0,0,0,0,1,respite,0,0,0,1,0,0,0,0,0,disability
2021,49.9,13.42,male,other,post_sec_higher,0,0,0,0,1,emergency_shelter,0,0,0,1,0,0,0,1,1,disability
2021,31.1,30.0,male,other,post_sec_higher,0,0,0,0,1,emergency_shelter,0,0,1,0,0,0,0,1,0,welfare
2021,49.3,1.79,male,other,post_sec_higher,0,0,0,0,1,other,0,0,0,1,0,1,0,0,0,informal
2021,63.5,1.53,male,other,post_sec_higher,0,0,0,0,1,emergency_shelter,0,0,0,0,0,0,0,0,0,other
2021,52.6,3.64,male,other,post_sec_higher,0,0,0,0,1,emergency_shelter,0,0,1,1,0,0,0,1,0,other
2021,32.3,7.24,male,other,post_sec_higher,0,0,0,0,1,respite,0,0,0,1,0,0,0,0,0,welfare
2021,48.4,1.65,male,other,post_sec_higher,0,0,0,0,1,emergency_shelter,0,0,0,0,1,0,1,1,0,informal
2021,56.4,12.83,male,other,post_sec_higher,0,0,0,0,1,emergency_shelter,0,0,0,0,0,0,0,1,1,employment
2021,35.8,7.47,male,other,post_sec_higher,0,0,0,0,1,emergency_shelter,0,0,0,0,1,0,0,0,0,disability
2021,30.9,14.59,male,other,post_sec_higher,0,0,0,0,1,emergency_shelter,0,0,0,0,0,1,0,0,0,welfare
2021,44.7,4.09,male,other,post_sec_higher,0,0,0,0,1,emergency_shelter,0,0,0,0,0,1,0,0,0,disability
2021,67.7,4.67,male,other,post_sec_higher,0,0,0,0,1,emergency_shelter,0,0,0,1,0,0,0,0,0,welfare
2021,32.2,19.0,male,other,post_sec_higher,0,0,0,0,1,emergency_shelter,0,0,1,1,1,0,0,0,0,disability
2021,39.9,3.07,male,other,post_sec_higher,0,0,0,0,1,emergency_shelter,0,0,0,0,1,1,0,1,0,welfare
2021,29.3,4.4,male,other,post_sec_higher,0,0,0,0,1,emergency_shelter,0,0,0,0,0,0,0,0,0,other
2021,35.5,1.08,male,other,post_sec_higher,0,0,0,0,1,emergency_shelter,0,0,0,0,0,1,0,0,0,welfare
2021,44.2,7.45,male,other,post_sec_higher,0,0,0,0,1,respite,0,0,0,1,0,0,0,1,0,disability
2021,43.9,24.09,male,other,post_sec_higher,0,0,0,0,1,emergency_shelter,0,0,0,0,1,0,0,0,0,welfare
2021,46.9,8.0,male,other,post_sec_higher,0,0,0,0,0,emergency_shelter,0,0,0,0,0,0,0,0,0,other
2021,45.7,0.05,male,other,post_sec_higher,0,0,0,0,0,emergency_shelter,0,0,0,1,0,0,0,1,1,disability
2021,50.3,2.05,male,other,post_sec_higher,0,0,0,0,0,emergency_shelter,0,0,1,1,0,0,1,0,0,welfare
2021,32.5,0.08,male,other,post_sec_higher,0,0,0,0,0,emergency_shelter,0,0,0,0,1,0,0,0,0,welfare
2021,34.2,2.67,male,other,post_sec_higher,0,0,0,0,0,emergency_shelter,0,0,0,0,0,0,0,0,0,welfare
2021,52.5,11.28,female,black,less_than_hs,1,1,1,0,1,respite,0,0,0,0,1,1,1,0,0,other
2021,43.4,2.68,female,black,less_than_hs,1,1,1,0,1,emergency_shelter,0,0,0,0,0,0,0,1,0,disability
2021,33.5,3.7,female,black,less_than_hs,1,1,1,0,1,emergency_shelter,0,0,0,1,0,0,0,0,0,welfare
2021,53.3,30.0,female,black,less_than_hs,1,1,1,0,1,emergency_shelter,0,0,0,0,0,0,0,1,0,disability
2021,60.9,22.86,female,black,less_than_hs,1,0,0,0,1,emergency_shelter,0,0,0,0,0,0,0,1,0,informal
2021,27.4,30.0,female,black,less_than_hs,1,0,0,0,1,respite,0,0,0,0,0,0,0,0,0,other
2021,15.0,5.43,female,black,less_than_hs,1,0,0,0,1,emergency_shelter,1,0,0,0,0,0,0,1,1,disability
2021,50.1,3.42,female,black,less_than_hs,1,0,0,0,1,other,0,0,0,1,0,0,0,0,0,disability
2021,47.2,3.84,female,black,less_than_hs,1,0,0,0,1,emergency_shelter,0,0,0,0,0,0,1,0,0,other
2021,53.5,8.01,female,black,less_than_hs,1,0,0,0,1,emergency_shelter,0,0,0,1,0,0,0,0,0,other
2021,15.0,9.46,female,black,less_than_hs,0,1,1,0,1,emergency_shelter,1,0,0,0,0,0,0,0,0,other
2021,61.5,7.95,female,black,less_than_hs,0,1,1,0,1,emergency_shelter,0,0,0,0,0,0,1,0,0,other
2021,46.5,1.93,female,black,less_than_hs,0,1,1,0,1,emergency_shelter,0,0,0,0,0,0,0,0,1,welfare
2021,60.2,11.88,female,black,less_than_hs,0,1,1,0,1,respite,0,0,0,0,0,0,0,0,1,other
2021,39.8,4.12,female,black,less_than_hs,0,1,1,0,1,emergency_shelter,0,0,0,0,0,0,1,0,0,other
2021,61.7,6.61,female,black,less_than_hs,0,1,1,0,1,emergency_shelter,0,0,0,0,0,0,0,0,0,disability
2021,42.7,4.19,female,black,less_than_hs,0,1,1,0,1,respite,0,0,0,0,0,0,0,1,0,informal
2021,42.9,1.13,female,black,less_than_hs,0,1,1,0,1,emergency_shelter,0,0,0,0,0,0,1,0,0,welfare
2021,21.1,28.3,female,black,less_than_hs,0,1,1,0,1,emergency_shelter,1,0,0,1,1,1,0,1,0,disability
2021,33.4,2.02,female,black,less_than_hs,0,1,1,0,1,emergency_shelter,0,0,1,0,0,0,0,0,0,welfare
2021,36.2,8.1,female,black,less_than_hs,0,1,1,0,1,emergency_shelter,0,0,1,0,0,0,0,0,0,welfare
2021,20.7,29.65,female,black,less_than_hs,0,1,1,0,1,emergency_shelter,1,0,0,0,0,0,0,0,0,other
2021,33.9,2.63,female,black,less_than_hs,0,1,1,0,1,emergency_shelter,0,0,0,1,0,0,0,1,1,informal
2021,55.6,4.82,female,black,less_than_hs,0,1,1,0,1,emergency_shelter,0,0,0,1,1,1,0,1,1,other
2021,57.2,4.35,female,black,less_than_hs,0,1,1,0,1,other,0,0,0,1,0,0,1,0,0,disability
2021,22.4,1.58,female,black,less_than_hs,0,1,1,0,1,emergency_shelter,1,0,0,0,0,0,0,0,0,welfare
2021,69.3,4.99,female,black,less_than_hs,0,1,1,0,1,emergency_shelter,0,0,0,1,0,0,0,1,0,employment
2021,57.7,5.91,female,black,less_than_hs,0,1,1,0,1,other,0,0,0,1,0,0,0,0,0,welfare
2021,72.1,8.0,female,black,less_than_hs,0,1,1,0,0,emergency_shelter,0,0,0,1,1,0,0,1,0,welfare
2021,32.0,3.75,female,black,less_than_hs,0,1,1,0,0,emergency_shelter,0,0,0,0,0,0,0,0,0,welfare
2021,35.0,5.09,female,black,less_than_hs,0,1,0,0,1,emergency_shelter,0,0,0,0,0,0,0,0,0,disability
2021,38.0,30.0,female,black,less_than_hs,0,1,0,0,1,emergency_shelter,0,0,0,0,1,0,0,0,0,welfare
2021,57.3,3.74,female,black,less_than_hs,0,1,0,0,1,emergency_shelter,0,0,0,0,0,1,0,0,0,welfare
2021,28.8,1.43,female,black,less_than_hs,0,1,0,0,1,other,0,0,0,0,0,0,0,0,0,employment
2021,39.3,10.92,female,black,less_than_hs,0,1,0,0,1,emergency_shelter,0,0,1,0,0,0,0,0,0,other
2021,66.2,8.72,female,black,less_than_hs,0,1,0,0,1,emergency_shelter,0,0,0,0,0,0,0,0,0,welfare
2021,62.4,30.0,female,black,less_than_hs,0,1,0,0,1,emergency_shelter,0,0,0,1,0,0,0,0,0,welfare
2021,48.8,2.73,female,black,less_than_hs,0,1,0,0,1,respite,0,0,0,0,0,0,0,0,0,other
2021,39.2,4.59,female,black,less_than_hs,0,1,0,0,1,emergency_shelter,0,0,0,0,0,0,0,1,0,disability
2021,42.5,5.59,female,black,less_than_hs,0,1,0,0,1,other,0,0,1,0,0,1,0,1,0,welfare
2021,47.2,25.62,female,black,less_than_hs,0,1,0,0,1,emergency_shelter,0,0,0,0,0,0,0,0,0,other
2021,75.5,4.86,female,black,less_than_hs,0,1,0,0,1,emergency_shelter,0,0,0,0,0,0,0,0,0,disability
2021,60.3,16.13,female,black,less_than_hs,0,1,0,0,1,emergency_shelter,0,0,0,0,0,0,0,1,0,disability
2021,24.7,1.38,female,black,less_than_hs,0,0,1,0,1,emergency_shelter,1,0,0,0,0,0,0,0,1,disability
2021,61.2,30.0,female,black,less_than_hs,0,0,1,0,1,emergency_shelter,0,0,0,1,0,0,0,0,0,other
2021,34.6,17.16,female,black,less_than_hs,0,0,1,0,1,emergency_shelter,0,0,0,0,0,0,0,0,0,welfare
2021,53.2,5.29,female,black,less_than_hs,0,0,1,0,1,emergency_shelter,0,0,0,1,0,0,0,0,0,welfare
2021,23.7,7.27,female,black,less_than_hs,0,0,1,0,1,emergency_shelter,1,0,0,0,0,0,0,1,0,employment
2021,68.0,1.2,female,black,less_than_hs,0,0,1,0,1,emergency_shelter,0,0,0,0,0,0,0,0,0,welfare
2021,85.0,6.25,female,black,less_than_hs,0,0,1,0,1,emergency_shelter,0,0,0,0,0,0,0,0,0,welfare
2021,50.6,5.04,female,black,less_than_hs,0,0,1,0,1,emergency_shelter,0,0,0,0,0,0,0,0,0,other
2021,60.4,5.72,female,black,less_than_hs,0,0,0,1,1,outdoor,0,0,0,0,0,0,0,0,0,disability
2021,34.7,21.81,female,black,less_than_hs,0,0,0,1,1,outdoor,0,0,0,0,0,0,0,1,0,disability
2021,62.4,1.56,female,black,less_than_hs,0,0,0,0,1,emergency_shelter,0,0,0,0,0,0,0,0,0,disability
2021,40.8,4.29,female,black,less_than_hs,0,0,0,0,1,emergency_shelter,0,0,1,0,1,0,0,0,0,welfare
2021,57.5,1.62,female,black,less_than_hs,0,0,0,0,1,respite,0,0,0,1,0,0,0,0,0,welfare
2021,53.6,30.0,female,black,less_than_hs,0,0,0,0,1,respite,0,0,0,1,0,0,0,0,1,welfare
2021,45.2,1.22,female,black,less_than_hs,0,0,0,0,1,emergency_shelter,0,0,0,0,0,0,0,0,0,other
2021,65.2,5.03,female,black,less_than_hs,0,0,0,0,1,other,0,0,0,1,0,0,0,1,0,welfare
2021,64.1,25.67,female,black,less_than_hs,0,0,0,0,1,emergency_shelter,0,0,0,1,0,0,0,1,0,welfare
2021,37.0,2.92,female,black,less_than_hs,0,0,0,0,1,emergency_shelter,0,0,0,0,0,0,0,0,0,welfare
2021,36.0,1.69,female,black,less_than_hs,0,0,0,0,1,emergency_shelter,0,0,0,1,0,0,0,0,0,other
2021,42.6,1.85,female,black,less_than_hs,0,0,0,0,1,emergency_shelter,0,0,0,0,1,0,0,1,0,welfare
2021,41.8,4.72,female,black,less_than_hs,0,0,0,0,1,emergency_shelter,0,0,0,0,0,0,0,0,0,informal
2021,60.6,5.07,female,black,less_than_hs,0,0,0,0,1,emergency_shelter,0,0,0,0,0,0,0,1,0,welfare
2021,51.0,12.93,female,black,less_than_hs,0,0,0,0,1,emergency_shelter,0,0,0,1,0,0,0,0,0,other
2021,33.4,2.79,female,black,less_than_hs,0,0,0,0,1,emergency_shelter,0,0,0,0,0,0,0,1,0,informal
2021,34.1,12.17,female,black,less_than_hs,0,0,0,0,1,emergency_shelter,0,0,0,1,0,0,0,1,0,employment
2021,47.6,30.0,female,black,less_than_hs,0,0,0,0,1,emergency_shelter,0,0,0,0,0,0,0,1,0,other
2021,58.1,26.07,female,black,less_than_hs,0,0,0,0,1,other,0,0,0,0,0,0,0,1,1,welfare
2021,67.9,9.64,female,black,less_than_hs,0,0,0,0,1,emergency_shelter,0,0,0,0,1,0,0,0,0,other
2021,48.4,30.0,female,black,less_than_hs,0,0,0,0,1,emergency_shelter,0,0,0,0,0,0,0,0,0,other
2021,44.3,30.0,female,black,less_than_hs,0,0,0,0,1,emergency_shelter,0,0,0,1,0,1,1,1,0,welfare
2021,30.5,2.7,female,black,less_than_hs,0,0,0,0,0,other,0,0,0,1,0,0,0,0,0,welfare
2021,56.0,3.26,female,black,less_than_hs,0,0,0,0,0,emergency_shelter,0,0,0,0,0,0,0,1,0,disability
2021,54.4,8.0,female,black,less_than_hs,0,0,0,0,0,emergency_shelter,0,0,0,0,1,0,1,0,0,employment
2021,76.6,8.0,female,black,less_than_hs,0,0,0,0,0,emergency_shelter,0,0,0,0,0,0,0,1,0,welfare
2021,25.0,30.0,female,black,hs_graduate,1,1,1,0,1,emergency_shelter,0,0,0,0,0,0,0,1,0,disability
2021,59.6,2.78,female,black,hs_graduate,1,1,1,0,1,emergency_shelter,0,0,0,1,0,0,1,1,0,other
2021,65.1,11.98,female,black,hs_graduate,1,1,1,0,1,emergency_shelter,0,0,0,0,1,0,0,0,0,employment
2021,66.8,5.42,female,black,hs_graduate,1,1,1,0,1,emergency_shelter,0,0,1,0,0,0,0,1,0,welfare
2021,45.0,7.72,female,black,hs_graduate,1,0,0,0,1,emergency_shelter,0,0,0,0,0,0,0,0,0,welfare
2021,58.6,4.07,female,black,hs_graduate,1,0,0,0,1,emergency_shelter,0,0,1,0,0,0,0,0,0,welfare
2021,47.8,13.56,female,black,hs_graduate,1,0,0,0,1,respite,0,0,0,1,0,0,0,0,0,informal
2021,37.7,8.34,female,black,hs_graduate,1,0,0,0,1,emergency_shelter,0,0,0,0,0,0,0,1,0,welfare
2021,36.9,21.25,female,black,hs_graduate,1,0,0,0,1,emergency_shelter,0,0,0,1,0,0,0,1,0,employment
2021,38.5,1.37,female,black,hs_graduate,1,0,0,0,1,emergency_shelter,0,0,0,0,0,0,0,1,0,informal
2021,28.7,5.08,female,black,hs_graduate,0,1,1,0,1,emergency_shelter,0,0,0,1,0,1,1,0,0,welfare
2021,53.9,2.99,female,black,hs_graduate,0,1,1,0,1,emergency_shelter,0,0,0,0,0,0,0,0,0,disability
2021,43.6,4.84,female,black,hs_graduate,0,1,1,0,1,emergency_shelter,0,0,0,0,0,0,0,0,0,welfare
2021,82.0,29.31,female,black,hs_graduate,0,1,1,0,1,emergency_shelter,0,0,0,1,1,0,0,0,0,welfare
2021,58.3,7.26,female,black,hs_graduate,0,1,1,0,1,emergency_shelter,0,0,0,0,0,0,0,1,1,disability
2021,42.3,3.81,female,black,hs_graduate,0,1,1,0,1,emergency_shelter,0,0,0,1,0,0,0,0,0,other
2021,65.0,10.9,female,black,hs_graduate,0,1,1,0,1,emergency_shelter,0,0,0,1,0,0,0,0,0,employment
2021,42.6,8.91,female,black,hs_graduate,0,1,1,0,1,emergency_shelter,0,0,0,0,0,0,0,1,0,welfare
2021,55.5,7.57,female,black,hs_graduate,0,1,1,0,1,emergency_shelter,0,0,0,1,0,0,0,0,0,employment
2021,40.6,4.53,female,black,hs_graduate,0,1,1,0,1,respite,0,0,0,1,0,0,1,1,1,welfare
2021,47.0,1.46,female,black,hs_graduate,0,1,1,0,1,emergency_shelter,0,0,0,1,0,0,0,0,0,welfare
2021,63.8,9.18,female,black,hs_graduate,0,1,1,0,1,emergency_shelter,0,0,0,1,0,0,0,0,0,welfare
2021,40.9,4.94,female,black,hs_graduate,0,1,1,0,1,emergency_shelter,0,0,0,0,0,1,0,0,1,disability
2021,15.0,5.07,female,black,hs_graduate,0,1,1,0,1,emergency_shelter,1,0,1,0,0,0,0,0,0,welfare
2021,35.4,2.75,female,black,hs_graduate,0,1,1,0,1,emergency_shelter,0,0,0,1,0,0,0,0,0,welfare
2021,66.8,2.9,female,black,hs_graduate,0,1,1,0,1,emergency_shelter,0,0,0,0,0,0,0,0,0,disability
2021,68.2,17.27,female,black,hs_graduate,0,1,1,0,1,emergency_shelter,0,0,0,0,0,0,0,0,0,employment
2021,36.0,5.91,female,black,hs_graduate,0,1,1,0,1,emergency_shelter,0,0,0,0,0,0,0,1,0,other
2021,41.7,6.25,female,black,hs_graduate,0,1,1,0,0,emergency_shelter,0,0,1,1,0,0,0,0,1,welfare
2021,25.9,2.56,female,black,hs_graduate,0,1,1,0,0,emergency_shelter,0,0,0,1,0,0,0,0,0,welfare
2021,38.2,5.37,female,black,hs_graduate,0,1,0,0,1,emergency_shelter,0,0,0,0,0,0,0,0,0,other
2021,51.5,1.43,female,black,hs_graduate,0,1,0,0,1,emergency_shelter,0,0,0,1,0,0,0,1,0,informal
2021,52.6,13.58,female,black,hs_graduate,0,1,0,0,1,emergency_shelter,0,0,0,1,0,1,0,1,0,disability
2021,47.1,4.32,female,black,hs_graduate,0,1,0,0,1,emergency_shelter,0,0,0,0,0,0,0,0,0,other
2021,39.5,3.45,female,black,hs_graduate,0,1,0,0,1,emergency_shelter,0,0,0,0,0,0,0,0,0,disability
2021,44.3,3.29,female,black,hs_graduate,0,1,0,0,1,emergency_shelter,0,0,0,0,0,0,0,0,0,disability
2021,39.6,1.05,female,black,hs_graduate,0,1,0,0,1,emergency_shelter,0,0,0,1,0,1,0,0,0,disability
2021,47.9,14.24,female,black,hs_graduate,0,1,0,0,1,emergency_shelter,0,0,0,0,0,0,0,0,0,welfare
2021,49.7,1.99,female,black,hs_graduate,0,1,0,0,1,other,0,0,0,1,0,1,0,0,0,welfare
2021,42.6,6.69,female,black,hs_graduate,0,1,0,0,1,emergency_shelter,0,0,0,1,1,0,0,1,1,welfare
2021,34.2,1.1,female,black,hs_graduate,0,1,0,0,1,emergency_shelter,0,0,1,0,0,1,0,0,0,disability
2021,63.5,9.4,female,black,hs_graduate,0,1,0,0,1,emergency_shelter,0,0,0,0,0,0,0,1,1,disability
2021,50.2,4.24,female,black,hs_graduate,0,1,0,0,1,emergency_shelter,0,0,0,0,0,0,0,0,0,welfare
2021,56.0,30.0,female,black,hs_graduate,0,0,1,0,1,respite,0,0,0,0,0,0,0,1,0,welfare
2021,40.6,20.09,female,black,hs_graduate,0,0,1,0,1,emergency_shelter,0,0,0,0,1,0,0,1,1,disability
2021,65.1,4.17,female,black,hs_graduate,0,0,1,0,1,respite,0,0,0,0,0,0,0,0,0,other
2021,50.2,8.58,female,black,hs_graduate,0,0,1,0,1,emergency_shelter,0,0,0,0,0,0,0,0,0,welfare
2021,49.4,1.3,female,black,hs_graduate,0,0,1,0,1,emergency_shelter,0,0,0,0,0,1,0,0,0,employment
2021,61.0,5.45,female,black,hs_graduate,0,0,1,0,1,emergency_shelter,0,0,0,0,0,0,0,0,0,welfare
2021,27.0,8.81,female,black,hs_graduate,0,0,1,0,1,emergency_shelter,0,0,0,1,0,0,0,0,0,employment
2021,75.1,12.77,female,black,hs_graduate,0,0,1,0,1,emergency_shelter,0,0,0,0,1,1,0,1,0,welfare
2021,22.5,1.89,female,black,hs_graduate,0,0,0,1,1,outdoor,1,0,0,1,1,1,1,0,0,welfare
2021,47.9,30.0,female,black,hs_graduate,0,0,0,1,1,outdoor,0,0,0,1,0,0,0,0,0,welfare
2021,32.0,1.04,female,black,hs_graduate,0,0,0,0,1,emergency_shelter,0,0,0,1,0,1,0,1,0,welfare
2021,44.9,6.18,female,black,hs_graduate,0,0,0,0,1,respite,0,0,0,1,0,0,0,0,0,welfare
2021,61.6,9.36,female,black,hs_graduate,0,0,0,0,1,emergency_shelter,0,0,0,1,0,0,0,0,0,welfare
2021,47.2,2.1,female,black,hs_graduate,0,0,0,0,1,emergency_shelter,0,0,0,1,0,0,0,0,0,disability
2021,35.7,1.43,female,black,hs_graduate,0,0,0,0,1,emergency_shelter,0,0,0,1,0,0,0,0,0,disability
2021,58.9,6.99,female,black,hs_graduate,0,0,0,0,1,emergency_shelter,0,0,0,0,0,0,0,1,0,disability
2021,49.1,7.27,female,black,hs_graduate,0,0,0,0,1,emergency_shelter,0,0,0,0,0,1,0,0,0,welfare
2021,48.7,3.76,female,black,hs_graduate,0,0,0,0,1,emergency_shelter,0,0,0,0,1,0,0,1,0,other
2021,40.0,29.46,female,black,hs_graduate,0,0,0,0,1,emergency_shelter,0,0,0,0,0,0,0,0,0,welfare
2021,28.4,3.43,female,black,hs_graduate,0,0,0,0,1,emergency_shelter,0,0,0,0,0,0,0,0,0,disability
2021,49.4,6.61,female,black,hs_graduate,0,0,0,0,1,emergency_shelter,0,0,0,0,0,0,0,0,1,disability
2021,51.1,2.33,female,black,hs_graduate,0,0,0,0,1,emergency_shelter,0,0,0,0,0,0,0,0,0,welfare
2021,36.0,1.07,female,black,hs_graduate,0,0,0,0,1,emergency_shelter,0,0,0,0,1,1,0,0,1,other
2021,48.2,5.03,female,black,hs_graduate,0,0,0,0,1,emergency_shelter,0,0,0,0,0,0,0,0,0,other
2021,59.1,6.82,female,black,hs_graduate,0,0,0,0,1,emergency_shelter,0,0,0,1,0,1,0,1,0,disability
2021,31.8,15.61,female,black,hs_graduate,0,0,0,0,1,other,0,0,0,1,0,0,0,1,0,informal
2021,51.9,5.39,female,black,hs_graduate,0,0,0,0,1,other,0,0,0,0,0,0,1,1,1,disability
2021,44.6,3.19,female,black,hs_graduate,0,0,0,0,1,emergency_shelter,0,0,0,1,0,0,0,0,0,informal
2021,59.4,8.7,female,black,hs_graduate,0,0,0,0,1,emergency_shelter,0,0,0,0,1,0,0,1,0,other
2021,61.1,4.39,female,black,hs_graduate,0,0,0,0,1,emergency_shelter,0,0,1,1,1,0,1,0,0,disability
2021,43.9,4.02,female,black,hs_graduate,0,0,0,0,0,emergency_shelter,0,0,0,1,0,0,0,0,0,disability
2021,61.7,3.58,female,black,hs_graduate,0,0,0,0,0,emergency_shelter,0,0,0,0,0,0,0,0,0,disability
2021,31.2,8.0,female,black,hs_graduate,0,0,0,0,0,other,0,0,0,0,0,0,0,0,0,welfare
2021,58.3,8.0,female,black,hs_graduate,0,0,0,0,0,emergency_shelter,0,0,0,0,0,0,1,0,0,disability
2021,37.5,2.52,female,black,some_post_sec,1,0,0,0,1,emergency_shelter,0,0,0,1,1,0,1,0,0,welfare
2021,61.5,9.74,female,black,some_post_sec,1,0,0,0,1,emergency_shelter,0,0,0,0,0,0,0,1,0,welfare
2021,39.9,11.89,female,black,some_post_sec,0,1,1,0,1,emergency_shelter,0,0,0,0,1,0,0,0,0,employment
2021,42.0,16.33,female,black,some_post_sec,0,1,1,0,1,emergency_shelter,0,0,0,1,0,0,0,1,0,welfare
2021,44.1,3.49,female,black,some_post_sec,0,1,1,0,1,emergency_shelter,0,0,1,1,1,0,0,1,0,other
2021,47.1,1.76,female,black,some_post_sec,0,1,1,0,1,emergency_shelter,0,0,0,0,0,0,0,1,1,disability
2021,52.3,11.31,female,black,some_post_sec,0,1,1,0,1,emergency_shelter,0,0,0,0,0,1,0,0,1,welfare
2021,52.0,1.81,female,black,some_post_sec,0,1,1,0,1,emergency_shelter,0,0,0,0,0,1,0,1,0,welfare
2021,30.5,5.61,female,black,some_post_sec,0,1,1,0,1,emergency_shelter,0,0,0,1,1,0,0,1,0,welfare
2021,28.5,2.72,female,black,some_post_sec,0,1,1,0,1,emergency_shelter,0,0,0,1,0,0,0,0,0,employment
2021,69.8,3.78,female,black,some_post_sec,0,1,1,0,1,emergency_shelter,0,0,0,1,0,0,0,0,0,disability
2021,62.2,5.75,female,black,some_post_sec,0,1,1,0,1,emergency_shelter,0,0,0,0,1,0,0,0,0,welfare
2021,27.8,30.0,female,black,some_post_sec,0,1,1,0,1,other,0,0,0,0,0,0,0,0,0,other
2021,51.5,11.25,female,black,some_post_sec,0,1,1,0,1,emergency_shelter,0,0,0,0,0,1,0,1,0,other
2021,57.4,2.2,female,black,some_post_sec,0,1,1,0,1,emergency_shelter,0,0,0,1,0,1,0,0,0,welfare
2021,74.9,28.88,female,black,some_post_sec,0,1,1,0,1,emergency_shelter,0,0,0,0,0,0,0,0,0,welfare
2021,39.4,30.0,female,black,some_post_sec,0,1,0,0,1,respite,0,0,0,0,0,0,0,0,0,employment
2021,49.5,5.2,female,black,some_post_sec,0,1,0,0,1,emergency_shelter,0,0,0,0,1,0,1,1,0,informal
2021,36.8,6.0,female,black,some_post_sec,0,1,0,0,1,emergency_shelter,0,0,0,1,0,0,0,1,0,disability
2021,54.3,6.02,female,black,some_post_sec,0,1,0,0,1,emergency_shelter,0,0,0,1,0,0,0,1,0,welfare
2021,56.4,3.19,female,black,some_post_sec,0,1,0,0,1,emergency_shelter,0,0,0,0,0,0,0,0,0,employment
2021,54.5,1.76,female,black,some_post_sec,0,1,0,0,1,other,0,0,0,0,0,1,1,1,0,other
2021,57.0,3.02,female,black,some_post_sec,0,1,0,0,1,respite,0,0,0,0,0,0,0,1,0,disability
2021,59.1,23.07,female,black,some_post_sec,0,1,0,0,1,emergency_shelter,0,0,0,0,0,0,0,0,0,welfare
2021,44.2,7.17,female,black,some_post_sec,0,1,0,0,1,emergency_shelter,0,0,0,0,0,0,0,0,0,welfare
2021,28.1,3.6,female,black,some_post_sec,0,0,1,0,1,emergency_shelter,0,0,0,0,0,0,0,0,0,employment
2021,47.5,16.81,female,black,some_post_sec,0,0,1,0,1,emergency_shelter,0,0,0,0,0,0,0,0,0,disability
2021,54.5,4.29,female,black,some_post_sec,0,0,1,0,1,emergency_shelter,0,0,0,0,0,0,0,0,0,informal
2021,22.7,1.76,female,black,some_post_sec,0,0,1,0,1,other,1,0,0,1,0,0,0,0,0,welfare
2021,69.3,2.36,female,black,some_post_sec,0,0,0,0,1,emergency_shelter,0,0,0,1,0,0,0,0,0,welfare
2021,33.5,1.34,female,black,some_post_sec,0,0,0,0,1,other,0,0,0,0,0,0,0,0,0,other
2021,51.1,1.44,female,black,some_post_sec,0,0,0,0,1,emergency_shelter,0,0,0,0,0,0,0,0,0,welfare
2021,55.5,7.9,female,black,some_post_sec,0,0,0,0,1,emergency_shelter,0,0,1,0,0,0,0,0,0,informal
2021,52.8,2.24,female,black,some_post_sec,0,0,0,0,1,emergency_shelter,0,0,0,1,1,0,0,0,0,welfare
2021,32.3,24.11,female,black,some_post_sec,0,0,0,0,1,respite,0,0,0,1,0,0,1,0,0,welfare
2021,49.6,8.48,female,black,some_post_sec,0,0,0,0,1,emergency_shelter,0,0,0,0,0,0,0,0,0,disability
2021,50.5,26.18,female,black,some_post_sec,0,0,0,0,1,emergency_shelter,0,0,0,0,0,0,0,1,0,other
2021,37.2,5.05,female,black,some_post_sec,0,0,0,0,1,emergency_shelter,0,0,0,0,1,0,1,0,0,disability
2021,52.8,8.46,female,black,some_post_sec,0,0,0,0,1,emergency_shelter,0,0,0,1,1,1,1,1,0,welfare
2021,48.9,6.79,female,black,some_post_sec,0,0,0,0,1,emergency_shelter,0,0,0,0,0,0,0,1,0,welfare
2021,27.1,30.0,female,black,some_post_sec,0,0,0,0,1,emergency_shelter,0,0,0,1,0,0,0,1,0,welfare
2021,54.9,18.04,female,black,some_post_sec,0,0,0,0,1,emergency_shelter,0,0,0,0,0,0,0,0,0,disability
2021,47.6,8.45,female,black,some_post_sec,0,0,0,0,1,respite,0,0,0,1,0,0,0,1,0,other
2021,19.5,8.76,female,black,some_post_sec,0,0,0,0,1,emergency_shelter,1,0,0,0,0,0,1,0,0,disability
2021,41.8,2.89,female,black,some_post_sec,0,0,0,0,1,emergency_shelter,0,0,0,0,0,0,0,0,0,disability
2021,40.0,4.63,female,black,post_sec_higher,1,1,1,0,1,emergency_shelter,0,0,0,0,0,0,0,1,1,disability
2021,34.9,29.14,female,black,post_sec_higher,1,1,1,0,1,emergency_shelter,0,0,0,1,0,0,0,0,0,welfare
2021,34.6,1.17,female,black,post_sec_higher,1,1,1,0,1,emergency_shelter,0,0,0,0,1,0,0,1,1,other
2021,57.1,3.5,female,black,post_sec_higher,1,1,1,0,1,emergency_shelter,0,0,0,1,0,0,0,1,0,other
2021,44.4,3.4,female,black,post_sec_higher,1,0,0,0,1,other,0,0,0,0,0,0,0,0,0,welfare
2021,45.5,1.7,female,black,post_sec_higher,1,0,0,0,1,emergency_shelter,0,0,0,0,0,0,0,0,0,welfare
2021,54.1,3.31,female,black,post_sec_higher,1,0,0,0,1,emergency_shelter,0,0,0,1,0,0,0,0,0,welfare
2021,43.3,5.76,female,black,post_sec_higher,1,0,0,0,1,emergency_shelter,0,0,1,0,0,1,1,0,0,welfare
2021,54.5,3.37,female,black,post_sec_higher,1,0,0,0,1,emergency_shelter,0,0,0,0,0,0,0,0,0,informal
2021,23.6,9.28,female,black,post_sec_higher,1,0,0,0,1,emergency_shelter,1,0,0,1,0,0,0,0,0,employment
2021,37.2,1.48,female,black,post_sec_higher,0,1,1,0,1,emergency_shelter,0,0,0,1,0,0,0,0,0,disability
2021,45.6,22.16,female,black,post_sec_higher,0,1,1,0,1,emergency_shelter,0,0,0,0,1,0,0,0,0,employment
2021,74.6,6.17,female,black,post_sec_higher,0,1,1,0,1,emergency_shelter,0,0,0,0,1,0,0,0,0,disability
2021,45.3,11.65,female,black,post_sec_higher,0,1,1,0,1,emergency_shelter,0,0,1,0,0,0,0,0,0,other
2021,52.3,20.35,female,black,post_sec_higher,0,1,1,0,1,emergency_shelter,0,0,0,0,0,0,0,0,0,welfare
2021,25.2,1.32,female,black,post_sec_higher,0,1,1,0,1,emergency_shelter,0,0,0,1,0,0,1,0,0,disability
2021,34.3,3.84,female,black,post_sec_higher,0,1,1,0,1,emergency_shelter,0,0,0,0,0,0,0,1,0,disability
2021,36.3,1.15,female,black,post_sec_higher,0,1,1,0,1,other,0,0,0,1,0,1,0,1,0,other
2021,38.5,1.31,female,black,post_sec_higher,0,1,1,0,1,emergency_shelter,0,0,0,1,1,1,0,1,0,welfare
2021,60.2,1.23,female,black,post_sec_higher,0,1,1,0,1,emergency_shelter,0,0,0,1,0,0,0,0,0,welfare
2021,38.3,5.88,female,black,post_sec_higher,0,1,1,0,1,emergency_shelter,0,0,0,1,0,0,0,1,0,disability
2021,54.5,5.42,female,black,post_sec_higher,0,1,1,0,1,emergency_shelter,0,0,0,1,0,0,0,0,0,disability
2021,35.2,1.39,female,black,post_sec_higher,0,1,1,0,1,emergency_shelter,0,0,0,1,0,1,0,1,0,welfare
2021,42.1,3.02,female,black,post_sec_higher,0,1,1,0,1,emergency_shelter,0,0,0,0,0,0,0,0,0,welfare
2021,15.0,2.85,female,black,post_sec_higher,0,1,1,0,1,emergency_shelter,1,0,0,0,0,0,0,0,0,disability
2021,45.0,3.38,female,black,post_sec_higher,0,1,1,0,1,emergency_shelter,0,0,0,0,0,0,0,0,0,disability
2021,45.8,9.81,female,black,post_sec_higher,0,1,1,0,1,emergency_shelter,0,0,0,0,1,0,0,1,0,employment
2021,43.3,11.95,female,black,post_sec_higher,0,1,1,0,1,emergency_shelter,0,0,0,0,0,0,0,0,0,welfare
2021,22.7,4.59,female,black,post_sec_higher,0,1,1,0,0,respite,1,0,0,0,0,0,0,0,0,other
2021,51.3,6.69,female,black,post_sec_higher,0,1,1,0,0,emergency_shelter,0,0,0,0,0,0,0,0,0,other
2021,29.2,11.88,female,black,post_sec_higher,0,1,0,0,1,emergency_shelter,0,0,0,0,0,0,0,1,0,welfare
2021,50.4,7.76,female,black,post_sec_higher,0,1,0,0,1,emergency_shelter,0,0,0,0,0,0,0,0,0,informal
2021,40.9,3.05,female,black,post_sec_higher,0,1,0,0,1,emergency_shelter,0,0,0,0,0,0,1,1,1,employment
2021,54.1,4.24,female,black,post_sec_higher,0,1,0,0,1,emergency_shelter,0,0,0,1,0,1,1,1,0,disability
2021,44.8,5.38,female,black,post_sec_higher,0,1,0,0,1,emergency_shelter,0,0,0,0,0,0,0,0,0,disability
2021,38.0,1.09,female,black,post_sec_higher,0,1,0,0,1,emergency_shelter,0,0,0,1,0,0,0,1,1,disability
2021,77.9,28.96,female,black,post_sec_higher,0,1,0,0,1,emergency_shelter,0,0,0,0,0,0,0,1,0,other
2021,35.6,6.51,female,black,post_sec_higher,0,1,0,0,1,emergency_shelter,0,0,1,0,1,1,0,0,0,other
2021,49.9,14.74,female,black,post_sec_higher,0,1,0,0,1,other,0,0,1,1,0,0,0,0,0,disability
2021,53.7,2.21,female,black,post_sec_higher,0,1,0,0,1,emergency_shelter,0,0,0,1,0,0,0,1,0,welfare
2021,41.9,7.48,female,black,post_sec_higher,0,1,0,0,1,emergency_shelter,0,0,0,0,0,0,0,0,1,employment
2021,61.9,30.0,female,black,post_sec_higher,0,1,0,0,1,emergency_shelter,0,0,0,0,1,1,0,0,0,welfare
2021,58.1,2.57,female,black,post_sec_higher,0,1,0,0,1,respite,0,0,0,0,0,0,0,1,0,employment
2021,22.4,25.58,female,black,post_sec_higher,0,0,1,0,1,emergency_shelter,1,0,0,0,0,0,0,0,0,disability
2021,43.2,2.66,female,black,post_sec_higher,0,0,1,0,1,emergency_shelter,0,0,0,1,0,0,0,1,0,informal
2021,54.8,30.0,female,black,post_sec_higher,0,0,1,0,1,emergency_shelter,0,0,0,1,0,0,0,1,0,other
2021,50.4,2.68,female,black,post_sec_higher,0,0,1,0,1,emergency_shelter,0,0,0,1,1,0,0,0,0,disability
2021,39.9,2.67,female,black,post_sec_higher,0,0,1,0,1,emergency_shelter,0,0,0,0,0,0,0,0,0,disability
2021,58.4,28.97,female,black,post_sec_higher,0,0,1,0,1,emergency_shelter,0,0,0,0,0,1,1,1,0,welfare
2021,31.3,7.44,female,black,post_sec_higher,0,0,1,0,1,emergency_shelter,0,0,0,0,0,0,0,1,0,welfare
2021,48.4,18.27,female,black,post_sec_higher,0,0,1,0,1,respite,0,0,0,1,1,0,0,0,0,disability
2021,57.0,16.09,female,black,post_sec_higher,0,0,0,1,1,outdoor,0,0,0,0,0,0,0,1,0,welfare
2021,60.0,15.65,female,black,post_sec_higher,0,0,0,0,1,emergency_shelter,0,0,0,0,0,1,0,0,0,other
2021,38.8,4.93,female,black,post_sec_higher,0,0,0,0,1,other,0,0,0,0,0,0,0,0,0,disability
2021,45.1,17.98,female,black,post_sec_higher,0,0,0,0,1,emergency_shelter,0,0,0,0,0,0,0,1,0,disability
2021,48.4,7.36,female,black,post_sec_higher,0,0,0,0,1,emergency_shelter,0,0,0,1,0,0,0,0,0,other
2021,38.8,1.53,female,black,post_sec_higher,0,0,0,0,1,emergency_shelter,0,0,0,0,1,0,0,1,0,informal
2021,38.5,4.46,female,black,post_sec_higher,0,0,0,0,1,emergency_shelter,0,0,0,0,0,0,0,0,0,welfare
2021,38.0,3.79,female,black,post_sec_higher,0,0,0,0,1,respite,0,0,0,0,1,0,0,0,0,disability
2021,44.2,19.24,female,black,post_sec_higher,0,0,0,0,1,other,0,0,0,1,0,0,0,1,0,other
2021,70.5,9.3,female,black,post_sec_higher,0,0,0,0,1,emergency_shelter,0,0,0,1,0,0,0,1,0,employment
2021,44.7,16.5,female,black,post_sec_higher,0,0,0,0,1,emergency_shelter,0,0,0,1,0,0,0,0,0,disability
2021,52.8,4.27,female,black,post_sec_higher,0,0,0,0,1,emergency_shelter,0,0,0,1,0,0,0,1,0,welfare
2021,46.4,11.72,female,black,post_sec_higher,0,0,0,0,1,other,0,0,0,0,0,0,0,1,0,other
2021,41.7,1.41,female,black,post_sec_higher,0,0,0,0,1,respite,0,0,0,0,0,0,0,0,0,other
2021,45.7,1.23,female,black,post_sec_higher,0,0,0,0,1,emergency_shelter,0,0,0,0,0,0,0,1,1,welfare
2021,56.8,3.28,female,black,post_sec_higher,0,0,0,0,1,emergency_shelter,0,0,0,1,0,0,1,0,1,other
2021,45.3,16.24,female,black,post_sec_higher,0,0,0,0,1,emergency_shelter,0,0,0,1,0,0,1,0,0,welfare
2021,43.7,6.98,female,black,post_sec_higher,0,0,0,0,1,emergency_shelter,0,0,0,0,0,0,0,1,0,disability
2021,42.7,4.78,female,black,post_sec_higher,0,0,0,0,1,emergency_shelter,0,0,0,0,1,1,1,0,0,disability
2021,32.1,30.0,female,black,post_sec_higher,0,0,0,0,1,emergency_shelter,0,0,0,0,0,0,0,0,1,employment
2021,60.6,6.24,female,black,post_sec_higher,0,0,0,0,1,respite,0,0,1,1,1,0,0,0,0,informal
2021,48.4,0.63,female,black,post_sec_higher,0,0,0,0,0,other,0,0,0,1,0,0,1,0,0,disability
2021,67.4,1.7,female,black,post_sec_higher,0,0,0,0,0,emergency_shelter,0,0,0,0,0,1,0,0,1,disability
2021,49.6,6.66,female,black,post_sec_higher,0,0,0,0,0,emergency_shelter,0,0,0,1,0,0,0,1,0,welfare
2021,46.0,0.39,female,black,post_sec_higher,0,0,0,0,0,emergency_shelter,0,0,0,1,0,0,0,1,0,disability
2021,62.2,6.69,female,white,less_than_hs,1,1,1,0,1,emergency_shelter,0,0,0,0,0,0,0,0,0,welfare
2021,42.4,3.57,female,white,less_than_hs,1,1,1,0,1,respite,0,0,0,0,0,0,0,0,0,disability
2021,15.0,30.0,female,white,less_than_hs,1,1,1,0,1,other,1,0,0,0,0,0,0,1,0,welfare
2021,68.4,9.13,female,white,less_than_hs,1,1,1,0,1,emergency_shelter,0,0,0,0,0,0,0,0,1,other
2021,33.5,3.36,female,white,less_than_hs,1,1,1,0,1,emergency_shelter,0,0,0,1,0,0,0,1,1,other
2021,39.4,23.59,female,white,less_than_hs,1,1,1,0,1,emergency_shelter,0,0,0,1,0,0,0,1,0,disability
2021,60.9,2.03,female,white,less_than_hs,1,1,1,0,1,other,0,0,0,0,0,0,0,0,0,welfare
2021,35.6,3.52,female,white,less_than_hs,1,1,0,0,1,respite,0,0,0,0,0,0,0,0,0,disability
2021,60.3,8.76,female,white,less_than_hs,1,1,0,0,1,emergency_shelter,0,0,0,0,0,0,0,0,0,disability
2021,69.2,30.0,female,white,less_than_hs,1,0,0,0,1,emergency_shelter,0,0,0,0,0,0,0,1,0,welfare
2021,44.3,12.49,female,white,less_than_hs,1,0,0,0,1,emergency_shelter,0,0,1,0,1,1,0,0,0,welfare
2021,23.3,4.2,female,white,less_than_hs,1,0,0,0,1,respite,1,0,0,1,0,0,0,1,0,disability
2021,38.3,2.92,female,white,less_than_hs,1,0,0,0,1,emergency_shelter,0,0,0,0,0,1,0,0,0,employment
2021,15.0,11.46,female,white,less_than_hs,1,0,0,0,1,emergency_shelter,1,0,0,0,1,0,1,0,1,employment
2021,42.1,3.44,female,white,less_than_hs,1,0,0,0,1,emergency_shelter,0,0,0,0,0,0,0,0,0,employment
2021,36.4,30.0,female,white,less_than_hs,1,0,0,0,1,emergency_shelter,0,0,0,1,0,0,1,1,0,employment
2021,41.0,1.77,female,white,less_than_hs,1,0,0,0,1,emergency_shelter,0,0,0,1,0,0,0,1,0,informal
2021,62.5,1.18,female,white,less_than_hs,1,0,0,0,1,emergency_shelter,0,0,0,0,1,0,0,1,1,employment
2021,37.7,11.62,female,white,less_than_hs,0,1,1,1,1,outdoor,0,0,0,0,0,0,0,0,0,employment
2021,46.4,7.85,female,white,less_than_hs,0,1,1,1,1,outdoor,0,0,0,1,0,0,0,0,0,disability
2021,53.7,30.0,female,white,less_than_hs,0,1,1,0,1,emergency_shelter,0,0,0,0,0,0,0,0,0,informal
2021,77.9,9.41,female,white,less_than_hs,0,1,1,0,1,emergency_shelter,0,0,0,0,0,0,0,0,0,welfare
2021,48.8,1.29,female,white,less_than_hs,0,1,1,0,1,respite,0,0,0,1,0,0,0,1,0,employment
2021,71.0,2.37,female,white,less_than_hs,0,1,1,0,1,respite,0,0,0,0,0,0,0,0,0,welfare
2021,52.1,5.16,female,white,less_than_hs,0,1,1,0,1,emergency_shelter,0,0,0,0,1,1,1,0,1,informal
2021,49.4,30.0,female,white,less_than_hs,0,1,1,0,1,emergency_shelter,0,0,0,1,0,0,0,0,0,employment
2021,43.6,1.62,female,white,less_than_hs,0,1,1,0,1,emergency_shelter,0,0,0,0,0,1,0,0,0,welfare
2021,50.2,17.58,female,white,less_than_hs,0,1,1,0,1,emergency_shelter,0,0,0,0,0,0,0,0,0,disability
2021,52.0,2.37,female,white,less_than_hs,0,1,1,0,1,emergency_shelter,0,0,0,0,0,0,0,0,0,other
2021,26.2,6.44,female,white,less_than_hs,0,1,1,0,1,emergency_shelter,0,0,0,1,0,0,0,1,0,employment
2021,55.8,15.77,female,white,less_than_hs,0,1,1,0,1,emergency_shelter,0,0,0,0,0,0,0,1,0,disability
2021,25.2,11.75,female,white,less_than_hs,0,1,1,0,1,emergency_shelter,0,0,0,0,0,0,0,0,0,welfare
2021,55.8,16.38,female,white,less_than_hs,0,1,1,0,1,emergency_shelter,0,0,0,1,0,0,0,1,0,welfare
2021,54.4,19.58,female,white,less_than_hs,0,1,1,0,1,emergency_shelter,0,0,0,0,0,0,0,0,0,welfare
2021,65.9,3.48,female,white,less_than_hs,0,1,1,0,1,emergency_shelter,0,0,0,1,0,1,0,0,0,other
2021,33.9,4.17,female,white,less_than_hs,0,1,1,0,1,emergency_shelter,0,0,0,0,1,0,1,0,0,employment
2021,32.2,19.79,female,white,less_than_hs,0,1,1,0,1,emergency_shelter,0,0,0,1,0,0,0,0,0,other
2021,61.5,1.24,female,white,less_than_hs,0,1,1,0,1,emergency_shelter,0,0,0,0,0,0,0,1,0,informal
2021,31.0,6.57,female,white,less_than_hs,0,1,1,0,1,emergency_shelter,0,0,0,1,0,0,0,0,0,other
2021,29.6,30.0,female,white,less_than_hs,0,1,1,0,1,emergency_shelter,0,0,0,0,0,0,0,1,0,disability
2021,48.9,30.0,female,white,less_than_hs,0,1,1,0,1,emergency_shelter,0,0,0,1,0,0,0,0,0,disability
2021,42.3,5.49,female,white,less_than_hs,0,1,1,0,0,emergency_shelter,0,0,1,1,1,0,0,0,0,welfare
2021,53.5,2.65,female,white,less_than_hs,0,1,1,0,0,emergency_shelter,0,0,0,0,0,0,0,0,0,employment
2021,56.6,1.05,female,white,less_than_hs,0,1,1,0,0,other,0,0,0,0,0,1,0,1,0,disability
2021,30.8,0.53,female,white,less_than_hs,0,1,1,0,0,respite,0,0,0,0,0,0,0,1,1,disability
2021,31.1,8.0,female,white,less_than_hs,0,1,1,0,0,emergency_shelter,0,0,0,1,0,0,0,1,0,disability
2021,15.0,30.0,female,white,less_than_hs,0,1,0,0,1,respite,1,0,0,0,0,0,0,0,0,employment
2021,72.2,5.2,female,white,less_than_hs,0,1,0,0,1,emergency_shelter,0,0,1,0,1,1,0,1,0,other
2021,43.4,1.96,female,white,less_than_hs,0,1,0,0,1,respite,0,0,0,1,0,0,0,0,0,welfare
2021,48.6,1.04,female,white,less_than_hs,0,1,0,0,1,emergency_shelter,0,0,0,0,0,0,0,0,0,welfare
2021,75.4,2.77,female,white,less_than_hs,0,1,0,0,1,emergency_shelter,0,0,1,0,0,0,0,0,0,informal
2021,35.6,30.0,female,white,less_than_hs,0,1,0,0,1,emergency_shelter,0,0,1,0,0,0,0,0,0,welfare
2021,78.6,30.0,female,white,less_than_hs,0,1,0,0,1,respite,0,0,0,0,0,0,1,0,0,welfare
2021,56.4,6.87,female,white,less_than_hs,0,1,0,0,1,emergency_shelter,0,0,0,1,0,0,0,0,0,disability
2021,52.3,10.0,female,white,less_than_hs,0,1,0,0,1,emergency_shelter,0,0,0,0,0,1,0,1,0,other
2021,55.0,17.96,female,white,less_than_hs,0,1,0,0,1,emergency_shelter,0,0,0,0,0,0,0,0,0,welfare
2021,34.2,1.35,female,white,less_than_hs,0,1,0,0,1,emergency_shelter,0,0,0,1,1,0,0,0,0,welfare
2021,22.9,4.3,female,white,less_than_hs,0,1,0,0,1,emergency_shelter,1,0,1,0,0,0,0,0,0,welfare
2021,29.5,9.86,female,white,less_than_hs,0,1,0,0,1,emergency_shelter,0,0,0,0,0,0,0,0,0,welfare
2021,61.2,30.0,female,white,less_than_hs,0,1,0,0,1,emergency_shelter,0,0,0,1,0,0,0,1,0,disability
2021,32.9,13.38,female,white,less_than_hs,0,1,0,0,1,emergency_shelter,0,0,1,0,1,0,0,0,0,welfare
2021,22.8,3.99,female,white,less_than_hs,0,1,0,0,1,emergency_shelter,1,0,0,0,1,1,0,1,0,disability
2021,49.5,5.81,female,white,less_than_hs,0,0,1,0,1,emergency_shelter,0,0,0,0,0,0,0,1,0,disability
2021,38.6,5.52,female,white,less_than_hs,0,0,1,0,1,emergency_shelter,0,0,0,0,0,0,0,1,0,welfare
2021,41.4,24.05,female,white,less_than_hs,0,0,1,0,1,emergency_shelter,0,0,0,1,0,0,0,0,0,welfare
2021,38.6,2.37,female,white,less_than_hs,0,0,1,0,1,emergency_shelter,0,0,1,0,0,0,0,0,0,welfare
2021,35.0,6.28,female,white,less_than_hs,0,0,1,0,1,emergency_shelter,0,0,0,1,0,0,0,0,0,other
2021,50.4,4.88,female,white,less_than_hs,0,0,1,0,1,emergency_shelter,0,0,1,0,1,0,0,1,0,other
2021,45.3,10.99,female,white,less_than_hs,0,0,1,0,1,emergency_shelter,0,0,0,1,0,0,0,0,0,welfare
2021,58.4,1.31,female,white,less_than_hs,0,0,1,0,1,emergency_shelter,0,0,0,1,0,0,0,0,0,employment
2021,47.1,6.88,female,white,less_than_hs,0,0,1,0,1,emergency_shelter,0,0,0,1,0,0,0,0,1,welfare
2021,40.2,5.89,female,white,less_than_hs,0,0,1,0,1,emergency_shelter,0,0,1,1,1,0,1,0,0,disability
2021,56.8,30.0,female,white,less_than_hs,0,0,1,0,1,emergency_shelter,0,0,0,1,1,0,0,1,0,other
2021,20.3,14.16,female,white,less_than_hs,0,0,0,1,1,outdoor,1,0,0,0,0,0,0,1,1,other
2021,56.9,19.15,female,white,less_than_hs,0,0,0,1,1,outdoor,0,0,0,0,0,0,0,0,0,other
2021,26.6,9.33,female,white,less_than_hs,0,0,0,1,1,outdoor,0,0,1,0,1,0,0,0,0,welfare
2021,31.0,17.01,female,white,less_than_hs,0,0,0,1,1,outdoor,0,0,0,0,1,1,0,0,1,welfare
2021,34.8,8.25,female,white,less_than_hs,0,0,0,0,1,emergency_shelter,0,0,0,0,0,0,0,1,0,welfare
2021,37.2,30.0,female,white,less_than_hs,0,0,0,0,1,emergency_shelter,0,0,0,0,0,0,0,0,0,employment
2021,43.2,2.22,female,white,less_than_hs,0,0,0,0,1,emergency_shelter,0,0,0,0,0,0,0,0,0,other
2021,25.5,1.12,female,white,less_than_hs,0,0,0,0,1,emergency_shelter,0,0,0,0,0,0,0,0,0,disability
2021,54.8,4.98,female,white,less_than_hs,0,0,0,0,1,emergency_shelter,0,0,1,0,0,0,0,0,0,informal
2021,37.2,14.58,female,white,less_than_hs,0,0,0,0,1,emergency_shelter,0,0,1,0,0,0,0,0,0,other
2021,63.1,30.0,female,white,less_than_hs,0,0,0,0,1,emergency_shelter,0,0,0,1,0,0,0,1,1,disability
2021,54.4,1.32,female,white,less_than_hs,0,0,0,0,1,emergency_shelter,0,0,0,0,1,0,0,0,0,welfare
2021,73.1,17.15,female,white,less_than_hs,0,0,0,0,1,emergency_shelter,0,0,0,0,0,0,0,0,0,other
2021,51.9,4.23,female,white,less_than_hs,0,0,0,0,1,emergency_shelter,0,0,0,0,0,1,0,0,0,other
2021,51.6,2.06,female,white,less_than_hs,0,0,0,0,1,emergency_shelter,0,0,0,0,0,0,0,0,0,informal
2021,43.4,2.38,female,white,less_than_hs,0,0,0,0,1,emergency_shelter,0,0,0,0,0,0,0,0,0,other
2021,40.6,30.0,female,white,less_than_hs,0,0,0,0,1,emergency_shelter,0,0,1,1,1,1,0,0,0,other
2021,42.4,19.17,female,white,less_than_hs,0,0,0,0,1,emergency_shelter,0,0,0,0,0,0,0,1,0,other
2021,60.0,3.55,female,white,less_than_hs,0,0,0,0,1,emergency_shelter,0,0,0,0,0,0,0,0,0,welfare
2021,27.1,30.0,female,white,less_than_hs,0,0,0,0,1,emergency_shelter,0,0,0,0,0,0,1,1,0,disability
2021,46.9,1.69,female,white,less_than_hs,0,0,0,0,1,emergency_shelter,0,0,0,0,0,0,0,1,0,welfare
2021,22.7,3.67,female,white,less_than_hs,0,0,0,0,1,emergency_shelter,1,0,0,1,1,1,0,0,1,disability
2021,51.2,10.22,female,white,less_than_hs,0,0,0,0,1,respite,0,0,0,0,0,0,0,0,1,welfare
2021,39.6,30.0,female,white,less_than_hs,0,0,0,0,1,emergency_shelter,0,0,0,0,0,0,0,1,0,welfare
2021,53.1,5.67,female,white,less_than_hs,0,0,0,0,1,respite,0,0,0,0,1,0,0,1,0,informal
2021,35.6,19.3,female,white,less_than_hs,0,0,0,0,1,emergency_shelter,0,0,0,1,0,1,0,1,0,employment
2021,42.4,30.0,female,white,less_than_hs,0,0,0,0,1,emergency_shelter,0,0,0,0,1,0,0,0,0,welfare
2021,57.8,8.0,female,white,less_than_hs,0,0,0,0,0,emergency_shelter,0,0,0,0,0,0,0,1,0,other
2021,15.0,0.54,female,white,less_than_hs,0,0,0,0,0,emergency_shelter,1,0,0,1,0,0,0,0,0,welfare
2021,33.6,2.82,female,white,less_than_hs,0,0,0,0,0,emergency_shelter,0,0,0,1,0,0,0,0,0,welfare
2021,23.5,5.89,female,white,less_than_hs,0,0,0,0,0,emergency_shelter,1,0,0,0,0,0,0,1,0,informal
2021,57.9,1.83,female,white,less_than_hs,0,0,0,0,0,emergency_shelter,0,0,0,0,0,0,0,0,0,disability
2021,62.1,4.8,female,white,less_than_hs,0,0,0,0,0,emergency_shelter,0,0,0,0,0,0,0,0,0,disability
2021,32.9,8.0,female,white,less_than_hs,0,0,0,0,0,respite,0,0,0,1,0,0,0,1,0,welfare
2021,84.7,3.66,female,white,hs_graduate,1,1,1,0,1,respite,0,0,0,0,0,0,0,0,0,employment
2021,23.0,2.53,female,white,hs_graduate,1,1,1,0,1,emergency_shelter,1,0,0,1,0,0,0,0,0,welfare
2021,52.6,2.94,female,white,hs_graduate,1,1,1,0,1,emergency_shelter,0,0,0,1,0,0,0,0,1,other
2021,63.8,1.54,female,white,hs_graduate,1,1,1,0,1,other,0,0,0,0,0,0,0,1,0,welfare
2021,36.8,5.76,female,white,hs_graduate,1,1,1,0,1,other,0,0,0,1,1,0,0,0,0,other
2021,69.3,4.74,female,white,hs_graduate,1,1,1,0,1,emergency_shelter,0,0,0,0,1,0,0,0,0,disability
2021,58.2,1.02,female,white,hs_graduate,1,1,1,0,1,emergency_shelter,0,0,0,0,0,0,0,0,0,employment
2021,39.9,1.86,female,white,hs_graduate,1,1,0,0,1,emergency_shelter,0,0,0,0,0,0,0,0,0,welfare
2021,52.0,3.0,female,white,hs_graduate,1,1,0,0,1,other,0,0,0,0,0,0,0,1,0,disability
2021,38.3,1.51,female,white,hs_graduate,1,0,0,0,1,other,0,0,0,0,1,0,0,1,0,welfare
2021,52.7,9.62,female,white,hs_graduate,1,0,0,0,1,emergency_shelter,0,0,0,0,0,0,0,0,0,other
2021,26.7,6.51,female,white,hs_graduate,1,0,0,0,1,emergency_shelter,0,0,0,0,0,0,0,0,0,welfare
2021,30.8,3.78,female,white,hs_graduate,1,0,0,0,1,other,0,0,0,0,1,1,0,0,0,disability
2021,33.0,1.66,female,white,hs_graduate,1,0,0,0,1,emergency_shelter,0,0,0,1,0,0,0,1,0,employment
2021,30.5,11.1,female,white,hs_graduate,1,0,0,0,1,emergency_shelter,0,0,0,0,0,0,0,0,0,welfare
2021,34.5,3.52,female,white,hs_graduate,1,0,0,0,1,emergency_shelter,0,0,0,1,0,1,0,0,0,welfare
2021,58.6,3.86,female,white,hs_graduate,1,0,0,0,1,respite,0,0,0,0,1,0,0,0,0,disability
2021,60.5,12.91,female,white,hs_graduate,1,0,0,0,1,emergency_shelter,0,0,0,0,0,0,0,0,0,welfare
2021,49.8,17.41,female,white,hs_graduate,0,1,1,1,1,outdoor,0,0,0,0,0,0,0,1,0,disability
2021,63.3,4.65,female,white,hs_graduate,0,1,1,1,1,outdoor,0,0,0,1,0,0,0,1,1,welfare
2021,30.5,4.01,female,white,hs_graduate,0,1,1,0,1,emergency_shelter,0,0,0,1,0,1,0,0,0,disability
2021,50.5,1.98,female,white,hs_graduate,0,1,1,0,1,emergency_shelter,0,0,0,0,0,0,0,1,0,employment
2021,47.6,2.77,female,white,hs_graduate,0,1,1,0,1,respite,0,0,0,0,0,0,0,0,0,employment
2021,50.8,11.38,female,white,hs_graduate,0,1,1,0,1,emergency_shelter,0,0,0,0,0,0,0,0,0,welfare
2021,55.2,5.89,female,white,hs_graduate,0,1,1,0,1,emergency_shelter,0,0,0,0,0,1,0,0,1,disability
2021,51.4,7.12,female,white,hs_graduate,0,1,1,0,1,respite,0,0,0,1,0,1,0,1,0,welfare
2021,49.0,3.67,female,white,hs_graduate,0,1,1,0,1,emergency_shelter,0,0,0,0,0,0,0,0,0,welfare
2021,46.1,22.12,female,white,hs_graduate,0,1,1,0,1,emergency_shelter,0,0,0,0,0,0,0,1,0,informal
2021,64.9,30.0,female,white,hs_graduate,0,1,1,0,1,emergency_shelter,0,0,1,0,0,1,0,1,0,employment
2021,42.3,3.55,female,white,hs_graduate,0,1,1,0,1,emergency_shelter,0,0,0,0,0,0,0,1,0,other
2021,46.0,12.96,female,white,hs_graduate,0,1,1,0,1,emergency_shelter,0,0,1,1,0,0,0,0,0,disability
2021,67.7,2.2,female,white,hs_graduate,0,1,1,0,1,emergency_shelter,0,0,0,0,0,0,0,1,0,welfare
2021,50.6,14.23,female,white,hs_graduate,0,1,1,0,1,respite,0,0,0,1,0,0,0,0,1,welfare
2021,45.1,5.1,female,white,hs_graduate,0,1,1,0,1,respite,0,0,0,0,0,0,1,0,0,welfare
2021,54.8,8.73,female,white,hs_graduate,0,1,1,0,1,emergency_shelter,0,0,0,0,0,0,0,0,0,other
2021,49.2,2.78,female,white,hs_graduate,0,1,1,0,1,emergency_shelter,0,0,0,1,0,0,1,1,0,disability
2021,35.7,24.12,female,white,hs_graduate,0,1,1,0,1,emergency_shelter,0,0,0,0,0,0,0,1,0,welfare
2021,49.4,2.22,female,white,hs_graduate,0,1,1,0,1,other,0,0,0,0,0,1,1,0,0,welfare
2021,34.7,30.0,female,white,hs_graduate,0,1,1,0,1,emergency_shelter,0,0,0,1,0,0,1,1,0,welfare
2021,71.6,1.39,female,white,hs_graduate,0,1,1,0,1,emergency_shelter,0,0,0,0,0,0,0,1,0,employment
2021,46.3,2.73,female,white,hs_graduate,0,1,1,0,0,emergency_shelter,0,0,1,1,0,0,0,0,0,disability
2021,52.1,0.14,female,white,hs_graduate,0,1,1,0,0,emergency_shelter,0,0,0,0,0,0,0,0,0,welfare
2021,60.6,8.0,female,white,hs_graduate,0,1,1,0,0,emergency_shelter,0,0,0,0,0,0,0,0,0,disability
2021,42.3,1.1,female,white,hs_graduate,0,1,1,0,0,emergency_shelter,0,0,0,0,0,0,0,0,0,informal
2021,54.4,8.0,female,white,hs_graduate,0,1,1,0,0,emergency_shelter,0,0,0,0,0,0,0,0,0,welfare
2021,53.9,6.16,female,white,hs_graduate,0,1,0,0,1,emergency_shelter,0,0,0,0,1,0,0,0,0,welfare
2021,16.6,5.78,female,white,hs_graduate,0,1,0,0,1,emergency_shelter,1,0,0,1,0,1,0,0,0,disability
2021,62.9,29.26,female,white,hs_graduate,0,1,0,0,1,emergency_shelter,0,0,0,0,0,1,1,1,1,disability
2021,29.9,9.69,female,white,hs_graduate,0,1,0,0,1,emergency_shelter,0,0,0,0,0,0,0,0,0,disability
2021,58.5,2.77,female,white,hs_graduate,0,1,0,0,1,emergency_shelter,0,0,0,1,1,0,0,0,0,welfare
2021,64.1,1.73,female,white,hs_graduate,0,1,0,0,1,emergency_shelter,0,0,0,0,0,0,0,0,0,welfare
2021,47.4,30.0,female,white,hs_graduate,0,1,0,0,1,emergency_shelter,0,0,0,0,0,0,0,0,0,employment
2021,32.0,2.06,female,white,hs_graduate,0,1,0,0,1,emergency_shelter,0,0,0,0,0,0,0,1,0,other
2021,36.0,13.76,female,white,hs_graduate,0,1,0,0,1,emergency_shelter,0,0,0,1,0,0,0,0,1,disability
2021,54.8,6.21,female,white,hs_graduate,0,1,0,0,1,respite,0,0,0,1,1,0,0,0,0,disability
2021,30.1,1.95,female,white,hs_graduate,0,1,0,0,1,respite,0,0,0,0,1,0,0,0,0,welfare
2021,37.9,16.45,female,white,hs_graduate,0,1,0,0,1,respite,0,0,0,1,0,0,0,0,0,disability
2021,53.2,30.0,female,white,hs_graduate,0,1,0,0,1,emergency_shelter,0,0,0,0,0,0,0,0,0,disability
2021,36.9,1.81,female,white,hs_graduate,0,1,0,0,1,emergency_shelter,0,0,0,0,0,0,0,0,0,welfare
2021,65.9,1.43,female,white,hs_graduate,0,1,0,0,1,emergency_shelter,0,0,0,1,0,0,0,0,1,other
2021,31.5,23.86,female,white,hs_graduate,0,1,0,0,1,emergency_shelter,0,0,0,0,0,0,0,0,0,disability
2021,34.8,5.89,female,white,hs_graduate,0,0,1,0,1,other,0,0,0,0,0,0,0,1,0,disability
2021,53.0,4.89,female,white,hs_graduate,0,0,1,0,1,respite,0,0,0,0,0,0,0,1,0,other
2021,55.5,6.79,female,white,hs_graduate,0,0,1,0,1,emergency_shelter,0,0,0,0,0,0,0,1,0,welfare
2021,78.9,27.59,female,white,hs_graduate,0,0,1,0,1,emergency_shelter,0,0,0,0,0,0,0,0,0,disability
2021,58.5,1.45,female,white,hs_graduate,0,0,1,0,1,emergency_shelter,0,0,0,1,0,0,1,0,0,disability
2021,79.6,7.19,female,white,hs_graduate,0,0,1,0,1,emergency_shelter,0,0,0,0,0,0,0,1,0,welfare
2021,46.3,12.13,female,white,hs_graduate,0,0,1,0,1,emergency_shelter,0,0,1,1,1,0,0,0,0,disability
2021,51.4,30.0,female,white,hs_graduate,0,0,1,0,1,emergency_shelter,0,0,0,0,0,0,0,0,0,welfare
2021,38.0,14.08,female,white,hs_graduate,0,0,1,0,1,emergency_shelter,0,0,0,1,1,0,0,1,0,welfare
2021,38.7,7.28,female,white,hs_graduate,0,0,1,0,1,emergency_shelter,0,0,0,0,0,0,0,0,0,welfare
2021,48.1,15.75,female,white,hs_graduate,0,0,1,0,1,emergency_shelter,0,0,0,0,0,0,0,0,0,employment
2021,37.8,9.21,female,white,hs_graduate,0,0,0,1,1,outdoor,0,0,0,0,0,0,0,0,0,welfare
2021,39.1,6.15,female,white,hs_graduate,0,0,0,1,1,outdoor,0,0,0,1,0,0,1,0,0,other
2021,58.6,1.22,female,white,hs_graduate,0,0,0,1,1,outdoor,0,0,0,0,0,0,0,0,0,disability
2021,58.3,11.3,female,white,hs_graduate,0,0,0,1,1,outdoor,0,0,0,1,0,1,0,1,0,disability
2021,50.8,6.71,female,white,hs_graduate,0,0,0,0,1,emergency_shelter,0,0,0,0,0,0,0,0,0,other
2021,38.9,3.76,female,white,hs_graduate,0,0,0,0,1,emergency_shelter,0,0,1,0,1,1,0,1,0,disability
2021,77.0,11.92,female,white,hs_graduate,0,0,0,0,1,emergency_shelter,0,0,0,1,0,0,0,1,0,other
2021,56.1,6.31,female,white,hs_graduate,0,0,0,0,1,emergency_shelter,0,0,0,1,0,0,0,1,0,informal
2021,31.5,8.0,female,white,hs_graduate,0,0,0,0,1,emergency_shelter,0,0,0,0,0,0,0,0,0,welfare
2021,29.9,2.53,female,white,hs_graduate,0,0,0,0,1,emergency_shelter,0,0,0,0,0,0,0,1,1,welfare
2021,22.5,30.0,female,white,hs_graduate,0,0,0,0,1,emergency_shelter,1,0,0,0,0,0,0,0,0,disability
2021,44.6,1.73,female,white,hs_graduate,0,0,0,0,1,emergency_shelter,0,0,0,0,0,0,0,0,0,welfare
2021,25.0,11.66,female,white,hs_graduate,0,0,0,0,1,other,0,0,0,0,0,0,0,1,0,informal
2021,29.7,30.0,female,white,hs_graduate,0,0,0,0,1,emergency_shelter,0,0,1,1,0,0,0,0,0,disability
2021,61.0,1.54,female,white,hs_graduate,0,0,0,0,1,emergency_shelter,0,0,0,0,0,0,0,0,0,welfare
2021,58.5,1.18,female,white,hs_graduate,0,0,0,0,1,emergency_shelter,0,0,0,0,1,0,0,0,0,other
2021,66.9,3.79,female,white,hs_graduate,0,0,0,0,1,emergency_shelter,0,0,0,0,0,0,0,1,0,other
2021,25.4,17.47,female,white,hs_graduate,0,0,0,0,1,emergency_shelter,0,0,0,0,0,0,0,0,0,other
2021,32.0,12.9,female,white,hs_graduate,0,0,0,0,1,emergency_shelter,0,0,0,0,1,0,0,1,0,welfare
2021,37.2,20.46,female,white,hs_graduate,0,0,0,0,1,emergency_shelter,0,0,0,0,1,0,0,0,0,disability
2021,69.0,4.62,female,white,hs_graduate,0,0,0,0,1,emergency_shelter,0,0,0,1,0,0,0,1,0,welfare
2021,46.9,30.0,female,white,hs_graduate,0,0,0,0,1,emergency_shelter,0,0,0,1,0,0,0,0,0,welfare
2021,71.5,4.2,female,white,hs_graduate,0,0,0,0,1,emergency_shelter,0,0,0,1,0,0,0,0,0,disability
2021,54.8,18.8,female,white,hs_graduate,0,0,0,0,1,emergency_shelter,0,0,0,1,0,0,0,0,1,informal
2021,44.4,4.0,female,white,hs_graduate,0,0,0,0,1,emergency_shelter,0,0,0,0,0,1,0,0,0,other
2021,54.0,2.61,female,white,hs_graduate,0,0,0,0,1,emergency_shelter,0,0,0,1,0,0,0,1,0,welfare
2021,18.8,8.0,female,white,hs_graduate,0,0,0,0,0,emergency_shelter,1,0,0,1,0,0,0,0,1,employment
2021,36.2,0.09,female,white,hs_graduate,0,0,0,0,0,emergency_shelter,0,0,0,1,0,0,0,0,0,welfare
2021,58.1,3.53,female,white,hs_graduate,0,0,0,0,0,emergency_shelter,0,0,0,0,0,0,0,0,1,disability
2021,22.0,7.87,female,white,hs_graduate,0,0,0,0,0,emergency_shelter,1,0,0,0,0,0,0,0,1,employment
2021,30.4,1.94,female,white,hs_graduate,0,0,0,0,0,emergency_shelter,0,0,0,0,0,0,1,0,0,welfare
2021,30.4,3.79,female,white,hs_graduate,0,0,0,0,0,emergency_shelter,0,0,0,0,0,0,0,0,0,informal
2021,19.6,3.17,female,white,hs_graduate,0,0,0,0,0,emergency_shelter,1,0,0,0,0,0,0,0,1,employment
2021,58.7,3.52,female,white,some_post_sec,1,1,1,0,1,emergency_shelter,0,0,0,0,0,0,0,0,0,other
2021,37.3,1.81,female,white,some_post_sec,1,1,1,0,1,other,0,0,0,0,0,0,0,0,0,disability
2021,52.6,2.57,female,white,some_post_sec,1,0,0,0,1,emergency_shelter,0,0,0,0,0,0,0,1,1,welfare
2021,15.0,4.98,female,white,some_post_sec,1,0,0,0,1,emergency_shelter,1,0,0,0,0,0,0,1,0,other
2021,19.7,6.23,female,white,some_post_sec,1,0,0,0,1,emergency_shelter,1,0,1,0,1,0,0,1,1,welfare
2021,15.8,14.37,female,white,some_post_sec,1,0,0,0,1,emergency_shelter,1,0,0,0,0,0,0,0,0,welfare
2021,71.0,1.7,female,white,some_post_sec,0,1,1,0,1,emergency_shelter,0,0,1,0,0,0,0,0,0,disability
2021,51.8,2.97,female,white,some_post_sec,0,1,1,0,1,respite,0,0,0,0,1,1,0,0,0,disability
2021,17.6,2.17,female,white,some_post_sec,0,1,1,0,1,other,1,0,0,0,0,0,0,0,0,disability
2021,40.0,14.66,female,white,some_post_sec,0,1,1,0,1,emergency_shelter,0,0,0,0,1,0,0,0,0,welfare
2021,50.4,11.98,female,white,some_post_sec,0,1,1,0,1,emergency_shelter,0,0,0,0,0,0,0,1,0,welfare
2021,42.8,17.81,female,white,some_post_sec,0,1,1,0,1,emergency_shelter,0,0,1,0,0,0,0,0,0,other
2021,16.3,12.05,female,white,some_post_sec,0,1,1,0,1,emergency_shelter,1,0,0,0,0,0,0,0,0,disability
2021,71.9,1.87,female,white,some_post_sec,0,1,1,0,1,emergency_shelter,0,0,0,0,0,1,0,0,0,welfare
2021,34.3,30.0,female,white,some_post_sec,0,1,1,0,1,emergency_shelter,0,0,0,1,0,0,0,0,0,welfare
2021,27.2,2.34,female,white,some_post_sec,0,1,1,0,1,emergency_shelter,0,0,0,1,0,0,0,1,1,welfare
2021,45.6,4.0,female,white,some_post_sec,0,1,1,0,1,emergency_shelter,0,0,0,0,0,0,0,1,1,employment
2021,62.6,12.4,female,white,some_post_sec,0,1,1,0,1,respite,0,0,0,1,0,0,0,0,0,employment
2021,53.2,1.96,female,white,some_post_sec,0,1,1,0,1,emergency_shelter,0,0,0,0,0,0,0,1,0,welfare
2021,27.6,2.19,female,white,some_post_sec,0,1,1,0,1,emergency_shelter,0,0,0,0,0,0,0,0,0,disability
2021,25.3,28.31,female,white,some_post_sec,0,1,1,0,1,emergency_shelter,0,0,0,0,0,0,0,0,0,employment
2021,15.3,3.78,female,white,some_post_sec,0,1,1,0,1,emergency_shelter,1,0,0,0,0,0,0,0,0,other
2021,46.8,5.43,female,white,some_post_sec,0,1,0,0,1,emergency_shelter,0,0,0,1,0,0,0,0,0,other
2021,42.1,4.33,female,white,some_post_sec,0,1,0,0,1,emergency_shelter,0,0,0,0,0,0,0,0,1,disability
2021,57.4,2.26,female,white,some_post_sec,0,1,0,0,1,respite,0,0,0,0,0,0,0,1,0,welfare
2021,32.5,4.48,female,white,some_post_sec,0,1,0,0,1,emergency_shelter,0,0,0,0,0,0,0,0,0,welfare
2021,60.4,3.76,female,white,some_post_sec,0,1,0,0,1,emergency_shelter,0,0,0,1,0,0,0,1,0,welfare
2021,34.5,30.0,female,white,some_post_sec,0,1,0,0,1,emergency_shelter,0,0,0,0,0,0,0,0,0,disability
2021,40.1,1.19,female,white,some_post_sec,0,1,0,0,1,emergency_shelter,0,0,0,1,1,1,0,0,0,welfare
2021,58.5,2.8,female,white,some_post_sec,0,1,0,0,1,emergency_shelter,0,0,0,0,0,1,0,0,1,welfare
2021,53.1,1.44,female,white,some_post_sec,0,1,0,0,1,emergency_shelter,0,0,0,0,0,0,0,0,0,welfare
2021,28.5,24.98,female,white,some_post_sec,0,1,0,0,1,emergency_shelter,0,0,0,1,0,0,0,1,0,other
2021,60.9,4.9,female,white,some_post_sec,0,1,0,0,1,other,0,0,0,1,1,0,1,0,1,disability
2021,47.2,1.46,female,white,some_post_sec,0,0,1,0,1,respite,0,0,0,0,0,0,0,0,0,welfare
2021,50.5,19.89,female,white,some_post_sec,0,0,1,0,1,other,0,0,1,1,0,1,0,0,0,other
2021,15.0,2.41,female,white,some_post_sec,0,0,1,0,1,emergency_shelter,1,0,0,0,1,0,0,1,1,other
2021,39.6,7.97,female,white,some_post_sec,0,0,1,0,1,emergency_shelter,0,0,0,0,0,0,0,0,1,welfare
2021,44.0,4.47,female,white,some_post_sec,0,0,1,0,1,emergency_shelter,0,0,0,0,0,0,0,1,0,welfare
2021,52.1,3.98,female,white,some_post_sec,0,0,1,0,1,emergency_shelter,0,0,0,1,0,0,0,0,0,other
2021,45.6,1.48,female,white,some_post_sec,0,0,0,0,1,respite,0,0,0,0,0,0,0,0,0,disability
2021,23.7,5.6,female,white,some_post_sec,0,0,0,0,1,emergency_shelter,1,0,0,1,0,0,0,0,0,welfare
2021,33.8,1.51,female,white,some_post_sec,0,0,0,0,1,emergency_shelter,0,0,0,1,0,1,0,1,0,disability
2021,55.5,9.15,female,white,some_post_sec,0,0,0,0,1,other,0,0,0,1,0,0,0,0,0,welfare
2021,39.9,1.49,female,white,some_post_sec,0,0,0,0,1,other,0,0,0,0,0,0,0,0,0,informal
2021,69.6,1.3,female,white,some_post_sec,0,0,0,0,1,respite,0,0,0,0,0,0,0,0,0,disability
2021,22.2,3.48,female,white,some_post_sec,0,0,0,0,1,emergency_shelter,1,0,0,0,0,0,0,0,1,other
2021,41.2,30.0,female,white,some_post_sec,0,0,0,0,1,emergency_shelter,0,0,0,0,0,0,1,1,0,disability
2021,39.9,12.54,female,white,some_post_sec,0,0,0,0,1,respite,0,0,0,0,0,0,0,0,0,disability
2021,45.9,1.02,female,white,some_post_sec,0,0,0,0,1,emergency_shelter,0,0,0,0,0,0,0,0,0,other
2021,28.8,3.25,female,white,some_post_sec,0,0,0,0,1,emergency_shelter,0,0,0,1,0,0,0,0,1,disability
2021,37.9,1.11,female,white,some_post_sec,0,0,0,0,1,emergency_shelter,0,0,0,0,1,0,0,1,0,welfare
2021,57.0,3.35,female,white,some_post_sec,0,0,0,0,1,emergency_shelter,0,0,0,0,1,0,0,1,1,disability
2021,42.2,11.46,female,white,some_post_sec,0,0,0,0,1,emergency_shelter,0,0,0,0,1,1,0,0,0,disability
2021,31.0,15.29,female,white,some_post_sec,0,0,0,0,1,emergency_shelter,0,0,0,1,0,0,0,0,0,welfare
2021,75.1,18.68,female,white,some_post_sec,0,0,0,0,1,respite,0,0,0,0,0,0,0,1,0,disability
2021,46.7,30.0,female,white,some_post_sec,0,0,0,0,1,emergency_shelter,0,0,0,1,0,0,0,0,1,welfare
2021,54.6,4.19,female,white,some_post_sec,0,0,0,0,1,emergency_shelter,0,0,0,0,0,0,0,1,0,other
2021,53.7,0.61,female,white,some_post_sec,0,0,0,0,0,emergency_shelter,0,0,0,0,0,0,0,0,0,other
2021,36.1,4.64,female,white,some_post_sec,0,0,0,0,0,emergency_shelter,0,0,0,1,0,0,0,0,1,other
2021,50.7,1.74,female,white,post_sec_higher,1,1,1,0,1,other,0,0,0,0,0,0,0,0,0,employment
2021,48.0,30.0,female,white,post_sec_higher,1,1,1,0,1,emergency_shelter,0,0,0,0,0,0,0,0,0,welfare
2021,57.1,2.24,female,white,post_sec_higher,1,1,1,0,1,emergency_shelter,0,0,0,1,0,0,0,1,0,informal
2021,42.3,2.34,female,white,post_sec_higher,1,1,1,0,1,emergency_shelter,0,0,0,0,0,0,0,0,0,other
2021,54.0,22.78,female,white,post_sec_higher,1,1,1,0,1,emergency_shelter,0,0,1,1,0,0,0,1,0,disability
2021,26.6,18.51,female,white,post_sec_higher,1,1,1,0,1,emergency_shelter,0,0,0,0,0,0,0,0,0,welfare
2021,58.5,2.1,female,white,post_sec_higher,1,1,0,0,1,emergency_shelter,0,0,0,1,0,1,0,0,0,disability
2021,37.0,2.41,female,white,post_sec_higher,1,0,0,0,1,emergency_shelter,0,0,1,0,0,0,0,1,0,disability
2021,49.7,9.22,female,white,post_sec_higher,1,0,0,0,1,respite,0,0,0,1,1,0,1,0,0,welfare
2021,44.8,7.73,female,white,post_sec_higher,1,0,0,0,1,emergency_shelter,0,0,1,1,0,0,0,0,1,welfare
2021,48.1,2.89,female,white,post_sec_higher,1,0,0,0,1,other,0,0,0,0,0,0,0,1,0,disability
2021,15.0,30.0,female,white,post_sec_higher,1,0,0,0,1,emergency_shelter,1,0,0,0,0,1,1,0,0,disability
2021,41.9,23.37,female,white,post_sec_higher,1,0,0,0,1,emergency_shelter,0,0,0,1,0,0,0,0,1,employment
2021,57.9,1.13,female,white,post_sec_higher,1,0,0,0,1,emergency_shelter,0,0,0,0,0,0,0,0,0,disability
2021,37.4,4.97,female,white,post_sec_higher,1,0,0,0,1,emergency_shelter,0,0,0,0,0,0,0,0,0,welfare
2021,41.6,6.55,female,white,post_sec_higher,0,1,1,1,1,outdoor,0,0,0,0,0,0,0,0,0,other
2021,62.0,5.51,female,white,post_sec_higher,0,1,1,1,1,outdoor,0,0,0,0,0,0,0,0,1,welfare
2021,51.0,1.22,female,white,post_sec_higher,0,1,1,0,1,emergency_shelter,0,0,0,0,1,0,0,0,0,employment
2021,44.7,9.88,female,white,post_sec_higher,0,1,1,0,1,emergency_shelter,0,0,0,0,0,0,0,0,0,employment
2021,27.9,20.53,female,white,post_sec_higher,0,1,1,0,1,emergency_shelter,0,0,0,0,0,0,0,0,1,other
2021,22.8,13.41,female,white,post_sec_higher,0,1,1,0,1,emergency_shelter,1,0,0,1,0,0,0,1,0,other
2021,56.5,5.73,female,white,post_sec_higher,0,1,1,0,1,emergency_shelter,0,0,0,1,0,0,0,1,0,welfare
2021,49.4,7.69,female,white,post_sec_higher,0,1,1,0,1,emergency_shelter,0,0,0,1,0,1,1,1,0,employment
2021,49.1,1.16,female,white,post_sec_higher,0,1,1,0,1,other,0,0,0,1,0,0,0,1,0,informal
2021,44.6,30.0,female,white,post_sec_higher,0,1,1,0,1,respite,0,0,0,0,0,0,0,0,1,welfare
2021,57.9,7.51,female,white,post_sec_higher,0,1,1,0,1,emergency_shelter,0,0,0,1,0,0,0,0,0,welfare
2021,37.8,3.6,female,white,post_sec_higher,0,1,1,0,1,emergency_shelter,0,0,0,0,0,0,0,1,0,welfare
2021,41.3,3.35,female,white,post_sec_higher,0,1,1,0,1,emergency_shelter,0,0,0,0,1,0,0,0,0,disability
2021,43.5,10.46,female,white,post_sec_higher,0,1,1,0,1,respite,0,0,1,0,1,0,0,0,0,other
2021,43.0,8.16,female,white,post_sec_higher,0,1,1,0,1,respite,0,0,0,0,1,0,0,0,0,other
2021,64.7,2.34,female,white,post_sec_higher,0,1,1,0,1,emergency_shelter,0,0,0,1,0,0,0,0,0,employment
2021,28.4,4.79,female,white,post_sec_higher,0,1,1,0,1,emergency_shelter,0,0,0,0,0,0,0,1,0,other
2021,18.6,11.09,female,white,post_sec_higher,0,1,1,0,1,emergency_shelter,1,0,0,1,0,1,0,0,1,informal
2021,25.6,3.39,female,white,post_sec_higher,0,1,1,0,1,emergency_shelter,0,0,0,0,0,0,0,0,0,other
2021,55.6,6.47,female,white,post_sec_higher,0,1,1,0,1,emergency_shelter,0,0,0,0,0,1,0,0,0,other
2021,44.6,2.95,female,white,post_sec_higher,0,1,1,0,1,emergency_shelter,0,0,0,0,0,0,0,1,0,disability
2021,23.6,1.46,female,white,post_sec_higher,0,1,1,0,1,other,1,0,0,0,0,0,0,0,0,disability
2021,58.0,1.23,female,white,post_sec_higher,0,1,1,0,0,emergency_shelter,0,0,0,1,0,0,0,1,0,disability
2021,59.5,0.6,female,white,post_sec_higher,0,1,1,0,0,emergency_shelter,0,0,0,0,0,1,0,0,0,disability
2021,85.0,5.46,female,white,post_sec_higher,0,1,1,0,0,emergency_shelter,0,0,0,1,0,0,0,1,1,welfare
2021,49.0,2.29,female,white,post_sec_higher,0,1,1,0,0,emergency_shelter,0,0,0,0,0,1,0,0,0,employment
2021,54.3,5.65,female,white,post_sec_higher,0,1,0,0,1,emergency_shelter,0,0,0,0,0,0,0,0,0,employment
2021,36.1,14.46,female,white,post_sec_higher,0,1,0,0,1,emergency_shelter,0,0,0,0,1,1,0,0,0,employment
2021,37.4,1.85,female,white,post_sec_higher,0,1,0,0,1,emergency_shelter,0,0,0,1,0,0,0,0,0,disability
2021,19.7,3.74,female,white,post_sec_higher,0,1,0,0,1,emergency_shelter,1,0,0,0,0,0,0,0,0,disability
2021,56.6,1.79,female,white,post_sec_higher,0,1,0,0,1,other,0,0,0,1,0,0,1,0,0,disability
2021,62.9,11.72,female,white,post_sec_higher,0,1,0,0,1,emergency_shelter,0,0,0,0,0,0,0,0,0,other
2021,36.3,30.0,female,white,post_sec_higher,0,1,0,0,1,emergency_shelter,0,0,0,0,0,0,0,0,0,other
2021,43.7,30.0,female,white,post_sec_higher,0,1,0,0,1,emergency_shelter,0,0,0,0,0,1,0,1,0,disability
2021,39.3,3.71,female,white,post_sec_higher,0,1,0,0,1,emergency_shelter,0,0,0,1,0,1,0,0,0,welfare
2021,42.9,2.75,female,white,post_sec_higher,0,1,0,0,1,emergency_shelter,0,0,0,0,1,0,0,0,0,other
2021,34.5,3.14,female,white,post_sec_higher,0,1,0,0,1,emergency_shelter,0,0,0,0,0,1,0,0,0,welfare
2021,30.6,3.28,female,white,post_sec_higher,0,1,0,0,1,emergency_shelter,0,0,0,0,0,0,0,0,0,welfare
2021,65.2,1.53,female,white,post_sec_higher,0,1,0,0,1,emergency_shelter,0,0,1,1,0,1,0,0,0,other
2021,15.0,1.9,female,white,post_sec_higher,0,1,0,0,1,emergency_shelter,1,0,0,1,0,0,1,1,0,disability
2021,53.1,2.57,female,white,post_sec_higher,0,1,0,0,1,emergency_shelter,0,0,0,0,1,0,0,0,0,disability
2021,50.0,1.32,female,white,post_sec_higher,0,0,1,0,1,emergency_shelter,0,0,0,1,0,0,0,0,0,welfare
2021,51.7,5.01,female,white,post_sec_higher,0,0,1,0,1,emergency_shelter,0,0,0,0,0,0,0,0,0,welfare
2021,71.2,19.78,female,white,post_sec_higher,0,0,1,0,1,other,0,0,0,1,0,0,0,0,0,disability
2021,50.1,4.61,female,white,post_sec_higher,0,0,1,0,1,emergency_shelter,0,0,0,0,0,0,0,1,0,other
2021,74.0,3.03,female,white,post_sec_higher,0,0,1,0,1,emergency_shelter,0,0,0,1,0,0,0,0,0,other
2021,37.2,7.21,female,white,post_sec_higher,0,0,1,0,1,emergency_shelter,0,0,0,0,0,0,0,0,0,disability
2021,36.9,7.91,female,white,post_sec_higher,0,0,1,0,1,emergency_shelter,0,0,0,0,0,1,0,1,0,welfare
2021,43.3,15.25,female,white,post_sec_higher,0,0,1,0,1,emergency_shelter,0,0,0,0,0,0,0,1,0,informal
2021,45.5,18.29,female,white,post_sec_higher,0,0,1,0,1,emergency_shelter,0,0,0,0,0,1,0,0,0,employment
2021,41.5,12.36,female,white,post_sec_higher,0,0,1,0,1,emergency_shelter,0,0,0,1,1,0,0,0,0,disability
2021,53.6,30.0,female,white,post_sec_higher,0,0,0,1,1,outdoor,0,0,0,0,0,0,0,0,0,other
2021,36.2,27.73,female,white,post_sec_higher,0,0,0,1,1,outdoor,0,0,0,0,0,0,0,0,0,disability
2021,51.3,26.04,female,white,post_sec_higher,0,0,0,1,1,outdoor,0,0,0,0,0,0,0,0,0,welfare
2021,68.8,4.1,female,white,post_sec_higher,0,0,0,1,1,outdoor,0,0,0,0,0,1,0,0,0,disability
2021,39.8,6.51,female,white,post_sec_higher,0,0,0,0,1,respite,0,0,0,0,0,0,0,0,0,other
2021,49.0,2.1,female,white,post_sec_higher,0,0,0,0,1,emergency_shelter,0,0,0,0,1,1,1,0,0,disability
2021,52.9,2.23,female,white,post_sec_higher,0,0,0,0,1,emergency_shelter,0,0,0,1,1,0,0,0,0,disability
2021,44.9,1.18,female,white,post_sec_higher,0,0,0,0,1,emergency_shelter,0,0,0,1,0,0,1,1,0,welfare
2021,38.6,1.19,female,white,post_sec_higher,0,0,0,0,1,respite,0,0,0,0,1,0,0,0,0,disability
2021,41.3,4.1,female,white,post_sec_higher,0,0,0,0,1,emergency_shelter,0,0,0,0,0,0,0,0,0,disability
2021,62.7,2.0,female,white,post_sec_higher,0,0,0,0,1,emergency_shelter,0,0,0,0,0,0,0,0,1,disability
2021,41.9,30.0,female,white,post_sec_higher,0,0,0,0,1,emergency_shelter,0,0,0,0,0,0,0,1,0,welfare
2021,52.0,2.44,female,white,post_sec_higher,0,0,0,0,1,emergency_shelter,0,0,0,1,1,0,0,0,0,disability
2021,32.4,1.42,female,white,post_sec_higher,0,0,0,0,1,emergency_shelter,0,0,0,0,0,0,0,0,0,employment
2021,74.6,4.71,female,white,post_sec_higher,0,0,0,0,1,emergency_shelter,0,0,0,0,0,0,0,0,0,other
2021,50.5,2.38,female,white,post_sec_higher,0,0,0,0,1,emergency_shelter,0,0,0,0,0,0,0,0,0,disability
2021,50.8,1.39,female,white,post_sec_higher,0,0,0,0,1,emergency_shelter,0,0,0,1,0,0,0,0,0,informal
2021,59.0,14.85,female,white,post_sec_higher,0,0,0,0,1,emergency_shelter,0,0,0,0,0,0,0,0,0,welfare
2021,39.3,7.49,female,white,post_sec_higher,0,0,0,0,1,other,0,0,0,0,0,0,0,0,0,other
2021,62.7,1.36,female,white,post_sec_higher,0,0,0,0,1,emergency_shelter,0,0,0,1,0,1,0,1,0,employment
2021,24.8,5.71,female,white,post_sec_higher,0,0,0,0,1,emergency_shelter,1,0,0,0,0,0,0,1,1,welfare
2021,37.4,1.24,female,white,post_sec_higher,0,0,0,0,1,emergency_shelter,0,0,1,1,0,0,0,1,0,welfare
2021,34.8,4.05,female,white,post_sec_higher,0,0,0,0,1,emergency_shelter,0,0,0,0,0,0,0,1,0,disability
2021,19.7,4.16,female,white,post_sec_higher,0,0,0,0,1,emergency_shelter,1,0,0,0,0,0,1,1,0,welfare
2021,38.6,20.55,female,white,post_sec_higher,0,0,0,0,1,emergency_shelter,0,0,0,1,0,0,0,0,0,disability
2021,45.3,13.83,female,white,post_sec_higher,0,0,0,0,1,emergency_shelter,0,0,0,0,0,0,0,0,0,disability
2021,27.7,8.0,female,white,post_sec_higher,0,0,0,0,0,emergency_shelter,0,0,0,1,0,0,1,0,0,informal
2021,55.4,0.34,female,white,post_sec_higher,0,0,0,0,0,other,0,0,0,1,0,0,0,0,0,welfare
2021,40.0,8.0,female,white,post_sec_higher,0,0,0,0,0,emergency_shelter,0,0,1,0,0,0,0,1,1,welfare
2021,31.0,0.11,female,white,post_sec_higher,0,0,0,0,0,emergency_shelter,0,0,0,1,0,0,0,1,0,disability
2021,26.0,1.48,female,white,post_sec_higher,0,0,0,0,0,emergency_shelter,0,0,1,0,0,0,1,1,0,welfare
2021,53.0,0.32,female,white,post_sec_higher,0,0,0,0,0,emergency_shelter,0,0,0,1,0,1,1,1,0,disability
2021,58.9,21.17,female,indigenous,less_than_hs,0,1,1,0,1,other,0,1,0,0,0,0,0,0,0,other
2021,29.8,22.15,female,indigenous,less_than_hs,0,1,1,0,1,emergency_shelter,0,1,0,0,0,0,0,0,0,disability
2021,33.2,7.13,female,indigenous,less_than_hs,0,1,1,0,1,emergency_shelter,0,1,0,0,1,0,0,0,0,informal
2021,63.7,2.34,female,indigenous,less_than_hs,0,1,1,0,1,emergency_shelter,0,1,0,0,0,0,0,0,0,other
2021,53.2,6.3,female,indigenous,less_than_hs,0,1,1,0,1,emergency_shelter,0,1,0,1,0,1,0,0,0,disability
2021,41.2,1.7,female,indigenous,less_than_hs,0,1,1,0,1,emergency_shelter,0,1,0,0,0,0,0,1,0,disability
2021,15.0,15.52,female,indigenous,less_than_hs,0,1,1,0,1,emergency_shelter,1,1,1,0,1,0,0,1,0,other
2021,34.1,3.54,female,indigenous,less_than_hs,0,1,1,0,1,emergency_shelter,0,1,0,0,0,0,0,1,0,welfare
2021,50.8,3.54,female,indigenous,less_than_hs,0,1,1,0,1,emergency_shelter,0,1,0,1,0,0,0,1,0,disability
2021,57.4,3.26,female,indigenous,less_than_hs,0,1,0,0,1,respite,0,1,0,1,0,0,0,0,0,other
2021,35.3,1.06,female,indigenous,less_than_hs,0,1,0,0,1,emergency_shelter,0,1,0,0,0,0,0,1,1,informal
2021,53.9,3.65,female,indigenous,less_than_hs,0,1,0,0,1,emergency_shelter,0,1,0,0,0,0,0,0,0,welfare
2021,49.5,30.0,female,indigenous,less_than_hs,0,1,0,0,1,emergency_shelter,0,1,0,0,0,0,0,1,0,other
2021,38.3,12.58,female,indigenous,less_than_hs,0,0,0,0,1,emergency_shelter,0,1,0,0,0,1,0,0,0,welfare
2021,63.4,1.49,female,indigenous,less_than_hs,0,0,0,0,1,emergency_shelter,0,1,0,0,0,0,0,0,0,welfare
2021,36.9,10.44,female,indigenous,less_than_hs,0,0,0,0,1,emergency_shelter,0,1,0,0,0,0,0,1,0,disability
2021,67.1,18.67,female,indigenous,less_than_hs,0,0,0,0,1,emergency_shelter,0,1,0,0,0,0,0,0,1,other
2021,47.8,21.55,female,indigenous,less_than_hs,0,0,0,0,1,emergency_shelter,0,1,0,1,0,0,0,0,0,disability
2021,21.6,1.26,female,indigenous,less_than_hs,0,0,0,0,1,emergency_shelter,1,1,0,1,0,0,0,0,1,disability
2021,15.6,11.97,female,indigenous,less_than_hs,0,0,0,0,1,emergency_shelter,1,1,0,0,0,1,0,0,0,welfare
2021,43.1,18.05,female,indigenous,less_than_hs,0,0,0,0,1,respite,0,1,0,0,0,0,0,0,0,disability
2021,64.7,4.61,female,indigenous,less_than_hs,0,0,0,0,1,emergency_shelter,0,1,0,1,0,0,0,0,0,welfare
2021,63.2,7.17,female,indigenous,less_than_hs,0,0,0,0,1,emergency_shelter,0,1,0,1,0,0,0,0,0,disability
2021,48.3,3.05,female,indigenous,less_than_hs,0,0,0,0,1,emergency_shelter,0,1,0,0,0,0,1,0,0,disability
2021,35.7,7.52,female,indigenous,hs_graduate,0,1,1,0,1,emergency_shelter,0,1,0,0,0,0,0,0,0,welfare
2021,34.7,30.0,female,indigenous,hs_graduate,0,1,1,0,1,emergency_shelter,0,1,0,1,0,0,0,0,0,welfare
2021,49.8,3.37,female,indigenous,hs_graduate,0,1,1,0,1,respite,0,1,0,0,0,0,0,0,0,welfare
2021,30.5,1.52,female,indigenous,hs_graduate,0,1,1,0,1,emergency_shelter,0,1,0,0,0,0,0,0,0,welfare
2021,52.3,7.39,female,indigenous,hs_graduate,0,1,1,0,1,emergency_shelter,0,1,1,1,0,1,0,0,1,welfare
2021,41.7,2.21,female,indigenous,hs_graduate,0,1,1,0,1,emergency_shelter,0,1,0,0,0,0,0,0,0,welfare
2021,52.5,13.46,female,indigenous,hs_graduate,0,1,1,0,1,emergency_shelter,0,1,0,0,1,0,0,1,0,disability
2021,38.4,8.33,female,indigenous,hs_graduate,0,1,1,0,1,emergency_shelter,0,1,0,0,0,0,0,0,0,disability
2021,53.8,3.95,female,indigenous,hs_graduate,0,1,1,0,1,emergency_shelter,0,1,1,0,1,0,0,1,0,other
2021,44.5,30.0,female,indigenous,hs_graduate,0,1,0,0,1,emergency_shelter,0,1,0,0,0,0,0,0,0,welfare
2021,33.6,2.85,female,indigenous,hs_graduate,0,1,0,0,1,emergency_shelter,0,1,0,0,0,0,0,1,0,disability
2021,18.5,17.56,female,indigenous,hs_graduate,0,1,0,0,1,emergency_shelter,1,1,0,0,0,0,0,0,0,disability
2021,33.3,5.37,female,indigenous,hs_graduate,0,1,0,0,1,emergency_shelter,0,1,0,1,0,0,0,0,0,other
2021,39.6,3.63,female,indigenous,hs_graduate,0,0,0,0,1,emergency_shelter,0,1,0,0,1,0,0,0,0,other
2021,41.3,11.95,female,indigenous,hs_graduate,0,0,0,0,1,emergency_shelter,0,1,0,0,0,1,0,0,1,informal
2021,41.1,7.74,female,indigenous,hs_graduate,0,0,0,0,1,emergency_shelter,0,1,0,0,1,0,0,1,1,welfare
2021,18.7,6.03,female,indigenous,hs_graduate,0,0,0,0,1,emergency_shelter,1,1,0,0,0,0,0,0,0,other
2021,25.5,2.47,female,indigenous,hs_graduate,0,0,0,0,1,emergency_shelter,0,1,0,1,1,0,1,1,0,welfare
2021,32.7,28.09,female,indigenous,hs_graduate,0,0,0,0,1,emergency_shelter,0,1,1,0,0,1,0,0,0,welfare
2021,54.6,16.77,female,indigenous,hs_graduate,0,0,0,0,1,emergency_shelter,0,1,0,1,0,0,0,0,0,informal
2021,15.0,1.96,female,indigenous,hs_graduate,0,0,0,0,1,emergency_shelter,1,1,0,1,0,0,0,0,0,employment
2021,53.6,4.21,female,indigenous,hs_graduate,0,0,0,0,1,emergency_shelter,0,1,0,0,0,0,0,0,0,informal
2021,50.8,7.15,female,indigenous,hs_graduate,0,0,0,0,1,emergency_shelter,0,1,1,1,0,0,1,0,1,disability
2021,20.6,5.48,female,indigenous,hs_graduate,0,0,0,0,1,other,1,1,0,0,0,0,0,0,0,disability
2021,41.6,2.06,female,indigenous,some_post_sec,0,1,1,0,1,emergency_shelter,0,1,0,0,1,0,0,0,0,informal
2021,30.0,2.11,female,indigenous,some_post_sec,0,1,1,0,1,emergency_shelter,0,1,0,0,0,0,0,1,0,welfare
2021,59.4,2.02,female,indigenous,some_post_sec,0,1,1,0,1,other,0,1,0,1,0,0,0,0,0,welfare
2021,26.9,6.71,female,indigenous,some_post_sec,0,1,1,0,1,emergency_shelter,0,1,0,0,0,0,0,1,0,welfare
2021,22.0,30.0,female,indigenous,some_post_sec,0,0,0,0,1,emergency_shelter,1,1,0,1,0,0,0,0,0,other
2021,45.7,3.46,female,indigenous,some_post_sec,0,0,0,0,1,emergency_shelter,0,1,0,0,0,0,0,0,0,other
2021,50.4,30.0,female,indigenous,some_post_sec,0,0,0,0,1,emergency_shelter,0,1,0,1,0,1,0,0,0,welfare
2021,16.4,3.76,female,indigenous,some_post_sec,0,0,0,0,1,emergency_shelter,1,1,0,0,0,0,0,0,0,welfare
2021,39.9,2.73,female,indigenous,some_post_sec,0,0,0,0,1,respite,0,1,0,0,0,0,0,1,1,welfare
2021,36.3,2.3,female,indigenous,some_post_sec,0,0,0,0,1,respite,0,1,0,1,0,0,0,0,0,informal
2021,34.0,3.81,female,indigenous,post_sec_higher,0,1,1,0,1,emergency_shelter,0,1,0,1,0,1,0,1,0,other
2021,59.7,2.12,female,indigenous,post_sec_higher,0,1,1,0,1,respite,0,1,0,0,0,0,0,0,0,disability
2021,34.4,4.64,female,indigenous,post_sec_higher,0,1,1,0,1,emergency_shelter,0,1,0,0,0,0,0,1,1,welfare
2021,49.8,1.56,female,indigenous,post_sec_higher,0,1,1,0,1,emergency_shelter,0,1,0,0,0,0,0,0,1,disability
2021,61.0,3.65,female,indigenous,post_sec_higher,0,1,1,0,1,emergency_shelter,0,1,0,1,0,0,1,0,0,welfare
2021,33.5,4.29,female,indigenous,post_sec_higher,0,1,1,0,1,respite,0,1,0,0,0,0,1,1,0,disability
2021,17.6,2.96,female,indigenous,post_sec_higher,0,1,1,0,1,emergency_shelter,1,1,0,0,1,0,0,0,0,informal
2021,36.3,1.66,female,indigenous,post_sec_higher,0,1,1,0,1,emergency_shelter,0,1,0,1,1,1,1,0,0,welfare
2021,59.4,6.0,female,indigenous,post_sec_higher,0,1,0,0,1,emergency_shelter,0,1,1,1,0,0,0,0,0,other
2021,34.9,13.23,female,indigenous,post_sec_higher,0,1,0,0,1,emergency_shelter,0,1,0,0,0,0,0,0,0,other
2021,52.7,6.51,female,indigenous,post_sec_higher,0,1,0,0,1,emergency_shelter,0,1,0,0,1,1,0,0,0,other
2021,51.1,4.93,female,indigenous,post_sec_higher,0,1,0,0,1,emergency_shelter,0,1,1,0,0,0,0,0,1,disability
2021,29.9,5.85,female,indigenous,post_sec_higher,0,0,0,0,1,emergency_shelter,0,1,0,0,0,0,0,1,0,employment
2021,44.8,16.71,female,indigenous,post_sec_higher,0,0,0,0,1,emergency_shelter,0,1,0,0,0,0,0,0,0,welfare
2021,53.0,1.43,female,indigenous,post_sec_higher,0,0,0,0,1,emergency_shelter,0,1,0,0,0,0,0,0,0,informal
2021,38.1,5.32,female,indigenous,post_sec_higher,0,0,0,0,1,emergency_shelter,0,1,0,0,0,1,0,0,0,disability
2021,44.7,1.19,female,indigenous,post_sec_higher,0,0,0,0,1,emergency_shelter,0,1,0,1,0,0,0,0,1,other
2021,46.5,30.0,female,indigenous,post_sec_higher,0,0,0,0,1,emergency_shelter,0,1,0,0,0,0,0,0,0,welfare
2021,15.0,30.0,female,indigenous,post_sec_higher,0,0,0,0,1,emergency_shelter,1,1,0,1,0,0,0,0,0,welfare
2021,53.1,1.54,female,indigenous,post_sec_higher,0,0,0,0,1,emergency_shelter,0,1,0,1,0,0,0,0,0,other
2021,55.5,6.94,female,indigenous,post_sec_higher,0,0,0,0,1,respite,0,1,1,1,1,0,0,0,0,other
2021,51.1,3.7,female,indigenous,post_sec_higher,0,0,0,0,1,emergency_shelter,0,1,0,0,0,0,0,0,1,employment
2021,50.2,3.06,female,other,less_than_hs,1,0,0,0,1,emergency_shelter,0,0,0,0,1,0,0,0,0,welfare
2021,37.0,30.0,female,other,less_than_hs,1,0,0,0,1,emergency_shelter,0,0,0,1,0,1,0,0,0,welfare
2021,50.8,30.0,female,other,less_than_hs,0,1,1,0,1,emergency_shelter,0,0,0,0,0,0,0,0,0,welfare
2021,25.6,18.49,female,other,less_than_hs,0,1,1,0,1,emergency_shelter,0,0,0,1,0,0,0,1,0,welfare
2021,48.4,4.94,female,other,less_than_hs,0,1,1,0,1,emergency_shelter,0,0,0,0,0,0,0,0,0,disability
2021,29.3,14.14,female,other,less_than_hs,0,1,1,0,1,emergency_shelter,0,0,0,0,0,1,0,0,0,disability
2021,38.7,5.46,female,other,less_than_hs,0,1,1,0,1,emergency_shelter,0,0,0,0,0,0,0,0,0,disability
2021,44.8,1.51,female,other,less_than_hs,0,1,1,0,1,emergency_shelter,0,0,0,0,0,0,0,0,0,disability
2021,39.1,6.61,female,other,less_than_hs,0,1,1,0,1,emergency_shelter,0,0,0,0,0,0,0,0,0,disability
2021,26.4,26.32,female,other,less_than_hs,0,1,1,0,1,respite,0,0,0,0,0,0,0,0,0,informal
2021,67.9,24.67,female,other,less_than_hs,0,1,1,0,1,emergency_shelter,0,0,0,1,1,0,1,0,0,employment
2021,46.4,7.92,female,other,less_than_hs,0,1,1,0,1,respite,0,0,0,0,0,0,0,0,1,welfare
2021,68.0,4.38,female,other,less_than_hs,0,1,1,0,1,respite,0,0,0,0,0,0,1,0,0,other
2021,30.4,1.06,female,other,less_than_hs,0,1,1,0,1,emergency_shelter,0,0,0,0,0,0,0,1,0,employment
2021,39.6,3.54,female,other,less_than_hs,0,1,1,0,1,emergency_shelter,0,0,0,0,1,0,0,1,0,welfare
2021,46.0,30.0,female,other,less_than_hs,0,1,1,0,1,emergency_shelter,0,0,0,1,0,0,0,0,0,disability
2021,66.3,4.15,female,other,less_than_hs,0,1,0,0,1,emergency_shelter,0,0,0,0,0,0,0,1,0,disability
2021,58.1,29.9,female,other,less_than_hs,0,1,0,0,1,emergency_shelter,0,0,0,1,0,0,0,1,0,welfare
2021,39.6,3.76,female,other,less_than_hs,0,1,0,0,1,emergency_shelter,0,0,0,0,0,0,0,0,0,disability
2021,58.4,10.82,female,other,less_than_hs,0,1,0,0,1,respite,0,0,0,1,1,0,0,1,0,welfare
2021,39.8,5.74,female,other,less_than_hs,0,1,0,0,1,emergency_shelter,0,0,0,1,0,0,1,0,0,employment
2021,56.2,30.0,female,other,less_than_hs,0,1,0,0,1,emergency_shelter,0,0,0,0,0,1,0,1,0,other
2021,45.7,2.1,female,other,less_than_hs,0,1,0,0,1,emergency_shelter,0,0,0,0,0,0,0,0,0,employment
2021,20.5,5.07,female,other,less_than_hs,0,1,0,0,1,emergency_shelter,1,0,0,0,0,0,0,0,0,disability
2021,35.7,1.84,female,other,less_than_hs,0,1,0,0,1,emergency_shelter,0,0,0,0,0,0,0,0,0,welfare
2021,38.4,6.76,female,other,less_than_hs,0,0,1,0,1,emergency_shelter,0,0,0,0,0,0,0,1,1,employment
2021,60.3,30.0,female,other,less_than_hs,0,0,1,0,1,respite,0,0,0,1,0,0,0,1,0,employment
2021,42.4,4.63,female,other,less_than_hs,0,0,1,0,1,emergency_shelter,0,0,0,0,0,0,0,1,0,employment
2021,47.9,2.42,female,other,less_than_hs,0,0,1,0,1,other,0,0,0,0,0,0,0,0,0,other
2021,44.3,3.17,female,other,less_than_hs,0,0,0,0,1,emergency_shelter,0,0,0,1,0,0,0,1,0,welfare
2021,22.9,4.67,female,other,less_than_hs,0,0,0,0,1,emergency_shelter,1,0,0,1,0,0,0,0,0,disability
2021,36.0,8.77,female,other,less_than_hs,0,0,0,0,1,emergency_shelter,0,0,0,0,0,0,0,0,0,informal
2021,45.0,1.63,female,other,less_than_hs,0,0,0,0,1,emergency_shelter,0,0,1,0,0,0,0,0,0,welfare
2021,74.2,21.68,female,other,less_than_hs,0,0,0,0,1,emergency_shelter,0,0,0,0,1,0,0,0,0,disability
2021,51.2,3.91,female,other,less_than_hs,0,0,0,0,1,emergency_shelter,0,0,1,0,0,1,1,0,0,other
2021,48.2,10.43,female,other,less_than_hs,0,0,0,0,1,respite,0,0,0,0,0,0,0,0,0,disability
2021,69.7,30.0,female,other,less_than_hs,0,0,0,0,1,emergency_shelter,0,0,0,0,0,1,0,1,0,welfare
2021,54.2,5.84,female,other,less_than_hs,0,0,0,0,1,emergency_shelter,0,0,0,0,0,0,0,1,0,other
2021,56.2,2.58,female,other,less_than_hs,0,0,0,0,1,emergency_shelter,0,0,0,0,1,0,0,0,0,employment
2021,40.3,2.59,female,other,less_than_hs,0,0,0,0,1,emergency_shelter,0,0,0,0,1,0,1,0,0,disability
2021,28.3,1.38,female,other,less_than_hs,0,0,0,0,1,emergency_shelter,0,0,1,0,1,0,1,0,1,welfare
2021,49.7,15.77,female,other,less_than_hs,0,0,0,0,1,emergency_shelter,0,0,0,0,0,0,0,1,1,welfare
2021,71.5,3.35,female,other,less_than_hs,0,0,0,0,1,emergency_shelter,0,0,0,0,0,0,0,0,0,other
2021,67.2,2.21,female,other,less_than_hs,0,0,0,0,1,emergency_shelter,0,0,0,1,0,0,0,0,0,disability
2021,55.2,12.72,female,other,less_than_hs,0,0,0,0,1,emergency_shelter,0,0,0,1,1,0,0,0,0,welfare
2021,54.3,26.04,female,other,hs_graduate,1,0,0,0,1,emergency_shelter,0,0,0,1,0,0,0,1,0,informal
2021,21.4,4.26,female,other,hs_graduate,1,0,0,0,1,emergency_shelter,1,0,1,0,0,0,0,0,1,welfare
2021,77.0,11.75,female,other,hs_graduate,0,1,1,0,1,respite,0,0,0,0,0,0,0,0,0,welfare
2021,31.3,10.32,female,other,hs_graduate,0,1,1,0,1,respite,0,0,0,1,1,0,0,0,0,other
2021,42.8,2.99,female,other,hs_graduate,0,1,1,0,1,emergency_shelter,0,0,0,0,0,0,0,1,0,welfare
2021,29.6,30.0,female,other,hs_graduate,0,1,1,0,1,emergency_shelter,0,0,0,1,1,0,0,0,0,other
2021,52.1,7.15,female,other,hs_graduate,0,1,1,0,1,emergency_shelter,0,0,0,0,0,0,0,0,0,disability
2021,85.0,2.64,female,other,hs_graduate,0,1,1,0,1,emergency_shelter,0,0,0,0,0,0,0,0,0,welfare
2021,71.8,2.53,female,other,hs_graduate,0,1,1,0,1,emergency_shelter,0,0,0,1,0,0,0,0,1,disability
2021,57.8,19.75,female,other,hs_graduate,0,1,1,0,1,emergency_shelter,0,0,0,0,0,0,0,0,0,informal
2021,37.5,2.9,female,other,hs_graduate,0,1,1,0,1,emergency_shelter,0,0,0,1,0,0,0,0,0,welfare
2021,43.6,1.26,female,other,hs_graduate,0,1,1,0,1,emergency_shelter,0,0,0,0,1,1,0,1,0,welfare
2021,61.6,5.07,female,other,hs_graduate,0,1,1,0,1,emergency_shelter,0,0,0,0,0,0,0,0,0,welfare
2021,56.5,19.96,female,other,hs_graduate,0,1,1,0,1,respite,0,0,0,1,0,0,0,0,0,employment
2021,47.2,4.86,female,other,hs_graduate,0,1,1,0,1,emergency_shelter,0,0,0,1,0,0,0,1,0,disability
2021,48.0,18.63,female,other,hs_graduate,0,1,1,0,1,emergency_shelter,0,0,0,1,1,0,0,1,0,welfare
2021,24.1,20.41,female,other,hs_graduate,0,1,0,0,1,emergency_shelter,1,0,0,1,0,0,0,0,0,employment
2021,21.9,3.82,female,other,hs_graduate,0,1,0,0,1,emergency_shelter,1,0,0,1,1,0,0,1,1,welfare
2021,37.7,5.42,female,other,hs_graduate,0,1,0,0,1,emergency_shelter,0,0,0,1,0,0,0,1,0,informal
2021,21.1,30.0,female,other,hs_graduate,0,1,0,0,1,respite,1,0,0,1,0,0,0,0,0,welfare
2021,28.3,21.04,female,other,hs_graduate,0,1,0,0,1,emergency_shelter,0,0,0,0,0,0,0,0,0,welfare
2021,50.9,2.58,female,other,hs_graduate,0,1,0,0,1,emergency_shelter,0,0,0,0,0,0,0,0,0,other
2021,45.5,3.21,female,other,hs_graduate,0,1,0,0,1,respite,0,0,0,0,0,0,0,0,1,disability
2021,21.9,1.54,female,other,hs_graduate,0,1,0,0,1,emergency_shelter,1,0,0,0,0,0,0,1,0,welfare
2021,62.4,11.15,female,other,hs_graduate,0,1,0,0,1,respite,0,0,0,0,0,0,0,1,0,disability
2021,40.1,4.5,female,other,hs_graduate,0,0,1,0,1,emergency_shelter,0,0,0,0,0,0,0,0,0,welfare
2021,28.0,2.26,female,other,hs_graduate,0,0,1,0,1,emergency_shelter,0,0,0,0,0,0,0,0,0,welfare
2021,45.1,7.96,female,other,hs_graduate,0,0,1,0,1,emergency_shelter,0,0,0,0,0,0,0,1,0,informal
2021,61.2,21.85,female,other,hs_graduate,0,0,1,0,1,emergency_shelter,0,0,0,1,1,0,0,0,0,welfare
2021,47.4,5.66,female,other,hs_graduate,0,0,0,0,1,emergency_shelter,0,0,0,0,1,1,1,0,0,disability
2021,45.7,10.17,female,other,hs_graduate,0,0,0,0,1,emergency_shelter,0,0,0,0,0,0,0,1,0,disability
2021,44.2,2.71,female,other,hs_graduate,0,0,0,0,1,emergency_shelter,0,0,0,0,0,0,0,1,0,welfare
2021,61.1,11.22,female,other,hs_graduate,0,0,0,0,1,respite,0,0,0,1,0,0,0,0,0,informal
2021,60.2,20.22,female,other,hs_graduate,0,0,0,0,1,emergency_shelter,0,0,0,0,0,0,0,0,1,disability
2021,26.4,3.15,female,other,hs_graduate,0,0,0,0,1,emergency_shelter,0,0,0,0,0,1,0,0,0,disability
2021,59.2,2.44,female,other,hs_graduate,0,0,0,0,1,emergency_shelter,0,0,1,0,0,0,0,0,0,informal
2021,53.2,29.66,female,other,hs_graduate,0,0,0,0,1,emergency_shelter,0,0,0,0,1,1,0,0,0,other
2021,68.3,1.03,female,other,hs_graduate,0,0,0,0,1,emergency_shelter,0,0,0,1,0,0,0,1,0,welfare
2021,45.0,2.96,female,other,hs_graduate,0,0,0,0,1,respite,0,0,0,0,1,0,0,0,0,disability
2021,61.9,4.75,female,other,hs_graduate,0,0,0,0,1,emergency_shelter,0,0,0,0,0,1,0,0,1,employment
2021,52.6,10.93,female,other,hs_graduate,0,0,0,0,1,emergency_shelter,0,0,0,0,0,0,0,1,0,informal
2021,30.4,30.0,female,other,hs_graduate,0,0,0,0,1,other,0,0,0,0,0,0,0,1,0,welfare
2021,60.3,4.26,female,other,hs_graduate,0,0,0,0,1,emergency_shelter,0,0,0,1,0,0,0,0,0,disability
2021,57.3,30.0,female,other,hs_graduate,0,0,0,0,1,respite,0,0,0,0,0,0,0,0,0,employment
2021,36.9,4.2,female,other,hs_graduate,0,0,0,0,1,emergency_shelter,0,0,0,1,1,0,1,0,0,welfare
2021,50.1,6.44,female,other,some_post_sec,0,1,1,0,1,emergency_shelter,0,0,0,1,0,0,0,1,0,employment
2021,45.8,10.04,female,other,some_post_sec,0,1,1,0,1,emergency_shelter,0,0,0,0,0,0,0,0,0,welfare
2021,23.4,1.92,female,other,some_post_sec,0,1,1,0,1,emergency_shelter,1,0,0,0,0,0,0,1,0,other
2021,63.8,7.21,female,other,some_post_sec,0,1,1,0,1,emergency_shelter,0,0,0,0,0,0,0,0,0,other
2021,61.1,5.77,female,other,some_post_sec,0,1,1,0,1,emergency_shelter,0,0,0,1,0,0,0,1,0,welfare
2021,56.7,3.83,female,other,some_post_sec,0,1,1,0,1,emergency_shelter,0,0,0,0,1,0,1,0,1,disability
2021,50.4,9.26,female,other,some_post_sec,0,1,1,0,1,emergency_shelter,0,0,0,0,0,0,0,1,0,disability
2021,29.2,9.66,female,other,some_post_sec,0,1,1,0,1,emergency_shelter,0,0,0,1,0,0,0,0,0,employment
2021,58.2,30.0,female,other,some_post_sec,0,1,1,0,1,emergency_shelter,0,0,0,0,0,0,0,0,1,disability
2021,43.6,16.05,female,other,some_post_sec,0,1,0,0,1,emergency_shelter,0,0,0,0,0,0,0,0,1,disability
2021,65.9,10.98,female,other,some_post_sec,0,1,0,0,1,emergency_shelter,0,0,0,0,0,0,0,1,0,disability
2021,28.6,12.39,female,other,some_post_sec,0,1,0,0,1,emergency_shelter,0,0,0,1,1,0,0,0,1,welfare
2021,44.7,2.02,female,other,some_post_sec,0,1,0,0,1,emergency_shelter,0,0,0,0,0,0,0,0,0,welfare
2021,27.9,10.8,female,other,some_post_sec,0,1,0,0,1,emergency_shelter,0,0,0,0,0,0,0,0,0,employment
2021,41.6,5.37,female,other,some_post_sec,0,0,0,0,1,emergency_shelter,0,0,0,1,0,0,0,1,0,disability
2021,36.4,8.27,female,other,some_post_sec,0,0,0,0,1,emergency_shelter,0,0,0,0,1,1,0,0,0,welfare
2021,34.2,30.0,female,other,some_post_sec,0,0,0,0,1,emergency_shelter,0,0,0,1,1,1,0,0,0,disability
2021,45.6,3.15,female,other,some_post_sec,0,0,0,0,1,emergency_shelter,0,0,0,0,0,0,0,1,1,disability
2021,34.5,9.75,female,other,some_post_sec,0,0,0,0,1,emergency_shelter,0,0,0,1,0,0,0,1,0,welfare
2021,55.5,5.09,female,other,some_post_sec,0,0,0,0,1,emergency_shelter,0,0,0,0,0,0,1,0,1,welfare
2021,49.2,5.17,female,other,some_post_sec,0,0,0,0,1,emergency_shelter,0,0,1,1,1,0,0,1,0,welfare
2021,48.6,10.03,female,other,some_post_sec,0,0,0,0,1,emergency_shelter,0,0,0,0,1,0,0,0,0,welfare
2021,20.2,30.0,female,other,some_post_sec,0,0,0,0,1,emergency_shelter,1,0,0,1,0,1,1,0,0,employment
2021,46.4,25.87,female,other,some_post_sec,0,0,0,0,1,emergency_shelter,0,0,0,1,0,1,0,0,0,welfare
2021,39.6,9.77,female,other,some_post_sec,0,0,0,0,1,emergency_shelter,0,0,1,0,0,0,0,0,0,disability
2021,72.8,30.0,female,other,post_sec_higher,1,0,0,0,1,emergency_shelter,0,0,0,1,0,0,0,1,0,welfare
2021,38.4,1.82,female,other,post_sec_higher,1,0,0,0,1,emergency_shelter,0,0,0,1,0,0,0,1,0,welfare
2021,32.3,7.64,female,other,post_sec_higher,0,1,1,0,1,emergency_shelter,0,0,0,0,0,0,0,0,0,welfare
2021,50.3,16.16,female,other,post_sec_higher,0,1,1,0,1,emergency_shelter,0,0,0,0,0,0,0,1,0,disability
2021,68.9,6.51,female,other,post_sec_higher,0,1,1,0,1,emergency_shelter,0,0,0,0,0,0,0,0,0,disability
2021,37.1,19.34,female,other,post_sec_higher,0,1,1,0,1,emergency_shelter,0,0,0,0,0,0,0,0,0,disability
2021,42.5,30.0,female,other,post_sec_higher,0,1,1,0,1,emergency_shelter,0,0,0,1,0,0,0,1,0,welfare
2021,57.7,14.65,female,other,post_sec_higher,0,1,1,0,1,emergency_shelter,0,0,0,0,0,0,0,0,0,welfare
2021,59.2,14.3,female,other,post_sec_higher,0,1,1,0,1,emergency_shelter,0,0,0,0,0,0,0,1,0,disability
2021,42.0,8.23,female,other,post_sec_higher,0,1,1,0,1,emergency_shelter,0,0,0,1,1,1,0,1,0,welfare
2021,61.4,5.77,female,other,post_sec_higher,0,1,1,0,1,emergency_shelter,0,0,0,0,1,1,0,0,0,welfare
2021,53.4,30.0,female,other,post_sec_higher,0,1,1,0,1,respite,0,0,0,1,0,0,0,0,0,disability
2021,46.2,9.95,female,other,post_sec_higher,0,1,1,0,1,other,0,0,0,1,0,0,0,1,0,employment
2021,58.6,22.58,female,other,post_sec_higher,0,1,1,0,1,emergency_shelter,0,0,0,1,1,0,0,1,0,other
2021,56.7,6.39,female,other,post_sec_higher,0,1,1,0,1,emergency_shelter,0,0,0,1,0,0,0,0,0,welfare
2021,31.3,27.64,female,other,post_sec_higher,0,1,0,0,1,emergency_shelter,0,0,0,0,1,1,0,1,0,employment
2021,72.9,16.63,female,other,post_sec_higher,0,1,0,0,1,emergency_shelter,0,0,0,1,0,1,1,1,0,welfare
2021,26.9,1.35,female,other,post_sec_higher,0,1,0,0,1,respite,0,0,0,0,1,0,0,1,0,other
2021,29.0,3.64,female,other,post_sec_higher,0,1,0,0,1,emergency_shelter,0,0,0,0,0,1,0,1,1,employment
2021,38.5,6.93,female,other,post_sec_higher,0,1,0,0,1,other,0,0,0,0,0,0,0,0,0,welfare
2021,43.9,1.38,female,other,post_sec_higher,0,1,0,0,1,emergency_shelter,0,0,0,1,0,0,0,0,0,disability
2021,24.4,11.37,female,other,post_sec_higher,0,1,0,0,1,emergency_shelter,1,0,0,0,0,0,0,1,0,disability
2021,36.2,4.44,female,other,post_sec_higher,0,1,0,0,1,emergency_shelter,0,0,0,0,0,1,0,0,0,welfare
2021,34.9,4.61,female,other,post_sec_higher,0,1,0,0,1,emergency_shelter,0,0,0,0,0,0,0,0,0,welfare
2021,29.8,28.92,female,other,post_sec_higher,0,0,1,0,1,emergency_shelter,0,0,1,0,0,0,0,0,0,informal
2021,43.4,1.4,female,other,post_sec_higher,0,0,1,0,1,emergency_shelter,0,0,0,0,0,0,0,0,0,informal
2021,52.2,30.0,female,other,post_sec_higher,0,0,1,0,1,emergency_shelter,0,0,0,0,0,0,0,1,0,disability
2021,62.9,1.43,female,other,post_sec_higher,0,0,1,0,1,emergency_shelter,0,0,0,0,0,0,0,1,0,welfare
2021,66.9,8.19,female,other,post_sec_higher,0,0,0,0,1,respite,0,0,0,0,1,1,0,0,0,welfare
2021,44.5,4.07,female,other,post_sec_higher,0,0,0,0,1,emergency_shelter,0,0,0,0,0,0,0,0,0,disability
2021,48.1,3.38,female,other,post_sec_higher,0,0,0,0,1,emergency_shelter,0,0,0,0,0,0,0,1,1,employment
2021,58.8,4.81,female,other,post_sec_higher,0,0,0,0,1,emergency_shelter,0,0,0,1,1,0,0,1,0,disability
2021,68.3,5.57,female,other,post_sec_higher,0,0,0,0,1,emergency_shelter,0,0,0,0,0,0,0,1,0,disability
2021,45.5,3.77,female,other,post_sec_higher,0,0,0,0,1,respite,0,0,0,0,0,0,0,0,0,welfare
2021,63.6,2.98,female,other,post_sec_higher,0,0,0,0,1,emergency_shelter,0,0,0,1,0,1,0,0,0,welfare
2021,71.6,9.27,female,other,post_sec_higher,0,0,0,0,1,emergency_shelter,0,0,0,0,1,0,0,1,1,disability
2021,44.5,4.39,female,other,post_sec_higher,0,0,0,0,1,other,0,0,1,0,0,0,0,0,0,disability
2021,38.1,2.46,female,other,post_sec_higher,0,0,0,0,1,emergency_shelter,0,0,0,0,0,0,0,0,0,disability
2021,76.6,15.2,female,other,post_sec_higher,0,0,0,0,1,emergency_shelter,0,0,0,0,1,0,0,1,0,welfare
2021,61.7,13.22,female,other,post_sec_higher,0,0,0,0,1,respite,0,0,0,0,1,0,0,0,0,disability
2021,46.2,30.0,female,other,post_sec_higher,0,0,0,0,1,emergency_shelter,0,0,0,0,0,0,0,0,0,welfare
2021,55.1,7.44,female,other,post_sec_higher,0,0,0,0,1,emergency_shelter,0,0,0,0,1,0,0,0,0,disability
2021,31.4,3.2,female,other,post_sec_higher,0,0,0,0,1,emergency_shelter,0,0,0,1,0,1,0,0,0,welfare
2021,61.5,5.92,trans_nonbinary,black,less_than_hs,0,1,1,0,1,emergency_shelter,0,0,0,1,1,0,0,1,0,welfare
2021,39.0,4.57,trans_nonbinary,black,less_than_hs,0,1,1,0,1,emergency_shelter,0,0,0,0,0,0,0,1,0,other
2021,43.1,6.7,trans_nonbinary,black,less_than_hs,0,1,1,0,1,emergency_shelter,0,0,0,0,1,0,0,0,0,welfare
2021,33.4,2.41,trans_nonbinary,black,less_than_hs,0,1,1,0,1,emergency_shelter,0,0,0,0,0,0,0,0,0,other
2021,28.7,27.66,trans_nonbinary,black,less_than_hs,0,0,0,0,1,emergency_shelter,0,0,0,0,0,0,0,1,0,welfare
2021,21.5,12.52,trans_nonbinary,black,less_than_hs,0,0,0,0,1,emergency_shelter,1,0,0,0,0,0,0,0,1,welfare
2021,55.9,1.67,trans_nonbinary,black,less_than_hs,0,0,0,0,1,emergency_shelter,0,0,0,1,0,0,0,1,1,other
2021,49.6,1.02,trans_nonbinary,black,less_than_hs,0,0,0,0,1,emergency_shelter,0,0,0,1,0,0,0,1,1,disability
2021,42.8,2.37,trans_nonbinary,black,less_than_hs,0,0,0,0,1,emergency_shelter,0,0,0,1,0,0,0,0,0,other
2021,66.3,2.34,trans_nonbinary,black,less_than_hs,0,0,0,0,1,emergency_shelter,0,0,0,0,0,0,0,0,1,disability
2021,46.1,14.73,trans_nonbinary,black,hs_graduate,0,1,1,0,1,respite,0,0,0,0,1,0,0,0,0,welfare
2021,43.2,11.34,trans_nonbinary,black,hs_graduate,0,1,1,0,1,emergency_shelter,0,0,0,0,0,0,0,0,0,welfare
2021,75.2,10.13,trans_nonbinary,black,hs_graduate,0,1,1,0,1,emergency_shelter,0,0,0,1,0,0,0,0,0,disability
2021,30.6,1.17,trans_nonbinary,black,hs_graduate,0,1,1,0,1,emergency_shelter,0,0,0,0,0,0,1,0,0,other
2021,67.5,1.65,trans_nonbinary,black,hs_graduate,0,0,0,0,1,emergency_shelter,0,0,0,0,0,0,0,0,1,other
2021,38.8,8.95,trans_nonbinary,black,hs_graduate,0,0,0,0,1,other,0,0,0,0,0,0,0,0,1,welfare
2021,45.8,4.12,trans_nonbinary,black,hs_graduate,0,0,0,0,1,emergency_shelter,0,0,0,0,0,0,0,0,0,disability
2021,41.3,7.25,trans_nonbinary,black,hs_graduate,0,0,0,0,1,emergency_shelter,0,0,0,1,0,0,0,1,0,welfare
2021,66.2,1.57,trans_nonbinary,black,hs_graduate,0,0,0,0,1,emergency_shelter,0,0,0,0,0,0,1,0,0,employment
2021,57.3,8.26,trans_nonbinary,black,hs_graduate,0,0,0,0,1,emergency_shelter,0,0,1,0,0,0,0,0,0,other
2021,57.3,4.78,trans_nonbinary,black,some_post_sec,0,0,0,0,1,respite,0,0,0,0,0,0,0,0,0,welfare
2021,44.6,3.76,trans_nonbinary,black,post_sec_higher,0,1,1,0,1,emergency_shelter,0,0,0,1,1,0,0,0,0,welfare
2021,26.5,30.0,trans_nonbinary,black,post_sec_higher,0,1,1,0,1,emergency_shelter,0,0,0,0,1,0,0,0,0,welfare
2021,28.3,3.37,trans_nonbinary,black,post_sec_higher,0,1,1,0,1,emergency_shelter,0,0,1,0,1,0,0,0,0,disability
2021,50.0,16.52,trans_nonbinary,black,post_sec_higher,0,0,0,0,1,emergency_shelter,0,0,0,0,0,1,0,0,0,welfare
2021,33.0,30.0,trans_nonbinary,black,post_sec_higher,0,0,0,0,1,emergency_shelter,0,0,0,0,0,0,0,0,0,welfare
2021,35.3,2.48,trans_nonbinary,black,post_sec_higher,0,0,0,0,1,emergency_shelter,0,0,1,0,1,0,1,0,0,employment
2021,44.9,27.04,trans_nonbinary,black,post_sec_higher,0,0,0,0,1,emergency_shelter,0,0,0,0,0,0,0,0,0,other
2021,52.1,12.45,trans_nonbinary,black,post_sec_higher,0,0,0,0,1,emergency_shelter,0,0,0,0,0,0,0,1,1,disability
2021,63.5,30.0,trans_nonbinary,white,less_than_hs,0,1,1,0,1,emergency_shelter,0,0,0,1,0,0,0,0,1,welfare
2021,63.6,1.19,trans_nonbinary,white,less_than_hs,0,1,1,0,1,emergency_shelter,0,0,0,1,0,1,0,0,0,disability
2021,43.2,9.63,trans_nonbinary,white,less_than_hs,0,1,1,0,1,emergency_shelter,0,0,1,1,0,0,0,1,0,disability
2021,52.9,2.84,trans_nonbinary,white,less_than_hs,0,1,1,0,1,emergency_shelter,0,0,0,0,0,0,0,0,0,welfare
2021,58.9,13.44,trans_nonbinary,white,less_than_hs,0,1,1,0,1,emergency_shelter,0,0,0,0,0,0,0,0,0,disability
2021,39.7,16.17,trans_nonbinary,white,less_than_hs,0,1,1,0,1,respite,0,0,0,1,0,1,0,1,0,disability
2021,23.7,1.79,trans_nonbinary,white,less_than_hs,0,1,0,0,1,emergency_shelter,1,0,0,0,1,0,0,0,0,other
2021,41.8,1.43,trans_nonbinary,white,less_than_hs,0,0,0,0,1,respite,0,0,0,1,0,0,0,0,0,welfare
2021,73.9,2.4,trans_nonbinary,white,less_than_hs,0,0,0,0,1,emergency_shelter,0,0,0,0,0,0,0,0,0,disability
2021,51.7,4.75,trans_nonbinary,white,less_than_hs,0,0,0,0,1,emergency_shelter,0,0,0,1,0,0,0,0,0,other
2021,32.4,9.09,trans_nonbinary,white,less_than_hs,0,0,0,0,1,emergency_shelter,0,0,0,0,1,1,0,0,0,other
2021,15.0,1.99,trans_nonbinary,white,less_than_hs,0,0,0,0,1,emergency_shelter,1,0,0,0,0,0,0,0,0,disability
2021,49.3,4.37,trans_nonbinary,white,less_than_hs,0,0,0,0,1,emergency_shelter,0,0,0,0,0,0,0,0,0,other
2021,59.8,3.01,trans_nonbinary,white,less_than_hs,0,0,0,0,1,emergency_shelter,0,0,0,0,0,0,0,0,0,welfare
2021,72.1,9.97,trans_nonbinary,white,less_than_hs,0,0,0,0,1,emergency_shelter,0,0,0,1,0,1,0,1,1,other
2021,43.2,2.26,trans_nonbinary,white,hs_graduate,0,1,1,0,1,emergency_shelter,0,0,1,0,1,0,0,1,0,other
2021,25.1,17.55,trans_nonbinary,white,hs_graduate,0,1,1,0,1,emergency_shelter,0,0,0,0,1,1,1,1,0,welfare
2021,35.2,3.22,trans_nonbinary,white,hs_graduate,0,1,1,0,1,emergency_shelter,0,0,0,1,0,0,0,1,0,disability
2021,57.9,2.2,trans_nonbinary,white,hs_graduate,0,1,1,0,1,emergency_shelter,0,0,0,0,0,0,1,0,0,other
2021,55.2,30.0,trans_nonbinary,white,hs_graduate,0,1,1,0,1,emergency_shelter,0,0,0,0,0,0,0,1,0,welfare
2021,61.2,4.98,trans_nonbinary,white,hs_graduate,0,1,1,0,1,respite,0,0,0,0,0,0,1,1,0,employment
2021,24.9,1.9,trans_nonbinary,white,hs_graduate,0,1,0,0,1,respite,1,0,0,0,0,0,0,0,0,welfare
2021,54.1,30.0,trans_nonbinary,white,hs_graduate,0,0,0,0,1,emergency_shelter,0,0,0,0,1,0,0,0,0,welfare
2021,69.9,30.0,trans_nonbinary,white,hs_graduate,0,0,0,0,1,emergency_shelter,0,0,0,0,0,0,0,1,0,other
2021,33.8,4.65,trans_nonbinary,white,hs_graduate,0,0,0,0,1,other,0,0,0,0,0,1,0,0,0,informal
2021,40.0,2.38,trans_nonbinary,white,hs_graduate,0,0,0,0,1,emergency_shelter,0,0,0,0,0,0,0,1,0,disability
2021,66.3,5.64,trans_nonbinary,white,hs_graduate,0,0,0,0,1,other,0,0,0,0,0,0,0,0,0,disability
2021,41.9,23.13,trans_nonbinary,white,hs_graduate,0,0,0,0,1,emergency_shelter,0,0,0,1,0,0,0,0,0,disability
2021,56.7,5.55,trans_nonbinary,white,hs_graduate,0,0,0,0,1,respite,0,0,0,1,0,0,0,0,1,welfare
2021,64.0,3.82,trans_nonbinary,white,hs_graduate,0,0,0,0,1,emergency_shelter,0,0,0,0,0,0,0,0,0,informal
2021,66.0,30.0,trans_nonbinary,white,some_post_sec,0,1,1,0,1,emergency_shelter,0,0,0,0,0,0,0,1,0,welfare
2021,56.8,4.31,trans_nonbinary,white,some_post_sec,0,1,1,0,1,respite,0,0,0,0,0,0,0,0,0,welfare
2021,57.2,1.08,trans_nonbinary,white,some_post_sec,0,0,0,0,1,emergency_shelter,0,0,0,1,0,0,0,1,0,disability
2021,51.2,3.87,trans_nonbinary,white,some_post_sec,0,0,0,0,1,other,0,0,0,0,1,1,0,0,0,welfare
2021,65.9,16.0,trans_nonbinary,white,some_post_sec,0,0,0,0,1,emergency_shelter,0,0,0,1,0,0,0,0,0,disability
2021,55.8,4.71,trans_nonbinary,white,some_post_sec,0,0,0,0,1,emergency_shelter,0,0,0,0,0,0,0,0,0,disability
2021,71.7,4.07,trans_nonbinary,white,post_sec_higher,0,1,1,0,1,emergency_shelter,0,0,0,1,0,0,1,0,0,welfare
2021,15.0,5.65,trans_nonbinary,white,post_sec_higher,0,1,1,0,1,emergency_shelter,1,0,0,1,0,0,0,0,0,disability
2021,15.0,3.18,trans_nonbinary,white,post_sec_higher,0,1,1,0,1,emergency_shelter,1,0,0,1,0,0,0,1,0,other
2021,56.7,30.0,trans_nonbinary,white,post_sec_higher,0,1,1,0,1,emergency_shelter,0,0,0,0,0,0,0,0,0,other
2021,49.3,12.17,trans_nonbinary,white,post_sec_higher,0,1,1,0,1,emergency_shelter,0,0,0,1,1,0,0,0,0,informal
2021,55.4,4.54,trans_nonbinary,white,post_sec_higher,0,1,1,0,1,respite,0,0,0,0,0,1,0,1,0,welfare
2021,59.9,5.4,trans_nonbinary,white,post_sec_higher,0,1,0,0,1,emergency_shelter,0,0,0,1,0,0,0,0,0,informal
2021,35.4,3.5,trans_nonbinary,white,post_sec_higher,0,0,0,0,1,emergency_shelter,0,0,0,1,0,0,0,1,1,other
2021,38.0,30.0,trans_nonbinary,white,post_sec_higher,0,0,0,0,1,other,0,0,0,0,0,0,0,1,0,disability
2021,34.3,15.32,trans_nonbinary,white,post_sec_higher,0,0,0,0,1,respite,0,0,0,1,0,0,0,0,0,employment
2021,34.7,20.85,trans_nonbinary,white,post_sec_higher,0,0,0,0,1,emergency_shelter,0,0,0,0,1,0,0,0,0,welfare
2021,44.1,3.68,trans_nonbinary,white,post_sec_higher,0,0,0,0,1,respite,0,0,0,0,0,0,0,0,0,welfare
2021,39.1,4.39,trans_nonbinary,white,post_sec_higher,0,0,0,0,1,emergency_shelter,0,0,1,0,0,0,0,0,0,informal
2021,32.9,7.06,trans_nonbinary,white,post_sec_higher,0,0,0,0,1,emergency_shelter,0,0,0,0,0,0,0,0,0,employment
2021,71.3,5.43,trans_nonbinary,white,post_sec_higher,0,0,0,0,1,emergency_shelter,0,0,0,1,0,0,0,0,0,employment
2021,52.4,4.4,trans_nonbinary,other,less_than_hs,0,0,0,0,1,emergency_shelter,0,0,0,0,0,0,0,1,0,welfare
2021,45.1,2.02,trans_nonbinary,other,less_than_hs,0,0,0,0,1,emergency_shelter,0,0,0,1,0,0,0,0,0,disability
2021,27.4,4.8,trans_nonbinary,other,hs_graduate,0,0,0,0,1,emergency_shelter,0,0,0,0,0,0,0,0,0,disability
2021,39.1,4.48,trans_nonbinary,other,post_sec_higher,0,0,0,0,1,respite,0,0,0,1,1,0,0,1,0,disability
